gr_number,gr_line,receipt_date,po_number,po_line,branch_id,supplier_id,part_id,part_number,qty_received,qty_accepted,qty_rejected,unit_cost_usd,rejection_reason
5000000001,1,2023-01-03,4500000002,4,B001,S002,PT02202,431-9871,5,5,0,882.61,
5000000002,1,2023-01-03,4500000011,1,B002,S002,PT00514,496-8173,1,1,0,136.4,
5000000003,1,2023-01-03,4500000029,2,B003,S002,PT00558,144-5261,1,1,0,97.99,
5000000004,1,2023-01-03,4500000029,5,B003,S002,PT01673,387-8186,1,1,0,43.42,
5000000005,1,2023-01-03,4599999999,8,B003,S002,PT01714,158-7122,5,5,0,56.21,
5000000006,1,2023-01-03,4500000033,1,B003,S002,PT02460,239-8129,8,8,0,122.21,
5000000007,1,2022-09-05,4500000040,3,B004,S002,PT00105,326-9292,1,1,0,339.45,
5000000008,1,2023-01-03,4500000040,9,B004,S002,PT00391,9H-5308,1,1,0,252.54,
5000000009,1,2023-01-03,4500000040,11,B004,S002,PT02448,286-8338,3,3,0,287.94,
5000000010,1,2023-01-03,4500000052,3,B005,S002,PT04148,241-7216,2,2,0,1.23,
5000000011,1,2023-01-03,4500000052,4,B005,S002,PT04168,7T-9190,3,3,0,0.63,
5000000012,1,2023-01-03,4500000052,7,B005,S002,PT02149,309-6649,1,1,0,1444.5,
5000000013,1,2023-01-03,4500000052,19,B005,S002,PT00923,444-2676,1,1,0,744.36,
5000000014,1,2023-01-03,4500000052,21,B005,S002,PT04090,8D-2207,2,2,0,2.9,
5000000015,1,2023-01-03,4500000078,7,B007,S002,PT00751,1M-9842,1,1,0,6065.12,
5000000016,1,2023-01-03,4500000078,8,B007,S002,PT02292,304-1740,1,1,0,36.01,
5000000017,1,2023-01-03,4500000078,13,B007,S002,PT01918,8R-5417,2,2,0,54.45,
5000000018,1,2023-01-03,4500000087,5,B008,S002,PT00970,7V-2838,1,1,0,700.33,
5000000019,1,2023-01-03,4500000098,11,B009,S002,PT03941,402-3702,1,1,0,114.14,
5000000020,1,2023-01-03,4500000112,1,B010,S002,PT00526,2K-8811,3,3,0,142.61,
5000000021,1,2023-01-03,4500000112,7,B010,S002,PT03149,585-2754,1,1,0,109.54,
5000000022,1,2023-01-03,4500000128,4,B011,S002,PT03156,6X-2084,1,1,0,134.09,
5000000023,1,2023-01-03,4500000128,14,B011,S002,PT00433,130-3432,4,4,0,121.11,
5000000024,1,2022-09-05,4500000141,2,B012,S002,PT01234,6R-9794,1,1,0,23.7,
5000000025,1,2023-01-03,4500000145,1,B012,S003,PT01729,6L-2618,8,8,0,73.38,
5000000026,1,2023-01-03,4500000151,5,B013,S002,PT02188,5E-3401,6,6,0,713.73,
5000000027,1,2023-01-03,4500000151,6,B013,S002,PT01158,509-5435,1,1,0,148.68,
5000000028,1,2023-01-03,4500000167,7,B014,S002,PT04232,318-0201,3,3,0,1.06,
5000000029,1,2023-01-03,4500000191,7,B016,S002,PT01734,580-5568,1,1,0,76.32,
5000000030,1,2023-01-03,4500000216,1,B018,S002,PT01544,579-3703,1,1,0,219.67,
5000000031,1,2023-01-03,4500000216,6,B018,S002,PT03129,345-2288,1,1,0,663.3,
5000000032,1,2023-01-03,4500000216,12,B018,S002,PT01790,5A-3871,1,1,0,86.0,
5000000033,1,2023-01-03,4500000228,1,B018,S003,PT00454,134-6660,14,14,0,154.92,
5000000034,1,2023-01-03,4500000233,8,B019,S002,PT00788,6G-1288,1,1,0,102.76,
5000000035,1,2023-01-03,4500000242,1,B020,S002,PT00003,1R-0739,1,1,0,25.52,
5000000036,1,2023-01-03,4500000242,4,B020,S002,PT02245,269-6373,1,1,0,59.36,
5000000037,1,2023-01-03,4500000242,7,B020,S002,PT01772,5J-4540,1,1,0,37.38,
5000000038,1,2023-01-03,4500000242,17,B020,S002,PT03483,408-5869,1,1,0,33.72,
5000000039,1,2023-01-03,4500000256,15,B021,S002,PT02250,7S-5225,2,2,0,70.9,
5000000040,1,2023-01-03,4500000275,7,B022,S002,PT01170,357-8004,1,1,0,130.86,
5000000041,1,2023-01-03,4500000275,11,B022,S002,PT00904,1K-2641,1,1,0,966.35,
5000000042,1,2023-01-03,4500000283,3,B023,S002,PT01543,5H-5126,1,1,0,97.19,
5000000043,1,2023-01-03,4500000283,14,B023,S002,PT01707,255-8810,2,2,0,56.27,
5000000044,1,2023-01-03,4500000311,3,B025,S002,PT02572,186-7379,1,1,0,7471.24,
5000000045,1,2023-01-03,4500000311,7,B025,S002,PT04234,119-2312,1,1,0,0.96,
5000000046,1,2023-01-03,4500000311,9,B025,S002,PT01743,5E-2917,3,3,0,67.94,
5000000047,1,2023-01-03,4500000311,13,B025,S002,PT01888,393-9960,1,1,0,48.01,
5000000048,1,2023-01-03,4500000326,13,B026,S002,PT01477,462-1470,1,1,0,411.35,
5000000049,1,2023-01-03,4500000347,1,B027,S002,PT01116,228-2195,1,1,0,3981.31,
5000000050,1,2023-01-03,4500000347,2,B027,S002,PT01643,2K-6948,1,1,0,127.25,
5000000051,1,2023-01-03,4500000347,17,B027,S002,PT01485,227-5656,1,1,0,666.91,
5000000052,1,2023-01-03,4500000357,4,B028,S002,PT04133,578-6538,2,2,0,4.12,
5000000053,1,2023-01-03,4500000357,7,B028,S002,PT00594,394-1806,1,1,0,101.53,
5000000054,1,2023-01-03,4500000357,11,B028,S002,PT00240,443-9047,1,1,0,1566.13,
5000000055,1,2023-01-03,4500000357,12,B028,S002,PT02324,5R-2277,3,3,0,6.49,
5000000056,1,2023-01-03,4500000357,13,B028,S002,PT00283,2N-3570,1,1,0,394.72,
5000000057,1,2023-01-03,4500000357,14,B028,S002,PT02338,480-6394,2,2,0,8.43,
5000000058,1,2023-01-03,4500000357,19,B028,S002,PT04028,379-8777,6,6,0,1.66,
5000000059,1,2023-01-03,4500000357,20,B028,S002,PT04047,306-5087,5,5,0,2.79,
5000000060,1,2023-01-04,4500000001,2,B001,S001,PT02060,4G-7556,1,1,0,224.42,
5000000061,1,2023-01-04,4500000001,5,B001,S001,PT03168,552-4638,2,1,0,103.25,
5000000062,1,2023-01-04,4500000001,6,B001,S001,PT01658,311-4289,1,1,0,56.08,
5000000063,1,2023-01-04,4500000001,8,B001,S001,PT01712,4X-4451,1,1,0,52.46,
5000000064,1,2023-01-04,4500000001,9,B001,S001,PT01713,5G-7485,4,2,0,36.85,
5000000065,1,2023-01-04,4500000001,10,B001,S001,PT03799,4P-3717,1,1,0,652.48,
5000000066,1,2023-01-04,4500000001,12,B001,S001,PT02278,1L-5505,4,4,0,39.34,
5000000067,1,2023-01-04,4500000001,15,B001,S001,PT00371,102-2838,1,1,0,250.01,
5000000068,1,2023-01-04,4500000001,17,B001,S001,PT00421,4X-4483,5,5,0,152.79,
5000000069,1,2023-01-04,4500000001,23,B001,S001,PT00476,175-2965,3,3,0,99.79,
5000000070,1,2023-01-04,4500000002,1,B001,S002,PT01545,598-4554,1,1,0,89.65,
5000000071,1,2023-01-04,4500000002,2,B001,S002,PT00563,225-2219,3,3,0,65.32,
5000000072,1,2023-01-04,4500000002,3,B001,S002,PT02141,8G-8457,1,1,0,2244.92,
5000000073,1,2023-01-04,4500000002,5,B001,S002,PT02729,7W-7747,1,1,0,5967.38,
5000000074,1,2023-01-04,4500000002,6,B001,S002,PT00725,7H-7085,1,1,0,7502.12,
5000000075,1,2023-01-04,4500000002,7,B001,S002,PT02338,480-6394,2,2,0,8.43,
5000000076,1,2023-01-04,4500000002,8,B001,S002,PT01833,332-0887,1,1,0,2066.94,
5000000077,1,2023-01-04,4500000002,9,B001,S002,PT03939,464-7793,1,1,0,101.84,
5000000078,1,2023-01-04,4500000002,10,B001,S002,PT01902,282-9451,1,1,0,62.6,
5000000079,1,2023-01-04,4500000002,11,B001,S002,PT03960,6U-2212,18,18,0,2.54,
5000000080,1,2023-01-04,4500000002,12,B001,S002,PT00377,527-1509,3,3,0,273.21,
5000000081,1,2023-01-04,4500000002,13,B001,S002,PT00391,9H-5308,1,1,0,252.54,
5000000082,1,2023-01-04,4500000002,14,B001,S002,PT00392,5N-8987,1,1,0,271.22,
5000000083,1,2023-01-04,4500000002,15,B001,S002,PT00919,453-3186,1,1,0,622.85,
5000000084,1,2022-09-06,4500000002,16,B001,S002,PT00468,250-4496,9,9,0,90.37,
5000000085,1,2023-01-04,4500000002,17,B001,S002,PT04064,313-0432,1,1,0,2.38,
5000000086,1,2023-01-04,4500000002,18,B001,S002,PT04066,400-7975,24,24,0,2.01,
5000000087,1,2023-01-04,4500000002,19,B001,S002,PT00499,394-0225,2,2,0,121.07,
5000000088,1,2023-01-04,4500000003,4,B001,S003,PT00578,1M-5785,1,1,0,84.1,
5000000089,1,2023-01-04,4500000003,10,B001,S003,PT00258,332-9603,1,1,0,1267.96,
5000000090,1,2023-01-04,4500000003,15,B001,S003,PT00435,8U-1633,11,11,0,104.29,
5000000091,1,2023-01-04,4500000003,16,B001,S003,PT00948,167-2812,1,1,0,629.48,
5000000092,1,2023-01-04,4500000003,17,B001,S003,PT00456,5C-0033,1,1,0,94.46,
5000000093,1,2023-01-04,4500000003,18,B001,S003,PT00978,4H-4216,1,1,0,389.15,
5000000094,1,2023-01-04,4500000011,2,B002,S002,PT02584,511-9511,1,1,0,4748.41,
5000000095,1,2023-01-04,4500000011,3,B002,S002,PT04132,302-6972,1,1,0,3.53,
5000000096,1,2023-01-04,4500000011,4,B002,S002,PT00047,407-3385,1,1,0,259.83,
5000000097,1,2023-01-04,4500000011,5,B002,S002,PT02275,128-6304,2,2,0,79.05,
5000000098,1,2023-01-04,4500000011,6,B002,S002,PT00307,536-5699,1,1,0,403.39,
5000000099,1,2023-01-04,4500000011,7,B002,S002,PT03950,3A-4675,1,1,0,76.2,
5000000100,1,2023-01-04,4500000011,8,B002,S002,PT00377,527-1509,6,6,0,273.21,
5000000101,1,2023-01-04,4500000011,9,B002,S002,PT01436,1W-0500,1,1,0,1005.71,
5000000102,1,2023-01-04,4500000011,10,B002,S002,PT03051,6U-1588,1,1,0,661.96,
5000000103,1,2023-01-04,4500000012,1,B002,S001,PT02093,4R-7406,1,1,0,236.55,
5000000104,1,2023-01-04,4500000012,2,B002,S001,PT01590,8A-9900,1,1,0,319.91,
5000000105,1,2023-01-04,4500000012,5,B002,S001,PT00229,306-2978,1,1,0,2695.45,
5000000106,1,2023-01-04,4500000014,3,B002,S003,PT01149,6H-9176,1,1,0,112.95,
5000000107,1,2023-01-04,4500000014,5,B002,S003,PT02227,6M-7556,1,1,0,669.93,
5000000108,1,2023-01-04,4500000014,9,B002,S003,PT03988,100-7705,3,3,0,2.98,
5000000109,1,2023-01-04,4500000014,12,B002,S003,PT00485,3A-7154,2,2,0,116.69,
5000000110,1,2023-01-04,4500000026,1,B003,S003,PT04105,3V-0445,2,1,1,5.01,Damaged in transit
5000000111,1,2023-01-04,4500000026,2,B003,S003,PT03598,3N-6874,1,1,0,119.33,
5000000112,1,2023-01-04,4500000026,3,B003,S003,PT00539,443-9585,1,1,0,55.05,
5000000113,1,2023-01-04,4500000026,5,B003,S003,PT03654,360-7017,1,1,0,151.46,
5000000114,1,2023-01-04,4500000026,9,B003,S003,PT01681,360-4865,1,1,0,25.39,
5000000115,1,2023-01-04,4500000026,14,B003,S003,PT02307,125-3557,5,5,0,81.9,
5000000116,1,2023-01-04,4500000026,15,B003,S003,PT00265,281-7308,1,1,0,140.92,
5000000117,1,2023-01-04,4500000026,22,B003,S003,PT02027,2G-4957,1,1,0,72.08,
5000000118,1,2023-01-04,4500000027,6,B003,S001,PT00181,550-2305,1,1,0,406.79,
5000000119,1,2023-01-04,4500000027,8,B003,S001,PT02259,258-6874,1,1,0,71.09,
5000000120,1,2023-01-04,4500000027,10,B003,S001,PT03822,8J-3676,1,1,0,1394.66,
5000000121,1,2023-01-04,4500000027,14,B003,S001,PT02479,5C-5763,1,1,0,2223.4,
5000000122,1,2023-01-04,4500000027,15,B003,S001,PT03511,7H-6357,1,1,0,17.44,
5000000123,1,2023-01-04,4500000027,18,B003,S001,PT01015,7F-6166,1,1,0,754.79,
5000000124,1,2023-01-04,4500000029,1,B003,S002,PT00040,4V-8944,1,1,0,123.48,
5000000125,1,2023-01-04,4500000029,3,B003,S002,PT02635,5F-0693,1,1,0,8596.95,
5000000126,1,2023-01-04,4500000029,4,B003,S002,PT01636,6L-7962,1,1,0,111.97,
5000000127,1,2023-01-04,4500000029,6,B003,S002,PT01690,7D-1694,1,1,0,29.29,
5000000128,1,2023-01-04,4500000029,7,B003,S002,PT03238,5R-6600,1,1,0,455.2,
5000000129,1,2023-01-04,4500000029,9,B003,S002,PT03252,5W-4119,1,1,0,653.51,
5000000130,1,2023-01-04,4500000029,10,B003,S002,PT03300,1F-5240,1,1,0,1635.96,
5000000131,1,2023-01-04,4500000029,11,B003,S002,PT02438,399-9891,3,3,0,113.71,
5000000132,1,2023-01-04,4500000029,12,B003,S002,PT03483,408-5869,1,1,0,33.72,
5000000133,1,2023-01-04,4500000029,13,B003,S002,PT01477,462-1470,1,1,0,411.35,
5000000134,1,2023-01-04,4500000029,14,B003,S002,PT02519,478-1355,1,1,0,4115.96,
5000000135,1,2023-01-04,4500000029,15,B003,S002,PT00991,1B-9697,1,1,0,712.85,
5000000136,1,2023-01-04,4500000037,2,B004,S001,PT00545,8C-8423,1,1,0,124.4,
5000000137,1,2023-01-04,4500000037,5,B004,S001,PT02092,4M-8299,1,1,0,502.83,
5000000138,1,2023-01-04,4500000037,10,B004,S001,PT04237,6D-9015,10,10,0,1.58,
5000000139,1,2023-01-04,4500000037,11,B004,S001,PT00142,260-2776,1,1,0,498.48,
5000000140,1,2023-01-04,4500000037,17,B004,S001,PT02323,6G-0735,5,5,0,3.78,
5000000141,1,2023-01-04,4500000037,22,B004,S001,PT03497,560-0531,1,1,0,30.87,
5000000142,1,2023-01-04,4500000037,24,B004,S001,PT00481,2H-6111,2,2,0,205.48,
5000000143,1,2023-01-04,4500000040,1,B004,S002,PT04142,1S-0348,1,1,0,0.69,
5000000144,1,2023-01-04,4500000040,2,B004,S002,PT01638,2T-6473,1,1,0,199.04,
5000000145,1,2023-01-04,4500000040,4,B004,S002,PT02202,431-9871,1,1,0,882.61,
5000000146,1,2023-01-04,4500000040,5,B004,S002,PT01691,5F-3363,2,2,0,31.4,
5000000147,1,2023-01-04,4500000040,6,B004,S002,PT02225,513-7663,1,1,0,1368.59,
5000000148,1,2023-01-04,4500000040,7,B004,S002,PT03270,210-1199,1,1,0,678.67,
5000000149,1,2023-01-04,4500000040,8,B004,S002,PT01284,7S-4930,1,1,0,37.86,
5000000150,1,2023-01-04,4500000040,10,B004,S002,PT03984,208-4107,3,3,0,2.97,
5000000151,1,2023-01-04,4500000040,12,B004,S002,PT00411,9X-1309,5,5,0,488.9,
5000000152,1,2023-01-04,4500000040,13,B004,S002,PT03059,5X-3168,1,1,0,1177.1,
5000000153,1,2023-01-04,4500000041,2,B004,S003,PT02179,462-9141,1,1,0,665.38,
5000000154,1,2023-01-04,4500000041,3,B004,S003,PT00169,8C-8411,1,1,0,565.2,
5000000155,1,2023-01-04,4500000041,6,B004,S003,PT01742,2T-7074,8,8,0,34.75,
5000000156,1,2023-01-04,4500000041,11,B004,S003,PT01391,318-0136,1,1,0,473.11,
5000000157,1,2023-01-04,4500000041,14,B004,S003,PT01988,112-9095,1,1,0,63.58,
5000000158,1,2023-01-04,4500000045,1,B004,S031,PT00787,235-3809,1,1,0,104.89,
5000000159,1,2023-01-04,4500000051,1,B005,S003,PT03605,4W-5063,1,1,0,233.51,
5000000160,1,2023-01-04,4500000051,4,B005,S003,PT04188,359-7947,2,2,0,1.4,
5000000161,1,2023-01-04,4500000051,6,B005,S003,PT01153,283-1523,1,1,0,246.22,
5000000162,1,2023-01-04,4500000051,8,B005,S003,PT03735,3R-4105,1,1,0,52.29,
5000000163,1,2023-01-04,4500000051,16,B005,S003,PT03964,392-6922,1,1,0,1.35,
5000000164,1,2023-01-04,4500000051,17,B005,S003,PT03453,144-8669,1,1,0,1578.86,
5000000165,1,2023-01-04,4500000051,18,B005,S003,PT03972,400-5573,2,2,0,1.28,
5000000166,1,2023-01-04,4500000051,22,B005,S003,PT03531,503-2456,1,1,0,15.66,
5000000167,1,2023-01-04,4500000051,26,B005,S003,PT00491,2W-4303,2,2,0,116.49,
5000000168,1,2023-01-04,4500000052,1,B005,S002,PT03613,4L-9849,1,1,0,219.71,
5000000169,1,2023-01-04,4500000052,2,B005,S002,PT02596,447-3888,1,1,0,9691.84,
5000000170,1,2023-01-04,4500000052,5,B005,S002,PT04174,325-6593,1,1,0,1.15,
5000000171,1,2023-01-04,4500000052,6,B005,S002,PT04197,583-7049,6,6,0,1.28,
5000000172,1,2023-01-04,4500000052,8,B005,S002,PT01185,383-0799,1,1,0,180.4,
5000000173,1,2023-01-04,4500000052,9,B005,S002,PT01226,247-4306,1,1,0,125.1,
5000000174,1,2023-01-04,4500000052,10,B005,S002,PT02257,7B-3852,1,1,0,63.64,
5000000175,1,2023-01-04,4500000052,11,B005,S002,PT01747,406-9949,1,1,0,90.81,
5000000176,1,2023-01-04,4500000052,12,B005,S002,PT01763,564-5379,3,2,1,73.25,Damaged in transit
5000000177,1,2023-01-04,4500000052,13,B005,S002,PT01275,3K-5015,1,1,0,26.44,
5000000178,1,2023-01-04,4500000052,14,B005,S002,PT00255,2S-2192,1,1,0,2639.38,
5000000179,1,2023-01-04,4500000052,15,B005,S002,PT01802,137-3187,1,1,0,2326.83,
5000000180,1,2023-01-04,4500000052,16,B005,S002,PT01872,340-0835,1,1,0,66.67,
5000000181,1,2023-01-04,4500000052,17,B005,S002,PT02403,595-7361,2,2,0,5.56,
5000000182,1,2023-01-04,4500000052,18,B005,S002,PT01921,3U-3490,1,1,0,62.87,
5000000183,1,2023-01-04,4500000053,1,B005,S001,PT01575,4J-1038,1,1,0,217.15,
5000000184,1,2023-01-04,4500000053,6,B005,S001,PT02268,4G-3550,1,1,0,55.3,
5000000185,1,2023-01-04,4500000053,10,B005,S001,PT00423,2B-1165,2,2,0,201.8,
5000000186,1,2023-01-04,4500000061,1,B006,S003,PT00001,1R-0750,2,2,0,33.44,
5000000187,1,2023-01-04,4500000061,3,B006,S003,PT02591,9S-8950,1,1,0,6823.85,
5000000188,1,2023-01-04,4500000061,9,B006,S003,PT01718,8X-5006,1,1,0,22.59,
5000000189,1,2023-01-04,4500000062,2,B006,S001,PT03599,353-8329,1,1,0,265.08,
5000000190,1,2023-01-04,4500000062,7,B006,S001,PT03843,494-0908,1,1,0,583.47,
5000000191,1,2023-01-04,4500000062,8,B006,S001,PT00263,267-7540,1,1,0,277.59,
5000000192,1,2023-01-04,4500000062,9,B006,S001,PT00270,9I-4590,1,1,0,209.6,
5000000193,1,2023-01-04,4500000062,11,B006,S001,PT01358,487-3360,1,1,0,688.93,
5000000194,1,2023-01-04,4500000062,13,B006,S001,PT00344,373-6759,1,1,0,3683.66,
5000000195,1,2023-01-04,4500000062,16,B006,S001,PT02408,4V-3374,2,2,0,154.7,
5000000196,1,2023-01-04,4500000062,17,B006,S001,PT00884,443-1675,1,1,0,3140.14,
5000000197,1,2023-01-04,4500000065,1,B006,S002,PT03668,545-3037,1,1,0,250.73,
5000000198,1,2023-01-04,4500000065,2,B006,S002,PT01659,7V-3911,5,5,0,40.96,
5000000199,1,2023-01-04,4500000065,3,B006,S002,PT00695,125-1414,1,1,0,5774.75,
5000000200,1,2023-01-04,4500000065,4,B006,S002,PT02747,4J-6035,1,1,0,5387.93,
5000000201,1,2023-01-04,4500000065,5,B006,S002,PT01743,5E-2917,1,1,0,67.94,
5000000202,1,2023-01-04,4500000065,6,B006,S002,PT01747,406-9949,2,2,0,90.81,
5000000203,1,2023-01-04,4500000065,7,B006,S002,PT04313,2R-6607,1,1,0,13873.58,
5000000204,1,2023-01-04,4500000065,8,B006,S002,PT00219,285-9988,1,1,0,1736.13,
5000000205,1,2023-01-04,4500000065,9,B006,S002,PT01786,8M-1538,2,2,0,84.53,
5000000206,1,2023-01-04,4500000065,10,B006,S002,PT01928,2L-6710,1,1,0,72.37,
5000000207,1,2023-01-04,4500000065,11,B006,S002,PT02987,201-9880,1,1,0,3850.97,
5000000208,1,2023-01-04,4500000065,12,B006,S002,PT00441,5968532,1,1,0,156.07,
5000000209,1,2023-01-04,4500000065,13,B006,S002,PT04063,263-0063,7,7,0,1.59,
5000000210,1,2023-01-04,4500000065,14,B006,S002,PT04090,8D-2207,6,6,0,2.9,
5000000211,1,2023-01-04,4500000065,15,B006,S002,PT04093,6V-7738,5,5,0,3.44,
5000000212,1,2023-01-04,4500000073,10,B007,S003,PT02280,7T-7176,1,1,0,36.85,
5000000213,1,2023-01-04,4500000073,11,B007,S003,PT04345,528-8164,1,1,0,7428.14,
5000000214,1,2023-01-04,4500000074,7,B007,S001,PT02186,4D-0579,1,1,0,696.71,
5000000215,1,2023-01-04,4500000074,11,B007,S001,PT01751,492-1705,1,1,0,36.0,
5000000216,1,2023-01-04,4500000074,14,B007,S001,PT00244,9T-0651,1,1,0,2694.58,
5000000217,1,2023-01-04,4500000074,17,B007,S001,PT01351,5X-0405,1,1,0,810.49,
5000000218,1,2023-01-04,4500000074,22,B007,S001,PT02003,275-5311,1,1,0,81.11,
5000000219,1,2023-01-04,4500000078,1,B007,S002,PT02600,9J-4642,1,1,0,11657.92,
5000000220,1,2023-01-04,4500000078,2,B007,S002,PT02098,2V-6777,1,1,0,458.88,
5000000221,1,2023-01-04,4500000078,3,B007,S002,PT02202,431-9871,1,1,0,882.61,
5000000222,1,2023-01-04,4500000078,4,B007,S002,PT03745,6U-0454,1,1,0,63.5,
5000000223,1,2023-01-04,4500000078,5,B007,S002,PT02241,5N-7132,1,1,0,1388.89,
5000000224,1,2023-01-04,4500000078,6,B007,S002,PT02286,4G-2301,2,2,0,36.38,
5000000225,1,2023-01-04,4500000078,9,B007,S002,PT01794,7K-3204,1,1,0,40.34,
5000000226,1,2023-01-04,4500000078,10,B007,S002,PT00806,317-0470,1,1,0,80.28,
5000000227,1,2023-01-04,4500000078,11,B007,S002,PT01850,367-1004,1,1,0,3283.48,
5000000228,1,2023-01-04,4500000078,12,B007,S002,PT00367,4F-3985,1,1,0,403.61,
5000000229,1,2023-01-04,4500000078,14,B007,S002,PT02434,148-1228,2,2,0,129.06,
5000000230,1,2023-01-04,4500000078,15,B007,S002,PT02481,123-2312,1,1,0,4025.44,
5000000231,1,2023-01-04,4500000078,16,B007,S002,PT01997,4K-6614,1,1,0,55.66,
5000000232,1,2023-01-04,4500000078,17,B007,S002,PT03580,461-8700,1,1,0,188.7,
5000000233,1,2023-01-04,4500000078,18,B007,S002,PT02047,554-4079,1,1,0,309.96,
5000000234,1,2023-01-04,4500000087,1,B008,S002,PT00772,4X-4125,1,1,0,63.42,
5000000235,1,2023-01-04,4500000087,2,B008,S002,PT03643,515-8490,1,1,0,283.31,
5000000236,1,2023-01-04,4500000087,3,B008,S002,PT00600,9E-1533,1,1,0,100.44,
5000000237,1,2023-01-04,4500000087,4,B008,S002,PT01460,6I-0860,1,1,0,1000.28,
5000000238,1,2023-01-04,4500000087,6,B008,S002,PT01759,9U-3723,1,1,0,31.06,
5000000239,1,2023-01-04,4500000087,7,B008,S002,PT00738,5D-7222,1,1,0,4375.69,
5000000240,1,2023-01-04,4500000087,8,B008,S002,PT03059,5X-3168,1,1,0,1177.1,
5000000241,1,2023-01-04,4500000087,9,B008,S002,PT00505,1M-1092,2,2,0,123.18,
5000000242,1,2023-01-04,4500000088,2,B008,S003,PT01289,206-6376,1,1,0,15.12,
5000000243,1,2023-01-04,4500000088,4,B008,S003,PT02106,196-6747,1,1,0,523.08,
5000000244,1,2023-01-04,4500000088,7,B008,S003,PT00413,8C-6717,1,1,0,140.67,
5000000245,1,2023-01-04,4500000088,8,B008,S003,PT00693,3R-2105,1,1,0,5673.54,
5000000246,1,2023-01-04,4500000090,1,B008,S001,PT04134,578-5732,1,1,0,4.5,
5000000247,1,2023-01-04,4500000090,2,B008,S001,PT01575,4J-1038,1,1,0,217.15,
5000000248,1,2023-01-04,4500000090,3,B008,S001,PT01361,1P-3905,1,1,0,958.74,
5000000249,1,2023-01-04,4500000090,4,B008,S001,PT03969,2A-0494,1,1,0,1.26,
5000000250,1,2023-01-04,4500000097,1,B009,S003,PT00001,1R-0750,1,1,0,33.44,
5000000251,1,2023-01-04,4500000097,11,B009,S003,PT03345,4G-5561,1,1,0,3296.33,
5000000252,1,2023-01-04,4500000097,13,B009,S003,PT01877,561-7711,1,1,0,43.82,
5000000253,1,2023-01-04,4500000097,14,B009,S003,PT01879,6W-3769,1,1,0,69.35,
5000000254,1,2023-01-04,4500000097,15,B009,S003,PT00880,5J-6405,1,1,0,4975.39,
5000000255,1,2023-01-04,4500000097,18,B009,S003,PT00924,6S-5454,1,1,0,678.22,
5000000256,1,2023-01-04,4500000097,19,B009,S003,PT00507,239-6082,1,1,0,94.71,
5000000257,1,2023-01-04,4500000098,1,B009,S002,PT01544,579-3703,1,1,0,219.67,
5000000258,1,2023-01-04,4500000098,2,B009,S002,PT04132,302-6972,3,3,0,3.53,
5000000259,1,2023-01-04,4500000098,3,B009,S002,PT03702,262-5013,1,1,0,157.15,
5000000260,1,2023-01-04,4500000098,4,B009,S002,PT03200,7U-1522,1,1,0,357.77,
5000000261,1,2023-01-04,4500000098,5,B009,S002,PT00130,1X-7917,1,1,0,368.75,
5000000262,1,2023-01-04,4500000098,6,B009,S002,PT02176,295-3720,1,1,0,793.59,
5000000263,1,2023-01-04,4500000098,7,B009,S002,PT04241,265-7865,2,2,0,1.42,
5000000264,1,2023-01-04,4500000098,8,B009,S002,PT01734,580-5568,1,1,0,76.32,
5000000265,1,2023-01-04,4500000098,9,B009,S002,PT03856,593-2563,1,1,0,498.03,
5000000266,1,2023-01-04,4500000098,10,B009,S002,PT02342,420-5897,2,2,0,8.92,
5000000267,1,2023-01-04,4500000098,12,B009,S002,PT03974,1X-8376,1,1,0,1.07,
5000000268,1,2023-01-04,4500000098,13,B009,S002,PT02456,9N-1029,1,1,0,118.62,
5000000269,1,2023-01-04,4500000098,14,B009,S002,PT02462,317-5745,1,1,0,242.72,
5000000270,1,2023-01-04,4500000098,15,B009,S002,PT01463,286-4385,1,1,0,1191.12,
5000000271,1,2023-01-04,4500000098,16,B009,S002,PT04047,306-5087,4,4,0,2.79,
5000000272,1,2023-01-04,4500000103,2,B009,S001,PT03135,372-5298,1,1,0,84.59,
5000000273,1,2023-01-04,4500000103,8,B009,S001,PT02340,299-1024,2,2,0,6.04,
5000000274,1,2023-01-04,4500000103,11,B009,S001,PT02447,321-5006,1,1,0,160.49,
5000000275,1,2023-01-04,4500000112,2,B010,S002,PT00020,2U-3248,1,1,0,193.05,
5000000276,1,2023-01-04,4500000112,3,B010,S002,PT01557,320-0711,1,1,0,178.83,
5000000277,1,2023-01-04,4500000112,4,B010,S002,PT02069,9Y-2316,1,1,0,475.88,
5000000278,1,2023-01-04,4500000112,6,B010,S002,PT02619,513-8509,1,1,0,4525.44,
5000000279,1,2023-01-04,4500000112,8,B010,S002,PT01676,346-8694,3,3,0,43.42,
5000000280,1,2023-01-04,4500000112,9,B010,S002,PT01166,598-4404,1,1,0,208.51,
5000000281,1,2023-01-04,4500000112,10,B010,S002,PT02723,456-9223,1,1,0,10268.48,
5000000282,1,2023-01-04,4500000112,11,B010,S002,PT02211,1M-7499,1,1,0,687.29,
5000000283,1,2023-01-04,4500000112,12,B010,S002,PT03343,9R-3862,1,1,0,2363.3,
5000000284,1,2023-01-04,4500000112,13,B010,S002,PT00369,210-4985,6,6,0,224.46,
5000000285,1,2023-01-04,4500000112,14,B010,S002,PT02418,8T-1447,1,1,0,215.96,
5000000286,1,2023-01-04,4500000112,15,B010,S002,PT00899,158-7312,1,1,0,808.66,
5000000287,1,2023-01-04,4500000112,16,B010,S002,PT01442,1V-1384,1,1,0,1003.1,
5000000288,1,2023-01-04,4500000112,17,B010,S002,PT01958,3R-2359,1,1,0,70.65,
5000000289,1,2023-01-04,4500000112,18,B010,S002,PT03530,277-3706,1,1,0,30.48,
5000000290,1,2023-01-04,4500000114,4,B010,S003,PT01620,153-7445,1,1,0,158.88,
5000000291,1,2023-01-04,4500000114,5,B010,S003,PT00082,300-0682,1,1,0,104.46,
5000000292,1,2023-01-04,4500000114,10,B010,S003,PT01728,7D-3197,2,2,0,38.1,
5000000293,1,2023-01-04,4500000114,13,B010,S003,PT02295,137-7034,1,1,0,51.83,
5000000294,1,2023-01-04,4500000114,20,B010,S003,PT00353,271-5490,1,1,0,461.56,
5000000295,1,2023-01-04,4500000114,23,B010,S003,PT00454,134-6660,2,2,0,154.92,
5000000296,1,2023-01-04,4500000114,26,B010,S003,PT00485,3A-7154,1,1,0,116.69,
5000000297,1,2023-01-04,4500000114,27,B010,S003,PT00508,304-5215,1,1,0,64.59,
5000000298,1,2023-01-04,4500000115,2,B010,S001,PT02623,348-9142,1,1,0,10220.91,
5000000299,1,2023-01-04,4500000115,4,B010,S001,PT00609,3M-4147,1,1,0,161.35,
5000000300,1,2023-01-04,4500000115,5,B010,S001,PT01647,3W-3165,1,1,0,228.61,
5000000301,1,2023-01-04,4500000115,9,B010,S001,PT02251,7F-5298,1,1,0,35.34,
5000000302,1,2023-01-04,4500000115,14,B010,S001,PT01920,4I-0069,1,1,0,42.25,
5000000303,1,2023-01-04,4500000115,20,B010,S001,PT00439,449-5069,1,1,0,210.86,
5000000304,1,2023-01-04,4500000127,1,B011,S001,PT01034,169-6359,1,1,0,409.09,
5000000305,1,2023-01-04,4500000127,7,B011,S001,PT01672,112-9912,1,1,0,53.56,
5000000306,1,2023-01-04,4500000127,10,B011,S001,PT01710,166-3942,2,2,0,36.47,
5000000307,1,2023-01-04,4500000127,12,B011,S001,PT04361,277-4413,1,1,0,180.87,
5000000308,1,2023-01-04,4500000127,13,B011,S001,PT02404,3T-2533,1,1,0,3.93,
5000000309,1,2023-01-04,4500000127,14,B011,S001,PT02421,6U-5728,1,1,0,316.17,
5000000310,1,2023-01-04,4500000127,18,B011,S001,PT03520,9W-9937,1,1,0,34.63,
5000000311,1,2023-01-04,4500000127,19,B011,S001,PT02037,7X-6752,1,1,0,321.83,
5000000312,1,2023-01-04,4500000128,1,B011,S002,PT00526,2K-8811,4,4,0,142.61,
5000000313,1,2023-01-04,4500000128,2,B011,S002,PT04174,325-6593,1,1,0,1.15,
5000000314,1,2023-01-04,4500000128,3,B011,S002,PT01619,157-7825,1,1,0,254.49,
5000000315,1,2023-01-04,4500000128,5,B011,S002,PT02152,6P-1035,1,1,0,1441.23,
5000000316,1,2023-01-04,4500000128,6,B011,S002,PT00638,9G-3263,1,1,0,83.62,
5000000317,1,2023-01-04,4500000128,7,B011,S002,PT01673,387-8186,1,1,0,43.42,
5000000318,1,2023-01-04,4500000128,8,B011,S002,PT01690,7D-1694,2,2,0,29.29,
5000000319,1,2023-01-04,4500000128,9,B011,S002,PT02218,564-7237,1,1,0,755.52,
5000000320,1,2023-01-04,4500000128,10,B011,S002,PT02241,5N-7132,1,1,0,1388.89,
5000000321,1,2023-01-04,4500000128,12,B011,S002,PT01870,142-0879,1,1,0,41.95,
5000000322,1,2023-01-04,4500000128,13,B011,S002,PT00377,527-1509,4,4,0,273.21,
5000000323,1,2023-01-04,4500000130,3,B011,S003,PT04172,178-6057,2,2,0,0.99,
5000000324,1,2023-01-04,4500000130,5,B011,S003,PT01149,6H-9176,1,1,0,112.95,
5000000325,1,2023-01-04,4500000130,7,B011,S003,PT00178,7G-8873,1,1,0,328.85,
5000000326,1,2023-01-04,4500000130,8,B011,S003,PT02233,1P-3405,1,1,0,1402.95,
5000000327,1,2023-01-04,4500000130,13,B011,S003,PT01349,362-9261,1,1,0,831.12,
5000000328,1,2023-01-04,4500000138,1,B012,S001,PT00522,7A-2656,2,2,0,78.0,
5000000329,1,2023-01-04,4500000138,5,B012,S001,PT02114,143-7798,1,1,0,538.74,
5000000330,1,2023-01-04,4500000138,11,B012,S001,PT01789,3G-3233,1,1,0,74.45,
5000000331,1,2023-01-04,4500000138,13,B012,S001,PT02357,9C-8228,2,2,0,3.86,
5000000332,1,2023-01-04,4500000138,16,B012,S001,PT04032,143-7748,3,3,0,1.98,
5000000333,1,2023-01-04,4500000138,17,B012,S001,PT04040,4L-9807,5,5,0,2.43,
5000000334,1,2023-01-04,4500000139,3,B012,S003,PT03649,476-6888,1,1,0,273.04,
5000000335,1,2023-01-04,4500000139,7,B012,S003,PT01671,2J-3646,1,1,0,31.97,
5000000336,1,2023-01-04,4500000139,14,B012,S003,PT00880,5J-6405,1,1,0,4975.39,
5000000337,1,2023-01-04,4500000141,1,B012,S002,PT01098,6U-7590,1,1,0,3811.35,
5000000338,1,2023-01-04,4500000141,3,B012,S002,PT01772,5J-4540,7,7,0,37.38,
5000000339,1,2023-01-04,4500000141,4,B012,S002,PT00758,5A-5351,1,1,0,7143.59,
5000000340,1,2023-01-04,4500000141,5,B012,S002,PT02347,1V-1395,2,2,0,8.76,
5000000341,1,2023-01-04,4500000141,6,B012,S002,PT03397,2F-0984,1,1,0,1447.19,
5000000342,1,2023-01-04,4599999999,7,B012,S002,PT02403,595-7361,5,5,0,5.56,
5000000343,1,2023-01-04,4500000141,8,B012,S002,PT01932,115-5178,1,1,0,100.75,
5000000344,1,2023-01-04,4500000141,9,B012,S002,PT03046,134-7616,1,1,0,688.78,
5000000345,1,2023-01-04,4500000141,10,B012,S002,PT04073,435-5934,4,4,0,4.02,
5000000346,1,2023-01-04,4500000141,11,B012,S002,PT00504,178-8516,1,1,0,111.13,
5000000347,1,2023-01-04,4500000150,5,B013,S003,PT02177,275-2402,1,1,0,1090.39,
5000000348,1,2023-01-04,4500000150,7,B013,S003,PT00755,200-0324,1,1,0,10343.37,
5000000349,1,2023-01-04,4500000150,9,B013,S003,PT03378,2S-3608,1,1,0,3724.77,
5000000350,1,2023-01-04,4500000150,14,B013,S003,PT01960,8P-9192,1,1,0,49.87,
5000000351,1,2022-09-06,4500000150,16,B013,S003,PT04094,9A-9344,3,3,0,3.78,
5000000352,1,2023-01-04,4500000151,1,B013,S002,PT02570,532-8004,1,1,0,4955.11,
5000000353,1,2023-01-04,4500000151,2,B013,S002,PT00562,297-7828,1,1,0,113.63,
5000000354,1,2023-01-04,4500000151,3,B013,S002,PT04164,261-1711,2,2,0,0.84,
5000000355,1,2023-01-04,4500000151,4,B013,S002,PT03195,7X-3063,1,1,0,704.73,
5000000356,1,2023-01-04,4500000151,7,B013,S002,PT01682,3V-5234,3,3,0,37.46,
5000000357,1,2023-01-04,4500000151,8,B013,S002,PT02199,456-8837,3,3,0,1227.49,
5000000358,1,2023-01-04,4500000151,9,B013,S002,PT01206,362-4374,1,1,0,133.24,
5000000359,1,2022-09-06,4500000151,10,B013,S002,PT00188,297-8581,1,1,0,419.75,
5000000360,1,2023-01-04,4500000151,11,B013,S002,PT01747,406-9949,3,3,0,90.81,
5000000361,1,2023-01-04,4500000151,12,B013,S002,PT02285,2V-6923,4,4,0,36.99,
5000000362,1,2023-01-04,4500000151,13,B013,S002,PT02316,274-6526,3,3,0,59.07,
5000000363,1,2023-01-04,4500000151,14,B013,S002,PT00392,5N-8987,3,3,0,271.22,
5000000364,1,2023-01-04,4500000151,15,B013,S002,PT02448,286-8338,2,2,0,287.94,
5000000365,1,2023-01-04,4500000151,16,B013,S002,PT02967,277-9095,1,1,0,3584.81,
5000000366,1,2023-01-04,4500000151,17,B013,S002,PT01470,422-3411,1,1,0,453.41,
5000000367,1,2023-01-04,4500000151,18,B013,S002,PT01489,6L-8129,1,1,0,688.75,
5000000368,1,2023-01-04,4500000151,19,B013,S002,PT00472,7N-8871,2,2,0,162.55,
5000000369,1,2023-01-04,4500000151,20,B013,S002,PT01500,1U-0621,1,1,0,289.54,
5000000370,1,2023-01-04,4500000151,21,B013,S002,PT02021,2T-0635,1,1,0,50.05,
5000000371,1,2023-01-04,4500000151,22,B013,S002,PT02025,3K-4955,1,1,0,52.66,
5000000372,1,2023-01-04,4500000151,23,B013,S002,PT03064,417-1234,1,1,0,1200.71,
5000000373,1,2023-01-04,4500000152,10,B013,S001,PT02333,180-8153,2,2,0,7.89,
5000000374,1,2023-01-04,4500000163,1,B014,S003,PT00002,1R-0751,1,1,0,36.08,
5000000375,1,2023-01-04,4500000163,3,B014,S003,PT02609,326-9730,1,1,0,10312.06,
5000000376,1,2023-01-04,4500000163,7,B014,S003,PT02179,462-9141,1,1,0,665.38,
5000000377,1,2023-01-04,4500000163,9,B014,S003,PT00679,2C-5386,1,1,0,3857.11,
5000000378,1,2023-01-04,4500000163,13,B014,S003,PT00701,4A-1464,2,1,0,10103.92,
5000000379,1,2023-01-04,4500000163,15,B014,S003,PT01738,9F-6584,2,2,0,33.1,
5000000380,1,2023-01-04,4500000163,22,B014,S003,PT01963,424-5684,1,1,0,76.28,
5000000381,1,2023-01-04,4500000163,24,B014,S003,PT00948,167-2812,1,1,0,629.48,
5000000382,1,2023-01-04,4500000163,26,B014,S003,PT03045,322-0049,1,1,0,1141.62,
5000000383,1,2023-01-04,4500000166,3,B014,S001,PT01650,4C-1005,1,1,0,169.36,
5000000384,1,2023-01-04,4500000166,4,B014,S001,PT01669,4W-7032,4,4,0,56.18,
5000000385,1,2023-01-04,4500000166,7,B014,S001,PT04294,480-6937,1,1,0,5233.71,
5000000386,1,2023-01-04,4500000166,9,B014,S001,PT03315,8F-7447,1,1,0,3133.39,
5000000387,1,2023-01-04,4500000166,13,B014,S001,PT00834,3D-9727,1,1,0,83.16,
5000000388,1,2023-01-04,4500000166,14,B014,S001,PT01370,166-3124,1,1,0,541.75,
5000000389,1,2023-01-04,4500000166,15,B014,S001,PT02395,247-9557,1,1,0,8.67,
5000000390,1,2023-01-04,4500000166,17,B014,S001,PT02454,7A-9604,1,1,0,204.91,
5000000391,1,2023-01-04,4500000166,18,B014,S001,PT02969,442-5460,1,1,0,5666.49,
5000000392,1,2023-01-04,4500000166,19,B014,S001,PT02528,3H-5869,1,1,0,5986.13,
5000000393,1,2023-01-04,4500000167,1,B014,S002,PT03118,540-4123,1,1,0,807.75,
5000000394,1,2023-01-04,4500000167,2,B014,S002,PT00576,7K-9340,1,1,0,57.34,
5000000395,1,2023-01-04,4500000167,3,B014,S002,PT03145,9N-4101,1,1,0,57.02,
5000000396,1,2023-01-04,4500000167,4,B014,S002,PT01651,8X-7638,1,1,0,64.25,
5000000397,1,2023-01-04,4500000167,5,B014,S002,PT00126,148-4118,1,1,0,527.23,
5000000398,1,2023-01-04,4500000167,6,B014,S002,PT03207,4B-0233,1,1,0,258.32,
5000000399,1,2023-01-04,4500000167,8,B014,S002,PT04241,265-7865,2,2,0,1.42,
5000000400,1,2023-01-04,4500000167,9,B014,S002,PT00152,404-7957,1,1,0,508.14,
5000000401,1,2023-01-04,4500000167,10,B014,S002,PT00161,380-9596,1,1,0,533.95,
5000000402,1,2023-01-04,4500000167,11,B014,S002,PT02275,128-6304,3,3,0,79.05,
5000000403,1,2023-01-04,4500000167,12,B014,S002,PT03301,303-4203,1,1,0,3443.02,
5000000404,1,2023-01-04,4500000167,13,B014,S002,PT01794,7K-3204,1,1,0,40.34,
5000000405,1,2023-01-04,4500000167,14,B014,S002,PT02316,274-6526,2,2,0,59.07,
5000000406,1,2023-01-04,4500000167,15,B014,S002,PT02382,7J-5775,3,3,0,7.66,
5000000407,1,2023-01-04,4500000167,16,B014,S002,PT00904,1K-2641,1,1,0,966.35,
5000000408,1,2023-01-04,4500000167,17,B014,S002,PT03993,442-4472,1,1,0,2.06,
5000000409,1,2023-01-04,4500000167,18,B014,S002,PT02462,317-5745,1,1,0,242.72,
5000000410,1,2023-01-04,4500000167,19,B014,S002,PT01447,1A-1077,1,1,0,841.55,
5000000411,1,2023-01-04,4500000167,20,B014,S002,PT00433,130-3432,1,1,0,121.11,
5000000412,1,2023-01-04,4500000167,21,B014,S002,PT00949,5D-8605,1,1,0,757.54,
5000000413,1,2023-01-04,4500000179,1,B015,S002,PT02562,5L-9411,1,1,0,11026.21,
5000000414,1,2023-01-04,4500000179,2,B015,S002,PT03600,6S-0847,1,1,0,153.17,
5000000415,1,2023-01-04,4500000179,3,B015,S002,PT01086,9L-2749,1,1,0,3655.79,
5000000416,1,2023-01-04,4500000179,4,B015,S002,PT01601,7P-9821,1,1,0,177.48,
5000000417,1,2023-01-04,4500000179,5,B015,S002,PT02673,296-7432,1,1,0,14172.69,
5000000418,1,2023-01-04,4500000179,6,B015,S002,PT01143,145-1600,1,1,0,219.54,
5000000419,1,2023-01-04,4500000179,7,B015,S002,PT01676,346-8694,1,1,0,43.42,
5000000420,1,2023-01-04,4500000179,8,B015,S002,PT02202,431-9871,1,1,0,882.61,
5000000421,1,2023-01-04,4500000179,9,B015,S002,PT01226,247-4306,1,1,0,125.1,
5000000422,1,2023-01-04,4500000179,10,B015,S002,PT01743,5E-2917,1,1,0,67.94,
5000000423,1,2023-01-04,4500000179,11,B015,S002,PT02283,535-3342,2,2,0,76.48,
5000000424,1,2023-01-04,4500000179,12,B015,S002,PT02285,2V-6923,1,1,0,36.99,
5000000425,1,2023-01-04,4500000179,13,B015,S002,PT03332,5K-6666,1,1,0,2745.18,
5000000426,1,2023-01-04,4500000179,14,B015,S002,PT03941,402-3702,1,1,0,114.14,
5000000427,1,2023-01-04,4500000179,15,B015,S002,PT01918,8R-5417,1,1,0,54.45,
5000000428,1,2023-01-04,4500000179,16,B015,S002,PT03987,462-9671,9,9,0,1.98,
5000000429,1,2023-01-04,4599999999,17,B015,S002,PT04019,9M-7219,11,11,0,2.03,
5000000430,1,2023-01-04,4500000179,18,B015,S002,PT03548,4F6785,1,1,0,33.72,
5000000431,1,2023-01-04,4500000179,19,B015,S002,PT03046,134-7616,1,1,0,688.78,
5000000432,1,2023-01-04,4500000179,20,B015,S002,PT03569,5G-4194,1,1,0,235.77,
5000000433,1,2023-01-04,4500000180,1,B015,S003,PT00007,6I-2501,1,1,0,98.56,
5000000434,1,2023-01-04,4500000180,2,B015,S003,PT03595,8H-0820,1,1,0,238.56,
5000000435,1,2023-01-04,4500000180,3,B015,S003,PT01547,362-8135,1,1,0,176.4,
5000000436,1,2023-01-04,4500000180,4,B015,S003,PT03603,1B-7385,1,1,0,134.89,
5000000437,1,2023-01-04,4500000180,18,B015,S003,PT01389,7F-9441,1,1,0,848.64,
5000000438,1,2023-01-04,4500000180,23,B015,S003,PT00507,239-6082,1,1,0,94.71,
5000000439,1,2023-01-04,4500000181,2,B015,S001,PT00024,113-7273,1,1,0,237.56,
5000000440,1,2023-01-04,4500000181,6,B015,S001,PT01197,7Y-4897,1,1,0,189.92,
5000000441,1,2023-01-04,4500000181,10,B015,S001,PT00737,6T-0403,1,1,0,5867.35,
5000000442,1,2023-01-04,4500000181,14,B015,S001,PT00420,343-6869,1,1,0,197.1,
5000000443,1,2023-01-04,4500000191,1,B016,S002,PT00005,1R-0716,3,3,0,27.28,
5000000444,1,2023-01-04,4500000191,2,B016,S002,PT02565,405-7699,1,1,0,8954.12,
5000000445,1,2023-01-04,4500000191,3,B016,S002,PT00020,2U-3248,1,1,0,193.05,
5000000446,1,2023-01-04,4500000191,4,B016,S002,PT03618,8M-7048,1,1,0,147.24,
5000000447,1,2023-01-04,4500000191,5,B016,S002,PT00658,4T-2734,1,1,0,183.76,
5000000448,1,2023-01-04,4500000191,6,B016,S002,PT00695,125-1414,1,1,0,5774.75,
5000000449,1,2023-01-04,4500000191,8,B016,S002,PT04066,400-7975,8,8,0,2.01,
5000000450,1,2023-01-04,4500000193,1,B016,S003,PT03859,575-9612,1,1,0,480.13,
5000000451,1,2023-01-04,4500000193,13,B016,S003,PT00503,7U-0800,1,1,0,119.33,
5000000452,1,2023-01-04,4500000194,5,B016,S001,PT01663,4X-2943,2,2,0,65.53,
5000000453,1,2023-01-04,4500000194,7,B016,S001,PT01689,592-5818,2,2,0,39.6,
5000000454,1,2023-01-04,4500000194,10,B016,S001,PT02045,8J-0585,1,1,0,329.47,
5000000455,1,2023-01-04,4500000204,1,B017,S003,PT01795,455-5423,1,1,0,80.17,
5000000456,1,2023-01-04,4500000204,4,B017,S003,PT00361,4U-2137,1,1,0,223.98,
5000000457,1,2023-01-04,4500000204,5,B017,S003,PT01391,318-0136,1,1,0,473.11,
5000000458,1,2023-01-04,4500000204,7,B017,S003,PT00156,1U-5160,1,1,0,582.73,
5000000459,1,2023-01-04,4500000204,10,B017,S003,PT00457,349-1065,1,1,0,212.04,
5000000460,1,2023-01-04,4500000205,1,B017,S001,PT02332,7R-0753,1,1,0,3.96,
5000000461,1,2023-01-04,4500000205,4,B017,S001,PT01631,550-1989,1,1,0,197.05,
5000000462,1,2023-01-04,4500000205,8,B017,S001,PT01713,5G-7485,1,1,0,36.85,
5000000463,1,2023-01-04,4500000205,11,B017,S001,PT00730,4P-6505,1,1,0,4205.26,
5000000464,1,2023-01-04,4500000205,12,B017,S001,PT03299,8T-6740,1,1,0,3395.91,
5000000465,1,2023-01-04,4500000210,1,B017,S002,PT00378,296-6623,2,2,0,285.1,
5000000466,1,2023-01-04,4500000210,2,B017,S002,PT02949,3L-6247,1,1,0,5378.9,
5000000467,1,2023-01-04,4500000210,3,B017,S002,PT01682,3V-5234,1,1,0,37.46,
5000000468,1,2023-01-04,4500000210,4,B017,S002,PT01691,5F-3363,6,6,0,31.4,
5000000469,1,2023-01-04,4500000210,5,B017,S002,PT00411,9X-1309,1,1,0,488.9,
5000000470,1,2023-01-04,4500000210,6,B017,S002,PT01500,1U-0621,1,1,0,289.54,
5000000471,1,2023-01-04,4500000215,11,B018,S003,PT02314,402-5446,1,1,0,84.18,
5000000472,1,2023-01-04,4500000216,2,B018,S002,PT00015,4R-5173,1,1,0,256.69,
5000000473,1,2023-01-04,4500000216,3,B018,S002,PT00537,9B-4949,3,3,0,103.5,
5000000474,1,2023-01-04,4500000216,4,B018,S002,PT02595,124-0540,1,1,0,8917.15,
5000000475,1,2023-01-04,4500000216,5,B018,S002,PT03634,117-5857,1,1,0,275.52,
5000000476,1,2023-01-04,4500000216,7,B018,S002,PT03667,242-7693,1,1,0,291.1,
5000000477,1,2023-01-04,4500000216,8,B018,S002,PT03205,8T-5236,1,1,0,555.34,
5000000478,1,2023-01-04,4500000216,9,B018,S002,PT02206,2Y-6099,1,1,0,496.93,
5000000479,1,2023-01-04,4500000216,10,B018,S002,PT03253,7M-1726,1,1,0,259.45,
5000000480,1,2023-01-04,4500000216,11,B018,S002,PT02243,9P-8996,1,1,0,87.58,
5000000481,1,2023-01-04,4599999999,13,B018,S002,PT01283,2Y-9717,1,1,0,21.18,
5000000482,1,2023-01-04,4500000216,14,B018,S002,PT02316,274-6526,1,1,0,59.07,
5000000483,1,2023-01-04,4500000216,15,B018,S002,PT02324,5R-2277,1,1,0,6.49,
5000000484,1,2023-01-04,4500000216,16,B018,S002,PT02331,513-6553,1,1,0,8.72,
5000000485,1,2023-01-04,4500000216,17,B018,S002,PT03387,2A-6186,1,1,0,3594.0,
5000000486,1,2023-01-04,4500000216,18,B018,S002,PT01971,463-2674,1,1,0,74.84,
5000000487,1,2023-01-04,4500000216,19,B018,S002,PT04066,400-7975,1,1,0,2.01,
5000000488,1,2023-01-04,4500000216,20,B018,S002,PT03061,7P-4201,1,1,0,1209.7,
5000000489,1,2023-01-04,4500000217,3,B018,S001,PT04180,317-0603,12,12,0,1.47,
5000000490,1,2023-01-04,4500000217,7,B018,S001,PT01702,5X-1136,2,2,0,41.55,
5000000491,1,2023-01-04,4500000217,15,B018,S001,PT03007,517-4433,1,1,0,4985.29,
5000000492,1,2023-01-04,4500000230,1,B019,S003,PT04099,124-9633,10,10,0,6.05,
5000000493,1,2023-01-04,4500000230,2,B019,S003,PT00006,326-1644,1,1,0,56.32,
5000000494,1,2023-01-04,4500000230,3,B019,S003,PT02075,4E-3940,1,1,0,414.08,
5000000495,1,2023-01-04,4500000230,4,B019,S003,PT00548,499-5638,2,2,0,123.09,
5000000496,1,2023-01-04,4500000230,8,B019,S003,PT04208,224-2533,1,1,0,1.45,
5000000497,1,2023-01-04,4500000230,9,B019,S003,PT00127,316-3094,1,1,0,322.86,
5000000498,1,2023-01-04,4500000230,10,B019,S003,PT03730,2F-6833,1,1,0,52.62,
5000000499,1,2023-01-04,4500000230,11,B019,S003,PT00700,315-3556,1,1,0,6329.08,
5000000500,1,2023-01-04,4500000230,14,B019,S003,PT00948,167-2812,1,1,0,629.48,
5000000501,1,2023-01-04,4500000232,1,B019,S001,PT04114,8X-0561,4,4,0,6.26,
5000000502,1,2023-01-04,4500000232,6,B019,S001,PT01669,4W-7032,3,3,0,56.18,
5000000503,1,2023-01-04,4500000232,11,B019,S001,PT00305,3T-6636,1,1,0,216.52,
5000000504,1,2023-01-04,4500000232,17,B019,S001,PT00975,5A-6202,1,1,0,507.74,
5000000505,1,2023-01-04,4500000233,1,B019,S002,PT00537,9B-4949,2,2,0,103.5,
5000000506,1,2023-01-04,4500000233,2,B019,S002,PT04168,7T-9190,1,1,0,0.63,
5000000507,1,2023-01-04,4500000233,3,B019,S002,PT01134,6B-9495,1,1,0,1602.53,
5000000508,1,2023-01-04,4500000233,4,B019,S002,PT01653,2V-2269,8,8,0,27.78,
5000000509,1,2023-01-04,4500000233,5,B019,S002,PT02199,456-8837,2,2,0,1227.49,
5000000510,1,2023-01-04,4500000233,6,B019,S002,PT02727,6B-0798,1,1,0,8624.47,
5000000511,1,2023-01-04,4500000233,7,B019,S002,PT00204,348-9434,1,1,0,2764.1,
5000000512,1,2023-01-04,4500000233,9,B019,S002,PT02390,7W-1127,1,1,0,7.81,
5000000513,1,2023-01-04,4500000233,10,B019,S002,PT03979,4B-5657,1,1,0,1.3,
5000000514,1,2023-01-04,4500000233,11,B019,S002,PT03518,478-5110,1,1,0,24.58,
5000000515,1,2023-01-04,4500000233,12,B019,S002,PT04063,263-0063,1,1,0,1.59,
5000000516,1,2023-01-04,4500000233,13,B019,S002,PT00512,470-6528,2,2,0,111.95,
5000000517,1,2023-01-04,4500000242,2,B020,S002,PT01622,470-2494,1,1,0,316.91,
5000000518,1,2023-01-04,4500000242,3,B020,S002,PT03685,535-8845,1,1,0,249.24,
5000000519,1,2023-01-04,4500000242,5,B020,S002,PT02275,128-6304,1,1,0,79.05,
5000000520,1,2023-01-04,4500000242,6,B020,S002,PT03301,303-4203,1,1,0,3443.02,
5000000521,1,2023-01-04,4500000242,8,B020,S002,PT01790,5A-3871,1,1,0,86.0,
5000000522,1,2023-01-04,4500000242,9,B020,S002,PT00770,1S-9977,1,1,0,62.63,
5000000523,1,2023-01-04,4500000242,10,B020,S002,PT02338,480-6394,2,2,0,8.43,
5000000524,1,2023-01-04,4500000242,11,B020,S002,PT02868,6E-1966,1,1,0,51.22,
5000000525,1,2023-01-04,4500000242,12,B020,S002,PT02900,8W-2633,1,1,0,183.06,
5000000526,1,2023-01-04,4500000242,13,B020,S002,PT00369,210-4985,1,1,0,224.46,
5000000527,1,2023-01-04,4500000242,14,B020,S002,PT00391,9H-5308,2,2,0,252.54,
5000000528,1,2023-01-04,4500000242,15,B020,S002,PT03985,3M-5485,1,1,0,2.18,
5000000529,1,2023-01-04,4500000242,16,B020,S002,PT02448,286-8338,6,6,0,287.94,
5000000530,1,2023-01-04,4500000242,18,B020,S002,PT04020,6L-4885,1,1,0,2.15,
5000000531,1,2023-01-04,4500000242,19,B020,S002,PT04063,263-0063,2,2,0,1.59,
5000000532,1,2023-01-04,4500000242,20,B020,S002,PT04083,9H-2078,4,4,0,5.2,
5000000533,1,2023-01-04,4500000242,21,B020,S002,PT00512,470-6528,2,2,0,111.95,
5000000534,1,2023-01-04,4500000243,6,B020,S001,PT03133,4H-0324,1,1,0,1150.55,
5000000535,1,2023-01-04,4500000243,7,B020,S001,PT02639,9L-0355,1,1,0,19973.99,
5000000536,1,2023-01-04,4500000243,11,B020,S001,PT00176,5M-0401,1,1,0,555.75,
5000000537,1,2023-01-04,4500000243,14,B020,S001,PT01229,7I-1701,1,1,0,21.38,
5000000538,1,2023-01-04,4500000243,24,B020,S001,PT02020,1U-4104,1,1,0,34.28,
5000000539,1,2023-01-04,4500000243,25,B020,S001,PT02037,7X-6752,1,1,0,321.83,
5000000540,1,2023-01-04,4500000244,3,B020,S003,PT04128,553-6981,3,3,0,5.02,
5000000541,1,2023-01-04,4500000244,8,B020,S003,PT01688,8A-3578,2,2,0,53.69,
5000000542,1,2023-01-04,4500000244,12,B020,S003,PT03305,6G-1271,1,1,0,3043.04,
5000000543,1,2023-01-04,4500000244,14,B020,S003,PT01384,560-1524,1,1,0,722.38,
5000000544,1,2023-01-04,4500000256,1,B021,S002,PT02565,405-7699,1,1,0,8954.12,
5000000545,1,2023-01-04,4500000256,2,B021,S002,PT01557,320-0711,1,1,0,178.83,
5000000546,1,2023-01-04,4500000256,3,B021,S002,PT02100,7U-7726,1,1,0,564.64,
5000000547,1,2023-01-04,4500000256,4,B021,S002,PT00061,6Y-4563,2,2,0,151.35,
5000000548,1,2023-01-04,4500000256,5,B021,S002,PT01624,7K-3991,1,1,0,296.18,
5000000549,1,2023-01-04,4500000256,6,B021,S002,PT01653,2V-2269,1,1,0,27.78,
5000000550,1,2023-01-04,4500000256,7,B021,S002,PT00129,8X-1156,1,1,0,489.93,
5000000551,1,2023-01-04,4500000256,8,B021,S002,PT01676,346-8694,2,2,0,43.42,
5000000552,1,2023-01-04,4500000256,9,B021,S002,PT01679,8F-1904,4,4,0,40.47,
5000000553,1,2023-01-04,4500000256,10,B021,S002,PT01167,8K-2401,1,1,0,97.89,
5000000554,1,2023-01-04,4500000256,11,B021,S002,PT01690,7D-1694,2,2,0,29.29,
5000000555,1,2023-01-04,4500000256,12,B021,S002,PT02202,431-9871,1,1,0,882.61,
5000000556,1,2023-01-04,4500000256,13,B021,S002,PT03253,7M-1726,1,1,0,259.45,
5000000557,1,2023-01-04,4500000256,14,B021,S002,PT01206,362-4374,1,1,0,133.24,
5000000558,1,2023-01-04,4500000256,16,B021,S002,PT01743,5E-2917,1,1,0,67.94,
5000000559,1,2023-01-04,4500000256,17,B021,S002,PT01280,6C-3503,1,1,0,26.08,
5000000560,1,2023-01-04,4500000256,18,B021,S002,PT03343,9R-3862,1,1,0,2363.3,
5000000561,1,2023-01-04,4500000256,19,B021,S002,PT01332,7P-7615,1,1,0,879.71,
5000000562,1,2023-01-04,4500000256,20,B021,S002,PT00325,6U-2587,1,1,0,6256.45,
5000000563,1,2023-01-04,4500000256,21,B021,S002,PT01875,8F-3762,1,1,0,60.99,
5000000564,1,2023-01-04,4500000256,22,B021,S002,PT00863,1P-1870,1,1,0,3352.36,
5000000565,1,2023-01-04,4500000256,23,B021,S002,PT01489,6L-8129,1,1,0,688.75,
5000000566,1,2023-01-04,4500000256,24,B021,S002,PT02532,4F-0421,1,1,0,2738.62,
5000000567,1,2023-01-04,4500000256,25,B021,S002,PT02023,1Y-0440,1,1,0,45.43,
5000000568,1,2023-01-04,4500000256,26,B021,S002,PT02025,3K-4955,1,1,0,52.66,
5000000569,1,2023-01-04,4500000258,3,B021,S001,PT03126,9L-0665,1,1,0,752.97,
5000000570,1,2023-01-04,4599999999,7,B021,S001,PT04200,6I-2171,3,2,1,1.44,Damaged in transit
5000000571,1,2023-01-04,4500000258,8,B021,S001,PT03753,4R-4813,1,1,0,60.86,
5000000572,1,2023-01-04,4500000258,12,B021,S001,PT01827,4U-1188,1,1,0,3144.26,
5000000573,1,2023-01-04,4500000258,15,B021,S001,PT03975,6S-7925,3,3,0,2.96,
5000000574,1,2023-01-04,4500000258,17,B021,S001,PT01010,464-4330,1,1,0,769.45,
5000000575,1,2023-01-04,4500000259,3,B021,S003,PT00568,5G-0353,2,2,0,54.17,
5000000576,1,2023-01-04,4500000259,4,B021,S003,PT03130,7G-9570,1,1,0,442.67,
5000000577,1,2023-01-04,4500000259,10,B021,S003,PT00671,7S-3842,1,1,0,4989.01,
5000000578,1,2023-01-04,4500000259,13,B021,S003,PT02355,371-2412,2,2,0,4.61,
5000000579,1,2023-01-04,4500000259,17,B021,S003,PT04033,6K-9141,6,6,0,2.32,
5000000580,1,2023-01-04,4500000270,3,B022,S001,PT00026,1Y-7707,1,1,0,173.64,
5000000581,1,2023-01-04,4500000270,6,B022,S001,PT03698,222-4163,1,1,0,371.54,
5000000582,1,2023-01-04,4500000270,13,B022,S001,PT00298,101-5516,1,1,0,140.89,
5000000583,1,2023-01-04,4500000270,14,B022,S001,PT00845,261-8241,1,1,0,71.26,
5000000584,1,,4500000270,15,B022,S001,PT02399,5S-3577,1,1,0,8.22,
5000000585,1,2023-01-04,4500000270,16,B022,S001,PT01920,4I-0069,1,1,0,42.25,
5000000586,1,2023-01-04,4500000270,17,B022,S001,PT03497,560-0531,1,1,0,30.87,
5000000587,1,2023-01-04,4500000270,18,B022,S001,PT04039,8S-8156,4,4,0,1.28,
5000000588,1,2023-01-04,4500000272,1,B022,S003,PT03595,8H-0820,1,1,0,238.56,
5000000589,1,2023-01-04,4500000272,2,B022,S003,PT00050,9B-7077,1,1,0,187.68,
5000000590,1,2023-01-04,4500000272,4,B022,S003,PT00114,224-7835,1,1,0,597.67,
5000000591,1,2023-01-04,4500000272,5,B022,S003,PT01652,311-5944,5,5,0,65.17,
5000000592,1,2023-01-04,4500000272,9,B022,S003,PT02280,7T-7176,1,1,0,36.85,
5000000593,1,2023-01-04,4500000272,12,B022,S003,PT03486,7X-4803,1,1,0,34.81,
5000000594,1,2023-01-04,4500000272,13,B022,S003,PT01444,3P-3960,1,1,0,501.4,
5000000595,1,2023-01-04,4500000275,1,B022,S002,PT04121,312-7347,1,1,0,2.88,
5000000596,1,2023-01-04,4500000275,2,B022,S002,PT00538,6A-3030,3,3,0,65.33,
5000000597,1,2023-01-04,4500000275,3,B022,S002,PT02098,2V-6777,1,1,0,458.88,
5000000598,1,2023-01-04,4500000275,4,B022,S002,PT00576,7K-9340,3,3,0,57.34,
5000000599,1,2023-01-04,4500000275,5,B022,S002,PT03166,260-9753,1,1,0,126.08,
5000000600,1,2023-01-04,4500000275,6,B022,S002,PT01679,8F-1904,7,7,0,40.47,
5000000601,1,2023-01-04,4500000275,8,B022,S002,PT00697,6I-3415,1,1,0,9506.68,
5000000602,1,2023-01-04,4500000275,9,B022,S002,PT02283,535-3342,2,2,0,76.48,
5000000603,1,2023-01-04,4500000275,10,B022,S002,PT02433,8M-1883,2,2,0,191.45,
5000000604,1,2023-01-04,4500000275,12,B022,S002,PT04028,379-8777,3,3,0,1.66,
5000000605,1,2023-01-04,4500000275,13,B022,S002,PT03518,478-5110,1,1,0,24.58,
5000000606,1,2023-01-04,4500000275,14,B022,S002,PT00472,7N-8871,4,4,0,162.55,
5000000607,1,2023-01-04,4500000283,2,B023,S002,PT04104,123-7269,3,3,0,5.09,
5000000608,1,2023-01-04,4500000283,4,B023,S002,PT02100,7U-7726,1,1,0,564.64,
5000000609,1,2023-01-04,4500000283,5,B023,S002,PT00061,6Y-4563,1,1,0,151.35,
5000000610,1,2023-01-04,4500000283,6,B023,S002,PT01619,157-7825,1,1,0,254.49,
5000000611,1,2023-01-04,4500000283,7,B023,S002,PT01638,2T-6473,1,1,0,199.04,
5000000612,1,2023-01-04,4500000283,8,B023,S002,PT00112,8I-9167,1,1,0,425.78,
5000000613,1,2023-01-04,4500000283,9,B023,S002,PT01653,2V-2269,1,1,0,27.78,
5000000614,1,2023-01-04,4500000283,10,B023,S002,PT01179,1U-3384,1,1,0,143.77,
5000000615,1,2023-01-04,4500000283,11,B023,S002,PT03741,2J-9119,1,1,0,43.31,
5000000616,1,2023-01-04,4500000283,12,B023,S002,PT03749,2R-2045,1,1,0,46.78,
5000000617,1,2023-01-04,4500000283,13,B023,S002,PT02214,172-9167,3,3,0,1029.83,
5000000618,1,2023-01-04,4500000283,15,B023,S002,PT02271,1F-9603,1,1,0,53.14,
5000000619,1,2023-01-04,4500000283,16,B023,S002,PT02310,7B-8865,1,1,0,76.13,
5000000620,1,2023-01-04,4500000283,17,B023,S002,PT04378,8I-1833,1,1,0,293.86,
5000000621,1,2023-01-04,4500000283,18,B023,S002,PT00806,317-0470,1,1,0,80.28,
5000000622,1,2023-01-04,4500000283,19,B023,S002,PT01850,367-1004,1,1,0,3283.48,
5000000623,1,2023-01-04,4500000283,20,B023,S002,PT02966,5B-2997,1,1,0,5350.1,
5000000624,1,2023-01-04,4500000283,21,B023,S002,PT04004,2F-6207,1,1,0,1.24,
5000000625,1,2023-01-04,4500000283,22,B023,S002,PT02984,398-1649,1,1,0,2634.6,
5000000626,1,2023-01-04,4500000283,23,B023,S002,PT03518,478-5110,1,1,0,24.58,
5000000627,1,2023-01-04,4500000283,24,B023,S002,PT03031,343-3158,1,1,0,1144.17,
5000000628,1,2023-01-04,4500000283,25,B023,S002,PT00990,334-2041,1,1,0,715.26,
5000000629,1,2023-01-04,4500000283,26,B023,S002,PT04063,263-0063,2,2,0,1.59,
5000000630,1,2023-01-04,4500000283,27,B023,S002,PT00998,7U-0843,1,1,0,321.24,
5000000631,1,2023-01-04,4500000283,28,B023,S002,PT04073,435-5934,2,2,0,4.02,
5000000632,1,2023-01-04,4500000285,5,B023,S003,PT01127,197-9117,1,1,0,2949.34,
5000000633,1,2023-01-04,4500000285,12,B023,S003,PT02774,334-6052,1,1,0,132.4,
5000000634,1,2023-01-04,4500000285,18,B023,S003,PT01428,8R-2815,1,1,0,1138.22,
5000000635,1,2022-09-06,4500000285,20,B023,S003,PT02031,2F-8086,1,1,0,296.63,
5000000636,1,2023-01-04,4500000290,3,B023,S001,PT02193,9W-0207,8,8,0,731.22,
5000000637,1,2023-01-04,4500000290,8,B023,S001,PT02361,597-4624,1,1,0,8.09,
5000000638,1,2023-01-04,4500000302,1,B024,S001,PT01798,138-4784,2,2,0,56.58,
5000000639,1,2023-01-04,4500000302,3,B024,S001,PT00557,2E-0434,1,1,0,128.79,
5000000640,1,2023-01-04,4500000302,10,B024,S001,PT01989,143-2109,1,1,0,83.87,
5000000641,1,2023-01-04,4500000306,2,B024,S003,PT04155,387-3564,1,1,0,0.95,
5000000642,1,2023-01-04,4500000306,7,B024,S003,PT01200,3S-5970,1,1,0,209.15,
5000000643,1,2023-01-04,4500000307,1,B024,S002,PT00574,593-8771,1,1,0,121.75,
5000000644,1,2023-01-04,4500000307,2,B024,S002,PT04090,8D-2207,1,1,0,2.9,
5000000645,1,2023-01-04,4500000307,3,B024,S002,PT01679,8F-1904,1,1,0,40.47,
5000000646,1,2023-01-04,4500000307,4,B024,S002,PT00464,3F7344,1,1,0,168.26,
5000000647,1,2023-01-04,4500000307,5,B024,S002,PT00731,518-5322,1,1,0,4804.02,
5000000648,1,2023-01-04,4500000307,6,B024,S002,PT02013,130-3350,1,1,0,31.38,
5000000649,1,2023-01-04,4500000307,7,B024,S002,PT01502,4V-2437,1,1,0,468.35,
5000000650,1,2023-01-04,4500000307,8,B024,S002,PT04064,313-0432,1,1,0,2.38,
5000000651,1,2023-01-04,4500000311,1,B025,S002,PT03591,117-5204,1,1,0,144.58,
5000000652,1,2023-01-04,4500000311,2,B025,S002,PT01545,598-4554,1,1,0,89.65,
5000000653,1,2023-01-04,4500000311,4,B025,S002,PT03685,535-8845,1,1,0,249.24,
5000000654,1,2023-01-04,4500000311,5,B025,S002,PT00621,156-7785,1,1,0,107.08,
5000000655,1,2023-01-04,4500000311,6,B025,S002,PT00629,4B-0196,1,1,0,76.43,
5000000656,1,2023-01-04,4500000311,8,B025,S002,PT03214,7L-6768,1,1,0,644.21,
5000000657,1,2023-01-04,4500000311,10,B025,S002,PT01794,7K-3204,2,2,0,40.34,
5000000658,1,2023-01-04,4500000311,11,B025,S002,PT03364,5G-4438,1,1,0,3764.94,
5000000659,1,2023-01-04,4500000311,12,B025,S002,PT00863,1P-1870,1,1,0,3352.36,
5000000660,1,2023-01-04,4500000311,14,B025,S002,PT00464,3F-7344,2,2,0,168.26,
5000000661,1,2023-01-04,4500000311,15,B025,S002,PT02532,4F-0421,1,1,0,2738.62,
5000000662,1,2023-01-04,4500000311,16,B025,S002,PT00499,394-0225,2,2,0,121.07,
5000000663,1,2023-01-04,4500000312,2,B025,S003,PT03123,9R-8670,1,1,0,522.51,
5000000664,1,2023-01-04,4500000312,5,B025,S003,PT01671,2J-3646,3,3,0,31.97,
5000000665,1,2023-01-04,4500000312,7,B025,S003,PT01171,5C-1054,1,1,0,203.72,
5000000666,1,2023-01-04,4500000312,9,B025,S003,PT01748,448-3086,2,2,0,78.72,
5000000667,1,2023-01-04,4500000312,12,B025,S003,PT02290,8R-5950,3,3,0,64.76,
5000000668,1,2023-01-04,4500000312,13,B025,S003,PT01795,455-5423,1,1,0,80.17,
5000000669,1,2023-01-04,4500000312,19,B025,S003,PT00911,589-6005,1,1,0,900.76,
5000000670,1,2023-01-04,4500000312,21,B025,S003,PT00992,169-9019,1,1,0,553.87,
5000000671,1,2023-01-04,4500000313,7,B025,S001,PT02203,4I-2175,1,1,0,975.28,
5000000672,1,2023-01-04,4500000313,10,B025,S001,PT00215,3K-8529,1,1,0,1565.73,
5000000673,1,2023-01-04,4500000313,12,B025,S001,PT02794,581-9785,1,1,0,192.21,
5000000674,1,2023-01-04,4500000313,14,B025,S001,PT00825,4C-8541,1,1,0,106.99,
5000000675,1,2023-01-04,4500000313,18,B025,S001,PT02395,247-9557,2,2,0,8.67,
5000000676,1,2023-01-04,4500000313,20,B025,S001,PT03975,6S-7925,2,2,0,2.96,
5000000677,1,2023-01-04,4500000326,1,B026,S002,PT00005,1R-0716,1,1,0,27.28,
5000000678,1,2023-01-04,4500000326,2,B026,S002,PT01020,2A-1301,1,1,0,741.4,
5000000679,1,2023-01-04,4500000326,3,B026,S002,PT04168,7T-9190,4,4,0,0.63,
5000000680,1,2023-01-04,4500000326,4,B026,S002,PT01653,2V-2269,3,3,0,27.78,
5000000681,1,2023-01-04,4500000326,5,B026,S002,PT04232,318-0201,3,3,0,1.06,
5000000682,1,2023-01-04,4500000326,6,B026,S002,PT02216,175-7695,1,1,0,837.43,
5000000683,1,2023-01-04,4500000326,7,B026,S002,PT00204,348-9434,1,1,0,2764.1,
5000000684,1,2023-01-04,4500000326,8,B026,S002,PT02257,7B-3852,1,1,0,63.64,
5000000685,1,2023-01-04,4500000326,9,B026,S002,PT03815,581-6000,1,1,0,1171.74,
5000000686,1,2023-01-04,4500000326,10,B026,S002,PT02316,274-6526,3,3,0,59.07,
5000000687,1,2023-01-04,4500000326,11,B026,S002,PT02450,8D-5964,1,1,0,191.14,
5000000688,1,2023-01-04,4500000326,12,B026,S002,PT01958,3R-2359,1,1,0,70.65,
5000000689,1,2023-01-04,4500000326,14,B026,S002,PT00968,589-2859,1,1,0,407.37,
5000000690,1,2023-01-04,4500000326,15,B026,S002,PT04048,1X-5544,2,2,0,2.2,
5000000691,1,2022-09-06,4500000327,3,B026,S003,PT02609,326-9730,1,1,0,10312.06,
5000000692,1,2023-01-04,4500000327,5,B026,S003,PT00598,8E-6120,1,1,0,78.09,
5000000693,1,2023-01-04,4500000327,15,B026,S003,PT01000,4S-4271,1,1,0,711.73,
5000000694,1,2023-01-04,4500000327,16,B026,S003,PT01518,2W-4182,1,1,0,402.34,
5000000695,1,2023-01-04,4500000331,6,B026,S001,PT01695,9P-3656,1,1,0,64.82,
5000000696,1,2023-01-04,4500000331,10,B026,S001,PT03818,598-9616,1,1,0,1446.02,
5000000697,1,2023-01-04,4500000331,12,B026,S001,PT01798,138-4784,7,7,0,56.58,
5000000698,1,2023-01-04,4500000331,14,B026,S001,PT02407,5P-2189,1,1,0,205.5,
5000000699,1,2023-01-04,4500000331,17,B026,S001,PT03497,560-0531,1,1,0,30.87,
5000000700,1,2023-01-04,4500000331,18,B026,S001,PT04040,4L-9807,2,2,0,2.43,
5000000701,1,2023-01-04,4500000331,19,B026,S001,PT00476,175-2965,2,2,0,99.79,
5000000702,1,2023-01-04,4500000331,20,B026,S001,PT02044,9U-1511,1,1,0,448.78,
5000000703,1,2023-01-04,4500000339,1,B026,S031,PT00844,5W-5672,1,1,0,109.33,
5000000704,1,2023-01-04,4500000342,3,B027,S001,PT00027,487-9966,1,1,0,108.59,
5000000705,1,2023-01-04,4500000342,13,B027,S001,PT04416,9I-8063,55,55,0,22.88,
5000000706,1,2023-01-04,4500000342,17,B027,S001,PT03969,2A-0494,1,1,0,1.26,
5000000707,1,2023-01-04,4500000342,19,B027,S001,PT02502,181-9825,1,1,0,3026.28,
5000000708,1,2023-01-04,4500000344,3,B027,S003,PT02106,196-6747,1,1,0,523.08,
5000000709,1,2023-01-04,4500000344,6,B027,S003,PT01671,2J-3646,2,2,0,31.97,
5000000710,1,2023-01-04,4500000344,11,B027,S003,PT01750,8N-2339,2,2,0,57.7,
5000000711,1,2023-01-04,4500000344,14,B027,S003,PT03971,7F-5238,4,4,0,1.24,
5000000712,1,2023-01-04,4500000344,15,B027,S003,PT02951,146-2536,1,1,0,2905.55,
5000000713,1,2023-01-04,4500000347,3,B027,S002,PT03214,7L-6768,1,1,0,644.21,
5000000714,1,2023-01-04,4500000347,4,B027,S002,PT01228,280-5984,1,1,0,28.63,
5000000715,1,2023-01-04,4500000347,5,B027,S002,PT00728,403-2603,1,1,0,4912.21,
5000000716,1,2023-01-04,4500000347,6,B027,S002,PT01763,564-5379,2,2,0,73.25,
5000000717,1,2023-01-04,4500000347,7,B027,S002,PT01268,6F-6800,1,1,0,21.8,
5000000718,1,2023-01-04,4500000347,8,B027,S002,PT01794,7K-3204,2,2,0,40.34,
5000000719,1,2023-01-04,4500000347,9,B027,S002,PT03398,5Y-8978,1,1,0,1091.87,
5000000720,1,2023-01-04,4500000347,10,B027,S002,PT00357,478-9647,1,1,0,349.1,
5000000721,1,2023-01-04,4500000347,11,B027,S002,PT03958,7G-6787,4,4,0,2.63,
5000000722,1,2023-01-04,4500000347,12,B027,S002,PT00896,480-2378,1,1,0,3874.08,
5000000723,1,2023-01-04,4500000347,13,B027,S002,PT01932,115-5178,1,1,0,100.75,
5000000724,1,2023-01-04,4500000347,14,B027,S002,PT00401,1D-4487,1,1,0,339.25,
5000000725,1,2023-01-04,4500000347,15,B027,S002,PT02463,5K-8490,3,3,0,209.44,
5000000726,1,2023-01-04,4500000347,16,B027,S002,PT01975,1J-1708,1,1,0,35.08,
5000000727,1,2023-01-04,4500000347,18,B027,S002,PT02021,2T-0635,1,1,0,50.05,
5000000728,1,2023-01-04,4500000347,19,B027,S002,PT00499,394-0225,1,1,0,121.07,
5000000729,1,2023-01-04,4500000355,1,B028,S003,PT00001,1R-0750,2,2,0,33.44,
5000000730,1,2023-01-04,4500000355,4,B028,S003,PT04139,1W-8856,5,5,0,1.49,
5000000731,1,2023-01-04,4500000355,6,B028,S003,PT04235,3E-5094,4,4,0,1.44,
5000000732,1,2023-01-04,4500000355,8,B028,S003,PT01195,482-6601,1,1,0,191.43,
5000000733,1,2023-01-04,4500000355,15,B028,S003,PT01868,317-8977,1,1,0,54.69,
5000000734,1,2023-01-04,4500000355,17,B028,S003,PT02449,8F-4373,1,1,0,312.95,
5000000735,1,2023-01-04,4500000356,1,B028,S001,PT04097,8S-9044,2,2,0,2.73,
5000000736,1,2023-01-04,4500000356,7,B028,S001,PT00617,5U-0851,1,1,0,77.77,
5000000737,1,2023-01-04,4500000356,9,B028,S001,PT00640,6T-3397,1,1,0,110.87,
5000000738,1,2023-01-04,4500000356,18,B028,S001,PT02357,9C-8228,1,1,0,3.86,
5000000739,1,2023-01-04,4500000356,21,B028,S001,PT02420,586-8667,1,1,0,131.91,
5000000740,1,2023-01-04,4500000356,23,B028,S001,PT01954,108-3407,1,1,0,93.86,
5000000741,1,2023-01-04,4500000356,25,B028,S001,PT01491,3I-6710,1,1,0,354.52,
5000000742,1,2023-01-04,4500000357,1,B028,S002,PT00520,273-5166,1,1,0,96.16,
5000000743,1,2023-01-04,4500000357,2,B028,S002,PT00526,2K-8811,2,2,0,142.61,
5000000744,1,2023-01-04,4500000357,3,B028,S002,PT02063,5W-0795,1,1,0,425.13,
5000000745,1,2023-01-04,4500000357,5,B028,S002,PT02554,2Y-5330,1,1,0,9928.42,
5000000746,1,2023-01-04,4500000357,6,B028,S002,PT00071,1K-0849,1,1,0,169.81,
5000000747,1,2023-01-04,4500000357,8,B028,S002,PT04189,408-3102,1,1,0,1.38,
5000000748,1,2023-01-04,4500000357,9,B028,S002,PT01638,2T-6473,1,1,0,199.04,
5000000749,1,2023-01-04,4500000357,10,B028,S002,PT00112,8I-9167,1,1,0,425.78,
5000000750,1,2023-01-04,4500000357,15,B028,S002,PT01896,416-9462,1,1,0,53.62,
5000000751,1,2023-01-04,4500000357,16,B028,S002,PT01928,2L-6710,1,1,0,72.37,
5000000752,1,2023-01-04,4500000357,17,B028,S002,PT01433,4S-0704,1,1,0,1099.54,
5000000753,1,2023-01-04,4500000357,18,B028,S002,PT03000,6P-8307,1,1,0,5666.28,
5000000754,1,2023-01-04,4500000357,21,B028,S002,PT03028,440-9311,1,1,0,1225.75,
5000000755,1,2023-01-04,4500000357,22,B028,S002,PT02029,203-3511,1,1,0,63.93,
5000000756,1,2023-01-04,4500000357,23,B028,S002,PT04090,8D-2207,3,3,0,2.9,
5000000757,1,2023-01-04,4500000369,1,B001,S002,PT02671,396-0044,1,1,0,8477.81,
5000000758,1,2023-01-04,4500000379,1,B004,S002,PT01065,290-2181,1,1,0,2660.79,
5000000759,1,2023-01-04,4500000413,1,B012,S002,PT03119,387-5780,1,1,0,515.4,
5000000760,1,2023-01-04,4500000416,1,B013,S002,PT00579,249-3014,1,1,0,117.99,
5000000761,1,2023-01-04,4500000426,1,B014,S001,PT00368,526-6745,8,8,0,386.05,
5000000762,1,2023-01-04,4500000435,1,B017,S002,PT00113,1L-7679,1,1,0,243.57,
5000000763,1,2023-01-04,4500000458,2,B024,S002,PT00369,210-4985,4,4,0,224.46,
5000000764,1,2023-01-05,4500000001,1,B001,S001,PT00008,6I-2502,1,1,0,65.12,
5000000765,1,2023-01-05,4500000001,3,B001,S001,PT01590,8A-9900,1,1,0,319.91,
5000000766,1,2023-01-05,4500000001,4,B001,S001,PT00073,122-2117,2,2,0,233.97,
5000000767,1,2023-01-05,4500000001,7,B001,S001,PT01689,592-5818,3,3,0,39.6,
5000000768,1,2023-01-05,4500000001,11,B001,S001,PT02277,2G-6572,4,4,0,71.31,
5000000769,1,2023-01-05,4500000001,13,B001,S001,PT01272,3C-4322,1,1,0,33.31,
5000000770,1,2023-01-05,4500000001,14,B001,S001,PT02303,320-9092,1,1,0,73.37,
5000000771,1,2023-01-05,4500000001,16,B001,S001,PT02454,7A-9604,4,4,0,204.91,
5000000772,1,2023-01-05,4500000001,18,B001,S001,PT01966,8R-0598,1,1,0,32.29,
5000000773,1,2023-01-05,4500000001,19,B001,S001,PT00942,3Y-1763,1,1,0,527.65,
5000000774,1,2023-01-05,4500000001,20,B001,S001,PT01457,1Y-0910,1,1,0,767.94,
5000000775,1,2023-01-05,4500000001,22,B001,S001,PT03523,204-6368,1,1,0,24.88,
5000000776,1,2023-01-05,4500000001,24,B001,S001,PT02037,7X-6752,1,1,0,321.83,
5000000777,1,2023-01-05,4500000003,1,B001,S003,PT00551,292-4745,5,5,0,94.41,
5000000778,1,2023-01-05,4500000003,2,B001,S003,PT02603,1T-3810,1,1,0,6412.28,
5000000779,1,2023-01-05,4500000003,3,B001,S003,PT04154,9B-3690,4,4,0,1.36,
5000000780,1,2023-01-05,4500000003,5,B001,S003,PT00591,8F 9785,1,1,0,183.07,
5000000781,1,2023-01-05,4500000003,6,B001,S003,PT04188,359-7947,4,4,0,1.4,
5000000782,1,2023-01-05,4500000003,7,B001,S003,PT02665,6K-8358,1,1,0,7995.48,
5000000783,1,2023-01-05,4500000003,8,B001,S003,PT01744,6Y-5381,2,2,0,89.4,
5000000784,1,2023-01-05,4500000003,11,B001,S003,PT01801,176-0602,13,13,0,33.13,
5000000785,1,2023-01-05,4500000003,12,B001,S003,PT03895,7F-0844,1,1,0,424.47,
5000000786,1,2023-01-05,4500000003,13,B001,S003,PT03988,100-7705,5,5,0,2.98,
5000000787,1,2023-01-05,4500000003,14,B001,S003,PT02472,6I-9076,1,1,0,6062.47,
5000000788,1,2023-01-05,4500000012,3,B002,S001,PT04199,6L-1186,3,3,0,1.42,
5000000789,1,2023-01-05,4500000012,4,B002,S001,PT01668,7I-4229,1,1,0,35.53,
5000000790,1,2023-01-05,4500000012,6,B002,S001,PT02302,504-4661,2,2,0,83.38,
5000000791,1,2023-01-05,4500000012,7,B002,S001,PT02428,2G-5056,2,2,0,130.68,
5000000792,1,2023-01-05,4500000012,8,B002,S001,PT01954,108-3407,1,1,0,93.86,
5000000793,1,2023-01-05,4500000014,1,B002,S003,PT01104,2K-3661,1,1,0,1650.61,
5000000794,1,2023-01-05,4500000014,4,B002,S003,PT02212,313-7717,1,1,0,564.18,
5000000795,1,2023-01-05,4500000014,7,B002,S003,PT00238,1B-7019,1,1,0,1637.94,
5000000796,1,2023-01-05,4500000014,8,B002,S003,PT03914,6I-4575,1,1,0,106.16,
5000000797,1,2023-01-05,4500000014,10,B002,S003,PT04022,7V-9852,2,2,0,3.02,
5000000798,1,2023-01-05,4500000014,11,B002,S003,PT00454,134-6660,2,2,0,154.92,
5000000799,1,2023-01-05,4500000014,13,B002,S003,PT00507,239-6082,9,9,0,94.71,
5000000800,1,2023-01-05,4500000024,1,B002,S031,PT02487,271-9742,1,1,0,2867.96,
5000000801,1,2023-01-05,4500000026,6,B003,S003,PT01652,311-5944,1,1,0,65.17,
5000000802,1,2023-01-05,4500000026,7,B003,S003,PT00636,7D-1395,1,1,0,135.43,
5000000803,1,2023-01-05,4500000026,8,B003,S003,PT02177,275-2402,1,1,0,1090.39,
5000000804,1,2023-01-05,4500000026,10,B003,S003,PT00158,3N-7151,1,1,0,353.31,
5000000805,1,2023-01-05,4500000026,11,B003,S003,PT01720,2A-6382,1,1,0,26.59,
5000000806,1,2023-01-05,4500000026,13,B003,S003,PT03281,5G-8360,1,1,0,669.87,
5000000807,1,2023-01-05,4500000026,16,B003,S003,PT01801,176-0602,2,2,0,33.13,
5000000808,1,2023-01-05,4500000026,17,B003,S003,PT03442,8M-4057,1,1,0,1144.52,
5000000809,1,2023-01-05,4500000026,18,B003,S003,PT00382,342-6053,1,1,0,235.43,
5000000810,1,2023-01-05,4500000026,19,B003,S003,PT00461,289-1736,2,2,0,161.27,
5000000811,1,2023-01-05,4500000026,20,B003,S003,PT04062,593-2696,2,2,0,1.3,
5000000812,1,2023-01-05,4500000026,21,B003,S003,PT04069,484-4883,5,5,0,2.08,
5000000813,1,2023-01-05,4500000027,1,B003,S001,PT00011,1U-3352,1,1,0,40.48,
5000000814,1,2023-01-05,4500000027,2,B003,S001,PT04129,9L-8694,1,1,0,3.03,
5000000815,1,2023-01-05,4500000027,3,B003,S001,PT04199,6L-1186,2,2,0,1.42,
5000000816,1,2023-01-05,4500000027,4,B003,S001,PT00653,1F-5241,1,1,0,79.3,
5000000817,1,2023-01-05,4500000027,5,B003,S001,PT03724,6I-1081,1,1,0,184.15,
5000000818,1,2023-01-05,4500000027,7,B003,S001,PT03271,522-6471,1,1,0,540.38,
5000000819,1,2023-01-05,4500000027,9,B003,S001,PT00229,306-2978,1,1,0,2695.45,
5000000820,1,2023-01-05,4500000027,11,B003,S001,PT02361,597-4624,1,1,0,8.09,
5000000821,1,2023-01-05,4500000027,12,B003,S001,PT02407,5P-2189,2,2,0,205.5,
5000000822,1,2023-01-05,4500000027,13,B003,S001,PT03975,6S-7925,1,1,0,2.96,
5000000823,1,2023-01-05,4500000027,17,B003,S001,PT04060,348-4754,1,1,0,1.5,
5000000824,1,2023-01-05,4500000037,1,B004,S001,PT04097,8S-9044,2,2,0,2.73,
5000000825,1,2023-01-05,4500000037,3,B004,S001,PT04129,9L-8694,3,3,0,3.03,
5000000826,1,2023-01-05,4500000037,4,B004,S001,PT03113,313-8979,1,1,0,897.06,
5000000827,1,2023-01-05,4500000037,6,B004,S001,PT04161,120-0571,2,2,0,0.8,
5000000828,1,2023-01-05,4500000037,7,B004,S001,PT01120,7E-0499,1,1,0,3151.45,
5000000829,1,2023-01-05,4500000037,8,B004,S001,PT01665,7P-1666,1,1,0,29.93,
5000000830,1,2023-01-05,4500000037,9,B004,S001,PT00641,429-8832,1,1,0,71.84,
5000000831,1,2023-01-05,4500000037,14,B004,S001,PT01751,492-1705,2,2,0,36.0,
5000000832,1,2023-01-05,4500000037,15,B004,S001,PT04361,277-4413,1,1,0,180.87,
5000000833,1,2023-01-05,4500000037,16,B004,S001,PT01806,1N-5323,1,1,0,1342.38,
5000000834,1,2023-01-05,4500000037,18,B004,S001,PT02383,576-3354,1,1,0,4.52,
5000000835,1,2023-01-05,4500000037,19,B004,S001,PT02405,9E-1981,1,1,0,239.73,
5000000836,1,2023-01-05,4500000037,20,B004,S001,PT03450,152-1080,1,1,0,1346.66,
5000000837,1,2023-01-05,4500000037,21,B004,S001,PT01950,9J-7356,1,1,0,94.96,
5000000838,1,2023-01-05,4500000037,23,B004,S001,PT01453,404-0325,1,1,0,1062.26,
5000000839,1,2023-01-05,4500000037,25,B004,S001,PT00501,5Y-0341,1,1,0,154.45,
5000000840,1,2023-01-05,4500000041,1,B004,S003,PT00568,5G-0353,1,1,0,54.17,
5000000841,1,2023-01-05,4500000041,4,B004,S003,PT00690,586-8107,1,1,0,8564.34,
5000000842,1,2023-01-05,4500000041,5,B004,S003,PT01230,594-7992,1,1,0,23.92,
5000000843,1,2023-01-05,4500000041,7,B004,S003,PT01746,6U-6664,1,1,0,57.75,
5000000844,1,2023-01-05,4500000041,8,B004,S003,PT01748,448-3086,2,2,0,78.72,
5000000845,1,2023-01-05,4500000041,9,B004,S003,PT00793,193-5635,1,1,0,48.39,
5000000846,1,2023-01-05,4500000041,10,B004,S003,PT00805,3N-4216,1,1,0,109.53,
5000000847,1,2023-01-05,4500000041,15,B004,S003,PT03531,503-2456,1,1,0,15.66,
5000000848,1,2023-01-05,4500000041,16,B004,S003,PT03038,485-1986,1,1,0,842.17,
5000000849,1,,4500000041,18,B004,S003,PT01007,552-4558,1,1,0,452.58,
5000000850,1,2023-01-05,4500000041,19,B004,S003,PT04094,9A-9344,3,3,0,3.78,
5000000851,1,2023-01-05,4500000051,2,B005,S003,PT00539,443-9585,1,1,0,55.05,
5000000852,1,2023-01-05,4500000051,3,B005,S003,PT02096,390-5802,2,2,0,471.33,
5000000853,1,2023-01-05,4500000051,5,B005,S003,PT04190,8H-9735,15,15,0,0.94,
5000000854,1,2023-01-05,4500000051,7,B005,S003,PT04235,3E-5094,4,4,0,1.44,
5000000855,1,2023-01-05,4500000051,9,B005,S003,PT01718,8X-5006,4,4,0,22.59,
5000000856,1,2023-01-05,4500000051,12,B005,S003,PT01261,538-5077,1,1,0,19.66,
5000000857,1,2023-01-05,4500000051,13,B005,S003,PT01321,2J-0771,1,1,0,41.62,
5000000858,1,2023-01-05,4500000051,14,B005,S003,PT00842,167-6181,1,1,0,98.4,
5000000859,1,2023-01-05,4500000051,15,B005,S003,PT00361,4U-2137,3,3,0,223.98,
5000000860,1,2023-01-05,4500000051,19,B005,S003,PT03986,124-3388,10,10,0,2.46,
5000000861,1,2023-01-05,4500000051,21,B005,S003,PT00448,5V-1821,1,1,0,171.14,
5000000862,1,2023-01-05,4500000051,23,B005,S003,PT00467,104-7805,2,2,0,77.26,
5000000863,1,2023-01-05,4500000051,24,B005,S003,PT03040,6U-6775,1,1,0,1048.07,
5000000864,1,2023-01-05,4500000051,27,B005,S003,PT02033,144-3339,1,1,0,402.28,
5000000865,1,2023-01-05,4500000051,28,B005,S003,PT01522,8L-1120,1,1,0,650.26,
5000000866,1,2023-01-05,4500000053,2,B005,S001,PT01110,500-9148,1,1,0,3803.45,
5000000867,1,2023-01-05,4500000053,3,B005,S001,PT01658,311-4289,1,1,0,56.08,
5000000868,1,2023-01-05,4500000053,4,B005,S001,PT01168,202-1329,1,1,0,242.9,
5000000869,1,2023-01-05,4500000053,5,B005,S001,PT01713,5G-7485,2,2,0,36.85,
5000000870,1,2023-01-05,4500000053,8,B005,S001,PT00837,495-0440,1,1,0,68.03,
5000000871,1,2023-01-05,4500000053,11,B005,S001,PT02491,547-9770,1,1,0,3671.9,
5000000872,1,2023-01-05,4500000053,12,B005,S001,PT01989,143-2109,1,1,0,83.87,
5000000873,1,2023-01-05,4500000053,14,B005,S001,PT00494,4A-6316,1,1,0,106.74,
5000000874,1,2023-01-05,4500000061,2,B006,S003,PT00002,1R-0751,2,2,0,36.08,
5000000875,1,2023-01-05,4500000061,4,B006,S003,PT04157,361-1593,3,3,0,1.04,
5000000876,1,2023-01-05,4500000061,5,B006,S003,PT02666,5P-5338,1,1,0,12735.86,
5000000877,1,2023-01-05,4500000061,6,B006,S003,PT02178,304-7841,9,9,0,825.04,
5000000878,1,2023-01-05,4500000061,7,B006,S003,PT02184,3S-3782,2,2,0,917.47,
5000000879,1,2023-01-05,4500000061,8,B006,S003,PT02223,362-8037,2,2,0,681.63,
5000000880,1,2023-01-05,4500000061,10,B006,S003,PT04283,4D-0127,1,1,0,5656.11,
5000000881,1,2023-01-05,4500000061,11,B006,S003,PT01738,9F-6584,1,1,0,33.1,
5000000882,1,2023-01-05,4500000061,12,B006,S003,PT00741,6M-5749,1,1,0,9345.33,
5000000883,1,2023-01-05,4500000061,13,B006,S003,PT01258,498-1398,1,1,0,43.38,
5000000884,1,2023-01-05,4500000061,14,B006,S003,PT01793,491-2264,1,1,0,87.57,
5000000885,1,2023-01-05,4500000061,15,B006,S003,PT02330,197-5053,2,2,0,6.95,
5000000886,1,2023-01-05,4500000061,16,B006,S003,PT01324,1H-5552,1,1,0,38.68,
5000000887,1,2023-01-05,4500000061,17,B006,S003,PT04398,9P-8506,1,1,0,238.27,
5000000888,1,2023-01-05,4500000061,18,B006,S003,PT00887,228-6361,1,1,0,2919.69,
5000000889,1,2023-01-05,4500000061,19,B006,S003,PT00422,123-9229,1,1,0,154.56,
5000000890,1,2023-01-05,4500000061,21,B006,S003,PT04022,7V-9852,2,2,0,3.02,
5000000891,1,2023-01-05,4500000061,22,B006,S003,PT01990,540-4013,1,1,0,62.49,
5000000892,1,2023-01-05,4500000061,23,B006,S003,PT03016,3G-3443,1,1,0,3370.28,
5000000893,1,2023-01-05,4500000061,24,B006,S003,PT03563,339-7237,1,1,0,189.45,
5000000894,1,2023-01-05,4500000062,1,B006,S001,PT00008,6I-2502,3,3,0,65.12,
5000000895,1,2023-01-05,4500000062,3,B006,S001,PT04223,434-5224,1,1,0,1.36,
5000000896,1,2023-01-05,4500000062,4,B006,S001,PT02688,495-6034,1,1,0,12417.56,
5000000897,1,2023-01-05,4500000062,5,B006,S001,PT04236,427-9914,1,1,0,0.67,
5000000898,1,,4500000062,6,B006,S001,PT02244,6E-8211,1,1,0,91.45,
5000000899,1,2023-01-05,4500000062,10,B006,S001,PT00837,495-0440,1,1,0,68.03,
5000000900,1,2023-01-05,4500000062,14,B006,S001,PT02407,5P-2189,1,1,0,205.5,
5000000901,1,2023-01-05,4500000062,15,B006,S001,PT03432,1C-8057,1,1,0,1792.1,
5000000902,1,2023-01-05,4500000062,18,B006,S001,PT02425,6U-8135,1,1,0,150.19,
5000000903,1,2023-01-05,4500000062,19,B006,S001,PT00925,315-3840,1,1,0,797.54,
5000000904,1,2023-01-05,4500000062,20,B006,S001,PT04024,8A-0813,1,1,0,2.45,
5000000905,1,2023-01-05,4500000073,1,B007,S003,PT02566,131-4669,1,1,0,11028.5,
5000000906,1,2023-01-05,4500000073,2,B007,S003,PT01547,362-8135,1,1,0,176.4,
5000000907,1,2023-01-05,4500000073,3,B007,S003,PT00568,5G-0353,3,3,0,54.17,
5000000908,1,2023-01-05,4500000073,4,B007,S003,PT02626,6R-8215,1,1,0,5975.92,
5000000909,1,2023-01-05,4500000073,5,B007,S003,PT04225,376-0185,2,2,0,0.7,
5000000910,1,2023-01-05,4500000073,6,B007,S003,PT04230,2L-7941,2,2,0,0.79,
5000000911,1,2023-01-05,4500000073,7,B007,S003,PT00156,1U-5160,1,1,0,582.73,
5000000912,1,2023-01-05,4500000073,8,B007,S003,PT01718,8X-5006,1,1,0,22.59,
5000000913,1,2023-01-05,4500000073,9,B007,S003,PT01753,9U-7614,1,1,0,86.45,
5000000914,1,2023-01-05,4500000073,14,B007,S003,PT01437,1V-1078,1,1,0,756.92,
5000000915,1,2023-01-05,4500000073,15,B007,S003,PT02975,8R-8006,1,1,0,4046.01,
5000000916,1,2023-01-05,4500000073,16,B007,S003,PT00427,2A-0779,1,1,0,199.35,
5000000917,1,2023-01-05,4500000073,18,B007,S003,PT03016,3G-3443,1,1,0,3370.28,
5000000918,1,2023-01-05,4500000073,19,B007,S003,PT00459,369-5880,2,2,0,136.88,
5000000919,1,2023-01-05,4500000074,1,B007,S001,PT04103,1X-4789,2,2,0,3.28,
5000000920,1,2023-01-05,4500000074,2,B007,S001,PT01556,3S-0196,1,1,0,123.71,
5000000921,1,2023-01-05,4500000074,3,B007,S001,PT00557,2E-0434,1,1,0,128.79,
5000000922,1,2023-01-05,4500000074,4,B007,S001,PT01631,550-1989,1,1,0,197.05,
5000000923,1,2023-01-05,4500000074,5,B007,S001,PT03171,3S-0886,1,1,0,135.93,
5000000924,1,2023-01-05,4500000074,6,B007,S001,PT04213,3U-4743,3,3,0,0.81,
5000000925,1,2023-01-05,4500000074,8,B007,S001,PT01717,560-6984,1,1,0,49.33,
5000000926,1,2023-01-05,4500000074,9,B007,S001,PT02237,5C-7935,2,2,0,1417.73,
5000000927,1,2023-01-05,4500000074,10,B007,S001,PT01727,412-6683,10,10,0,68.31,
5000000928,1,2023-01-05,4500000074,12,B007,S001,PT03296,588-3524,1,1,0,317.18,
5000000929,1,2023-01-05,4500000074,13,B007,S001,PT00232,498-2403,1,1,0,2781.58,
5000000930,1,2023-01-05,4500000074,15,B007,S001,PT00298,101-5516,1,1,0,140.89,
5000000931,1,2023-01-05,4500000074,16,B007,S001,PT02882,3C-4612,1,1,0,95.85,
5000000932,1,2022-09-07,4500000074,18,B007,S001,PT00436,1C-5307,1,1,0,190.3,
5000000933,1,2023-01-05,4500000074,19,B007,S001,PT01979,502-5624,1,1,0,51.12,
5000000934,1,2023-01-05,4500000074,20,B007,S001,PT02502,181-9825,1,1,0,3026.28,
5000000935,1,2023-01-05,4500000074,21,B007,S001,PT00979,580-8631,1,1,0,483.91,
5000000936,1,2023-01-05,4500000074,23,B007,S001,PT02529,235-0052,1,1,0,6557.32,
5000000937,1,2023-01-05,4500000074,24,B007,S001,PT02020,1U-4104,1,1,0,34.28,
5000000938,1,2023-01-05,4500000088,1,B008,S003,PT01288,149-1823,1,1,0,20.24,
5000000939,1,2023-01-05,4500000088,3,B008,S003,PT03890,2D-6732,1,1,0,532.95,
5000000940,1,2023-01-05,4500000088,5,B008,S003,PT04154,9B-3690,1,1,0,1.36,
5000000941,1,2023-01-05,4500000088,6,B008,S003,PT03981,434-3557,4,4,0,2.89,
5000000942,1,2023-01-05,4500000088,9,B008,S003,PT01754,487-1786,2,2,0,84.41,
5000000943,1,2023-01-05,4500000090,5,B008,S001,PT04237,6D-9015,4,4,0,1.58,
5000000944,1,2023-01-05,4500000090,6,B008,S001,PT01685,6L-1105,1,1,0,47.2,
5000000945,1,2023-01-05,4500000090,7,B008,S001,PT04040,4L-9807,2,2,0,2.43,
5000000946,1,2023-01-05,4500000090,8,B008,S001,PT04084,1W-0466,1,1,0,5.99,
5000000947,1,2023-01-05,4500000092,1,B008,S031,PT00853,379-5087,1,1,0,52.25,
5000000948,1,2023-01-05,4500000097,2,B009,S003,PT03594,6I-6974,1,1,0,265.02,
5000000949,1,2023-01-05,4500000097,3,B009,S003,PT02077,365-5098,1,1,0,366.48,
5000000950,1,2023-01-05,4500000097,5,B009,S003,PT00568,5G-0353,1,1,0,54.17,
5000000951,1,2023-01-05,4500000097,6,B009,S003,PT03161,272-6963,1,1,0,91.1,
5000000952,1,2023-01-05,4500000097,7,B009,S003,PT01688,8A-3578,2,2,0,53.69,
5000000953,1,2023-01-05,4500000097,8,B009,S003,PT04280,2M-4527,1,1,0,6324.7,
5000000954,1,2023-01-05,4500000097,10,B009,S003,PT01231,268-6129,1,1,0,28.61,
5000000955,1,2023-01-05,4500000097,12,B009,S003,PT02369,476-8638,2,2,0,4.35,
5000000956,1,2023-01-05,4500000097,16,B009,S003,PT03458,599-6769,1,1,0,23.2,
5000000957,1,2023-01-05,4500000097,17,B009,S003,PT02451,4F-8010,2,2,0,214.42,
5000000958,1,2023-01-05,4500000103,1,B009,S001,PT00565,170-6202,2,2,0,132.3,
5000000959,1,2023-01-05,4500000103,3,B009,S001,PT02171,7V-3698,1,1,0,884.43,
5000000960,1,2023-01-05,4500000103,4,B009,S001,PT01669,4W-7032,1,1,0,56.18,
5000000961,1,2023-01-05,4500000103,5,B009,S001,PT02196,437-6318,1,1,0,988.75,
5000000962,1,2023-01-05,4500000103,6,B009,S001,PT02253,7I-6443,1,1,0,82.51,
5000000963,1,2023-01-05,4500000103,9,B009,S001,PT00368,526-6745,1,1,0,386.05,
5000000964,1,2023-01-05,4500000103,10,B009,S001,PT00905,351-2035,1,1,0,412.52,
5000000965,1,2023-01-05,4500000103,12,B009,S001,PT02531,512-0985,1,1,0,5784.88,
5000000966,1,2023-01-05,4500000103,13,B009,S001,PT03556,516-4088,1,1,0,105.41,
5000000967,1,2023-01-05,4500000103,14,B009,S001,PT02044,9U-1511,1,1,0,448.78,
5000000968,1,2023-01-05,4500000114,1,B010,S003,PT00539,443-9585,1,1,0,55.05,
5000000969,1,2023-01-05,4500000114,2,B010,S003,PT00036,7B-8059,1,1,0,251.14,
5000000970,1,2023-01-05,4500000114,3,B010,S003,PT02095,5W-5157,1,1,0,313.32,
5000000971,1,2023-01-05,4500000114,6,B010,S003,PT04181,580-1351,12,12,0,0.81,
5000000972,1,2023-01-05,4500000114,8,B010,S003,PT00127,316-3094,1,1,0,322.86,
5000000973,1,2023-01-05,4500000114,9,B010,S003,PT02177,275-2402,2,2,0,1090.39,
5000000974,1,2023-01-05,4500000114,12,B010,S003,PT00222,3V-5242,1,1,0,2581.65,
5000000975,1,2023-01-05,4500000114,14,B010,S003,PT04345,528-8164,1,1,0,7428.14,
5000000976,1,2023-01-05,4500000114,15,B010,S003,PT01787,4K-0418,1,1,0,69.94,
5000000977,1,2023-01-05,4500000114,17,B010,S003,PT00793,193-5635,1,1,0,48.39,
5000000978,1,2023-01-05,4500000114,18,B010,S003,PT02369,476-8638,2,2,0,4.35,
5000000979,1,2023-01-05,4500000114,22,B010,S003,PT01428,8R-2815,1,1,0,1138.22,
5000000980,1,2023-01-05,4500000114,24,B010,S003,PT00972,2C-8876,1,1,0,704.21,
5000000981,1,2023-01-05,4500000115,1,B010,S001,PT04129,9L-8694,2,2,0,3.03,
5000000982,1,2023-01-05,4500000115,3,B010,S001,PT04165,7D-7168,4,4,0,0.58,
5000000983,1,2023-01-05,4500000115,6,B010,S001,PT04231,6U-1383,2,2,0,0.55,
5000000984,1,2023-01-05,4500000115,7,B010,S001,PT02200,442-2577,1,1,0,888.69,
5000000985,1,2023-01-05,4500000115,8,B010,S001,PT01706,1L-1323,3,3,0,23.61,
5000000986,1,2023-01-05,4500000115,11,B010,S001,PT02294,1M-9697,3,3,0,94.83,
5000000987,1,2023-01-05,4500000115,12,B010,S001,PT01861,109-1388,1,1,0,54.58,
5000000988,1,2023-01-05,4500000115,13,B010,S001,PT02412,554-4475,2,2,0,231.32,
5000000989,1,2023-01-05,4500000115,15,B010,S001,PT03975,6S-7925,4,4,0,2.96,
5000000990,1,2023-01-05,4500000115,16,B010,S001,PT00934,392-9801,1,1,0,514.4,
5000000991,1,2023-01-05,4500000115,17,B010,S001,PT00420,343-6869,2,2,0,197.1,
5000000992,1,2023-01-05,4500000115,18,B010,S001,PT00939,1W-9619,1,1,0,627.62,
5000000993,1,,4500000115,19,B010,S001,PT00942,3Y-1763,1,1,0,527.65,
5000000994,1,2023-01-05,4500000115,21,B010,S001,PT01979,502-5624,1,1,0,51.12,
5000000995,1,2023-01-05,4500000127,3,B011,S001,PT01575,4J-1038,1,1,0,217.15,
5000000996,1,2023-01-05,4500000127,4,B011,S001,PT02610,147-9005,1,1,0,7819.92,
5000000997,1,2023-01-05,4500000127,5,B011,S001,PT04177,286-0608,2,2,0,1.12,
5000000998,1,2023-01-05,4500000127,6,B011,S001,PT02161,3X-7130,1,1,0,1570.86,
5000000999,1,2023-01-05,4500000127,8,B011,S001,PT01687,132-7855,2,2,0,52.13,
5000001000,1,2023-01-05,4500000127,9,B011,S001,PT01183,164-8590,1,1,0,131.92,
