retrieved_at,source,dataset,status,rows,note
2026-10-03T22:56:21Z,FRED,TTLCONS,ok,104,public csv
2026-10-03T22:56:21Z,FRED,TLNRESCONS,ok,104,public csv
2026-10-03T22:56:21Z,FRED,TLHWYCONS,ok,104,public csv
2026-10-03T22:56:21Z,FRED,HOUST,ok,104,public csv
2026-10-03T22:56:21Z,FRED,VABPPRIVSA,ok,104,public csv
2026-10-03T22:56:21Z,FRED,WVBPPRIVSA,ok,104,public csv
2026-10-03T22:56:21Z,FRED,MDBPPRIVSA,ok,104,public csv
2026-10-03T22:56:21Z,FRED,DEBPPRIVSA,ok,104,public csv
2026-10-03T22:56:21Z,FRED,VACONS,ok,104,public csv
2026-10-03T22:56:21Z,FRED,WVCONS,ok,104,public csv
2026-10-03T22:56:21Z,FRED,SMS24000002000000001,ok,104,public csv
2026-10-03T22:56:21Z,FRED,WPU112,ok,104,public csv
2026-10-03T22:56:21Z,FRED,PCU333120333120,ok,104,public csv
2026-10-03T22:56:21Z,FRED,CPIAUCSL,ok,103,public csv
2026-10-03T22:56:21Z,FRED,IPN2121N,ok,104,public csv
2026-10-03T22:56:21Z,FRED,IPG212S,ok,104,public csv
2026-10-03T22:56:21Z,FRED,MORTGAGE30US,ok,457,public csv
2026-10-03T22:56:21Z,FRED,WTISPLC,ok,104,public csv
2026-10-03T22:56:21Z,FRED,GASDESW,ok,457,public csv
2026-10-03T22:56:21Z,EIA,regional diesel,skipped,0,set EIA_API_KEY to enable
2026-10-03T22:56:21Z,NOAA,storm events 2023,ok,3112,StormEvents_details-ftp_v1.0_d2023_c20260323.csv.gz
2026-10-03T22:56:21Z,NOAA,storm events 2024,ok,4024,StormEvents_details-ftp_v1.0_d2024_c20260728.csv.gz
2026-10-03T22:56:21Z,NOAA,storm events 2025,ok,5871,StormEvents_details-ftp_v1.0_d2025_c20260819.csv.gz
2026-10-03T22:56:21Z,NOAA,storm events 2026,ok,2557,StormEvents_details-ftp_v1.0_d2026_c20260918.csv.gz
2026-10-03T22:56:21Z,NWS,active alerts VA,ok,0,
2026-10-03T22:56:21Z,NWS,active alerts WV,ok,0,
2026-10-03T22:56:21Z,NWS,active alerts MD,ok,1,
2026-10-03T22:56:21Z,NWS,active alerts DE,ok,0,
2026-10-03T22:59:43Z,FRED,TTLCONS,ok,104,public csv
2026-10-03T22:59:43Z,FRED,TLNRESCONS,ok,104,public csv
2026-10-03T22:59:43Z,FRED,TLHWYCONS,ok,104,public csv
2026-10-03T22:59:43Z,FRED,HOUST,ok,104,public csv
2026-10-03T22:59:43Z,FRED,VABPPRIVSA,ok,104,public csv
2026-10-03T22:59:43Z,FRED,WVBPPRIVSA,ok,104,public csv
2026-10-03T22:59:43Z,FRED,MDBPPRIVSA,ok,104,public csv
2026-10-03T22:59:43Z,FRED,DEBPPRIVSA,ok,104,public csv
2026-10-03T22:59:43Z,FRED,VACONS,ok,104,public csv
2026-10-03T22:59:43Z,FRED,WVCONS,ok,104,public csv
2026-10-03T22:59:43Z,FRED,SMS24000002000000001,ok,104,public csv
2026-10-03T22:59:43Z,FRED,WPU112,ok,104,public csv
2026-10-03T22:59:43Z,FRED,PCU333120333120,ok,104,public csv
2026-10-03T22:59:43Z,FRED,CPIAUCSL,ok,103,public csv
2026-10-03T22:59:43Z,FRED,IPN2121N,ok,104,public csv
2026-10-03T22:59:43Z,FRED,IPG212S,ok,104,public csv
2026-10-03T22:59:43Z,FRED,MORTGAGE30US,ok,457,public csv
2026-10-03T22:59:43Z,FRED,WTISPLC,ok,104,public csv
2026-10-03T22:59:43Z,FRED,GASDESW,ok,457,public csv
2026-10-03T22:59:43Z,EIA,regional diesel,skipped,0,set EIA_API_KEY to enable
2026-10-03T22:59:43Z,NOAA,storm events 2023,ok,3112,StormEvents_details-ftp_v1.0_d2023_c20260323.csv.gz
2026-10-03T22:59:43Z,NOAA,storm events 2024,ok,4024,StormEvents_details-ftp_v1.0_d2024_c20260728.csv.gz
2026-10-03T22:59:43Z,NOAA,storm events 2025,ok,5871,StormEvents_details-ftp_v1.0_d2025_c20260819.csv.gz
2026-10-03T22:59:43Z,NOAA,storm events 2026,ok,2557,StormEvents_details-ftp_v1.0_d2026_c20260918.csv.gz
2026-10-03T22:59:43Z,NWS,active alerts VA,ok,0,
2026-10-03T22:59:43Z,NWS,active alerts WV,ok,0,
2026-10-03T22:59:43Z,NWS,active alerts MD,ok,1,
2026-10-03T22:59:43Z,NWS,active alerts DE,ok,0,
