week_of,region,product,price_usd_per_gal,source,retrieved_at
2018-01-01,US,No. 2 Diesel Retail,2.973,FRED (EIA data),2026-10-03T22:59:43Z
2018-01-08,US,No. 2 Diesel Retail,2.996,FRED (EIA data),2026-10-03T22:59:43Z
2018-01-15,US,No. 2 Diesel Retail,3.028,FRED (EIA data),2026-10-03T22:59:43Z
2018-01-22,US,No. 2 Diesel Retail,3.025,FRED (EIA data),2026-10-03T22:59:43Z
2018-01-29,US,No. 2 Diesel Retail,3.07,FRED (EIA data),2026-10-03T22:59:43Z
2018-02-05,US,No. 2 Diesel Retail,3.086,FRED (EIA data),2026-10-03T22:59:43Z
2018-02-12,US,No. 2 Diesel Retail,3.063,FRED (EIA data),2026-10-03T22:59:43Z
2018-02-19,US,No. 2 Diesel Retail,3.027,FRED (EIA data),2026-10-03T22:59:43Z
2018-02-26,US,No. 2 Diesel Retail,3.007,FRED (EIA data),2026-10-03T22:59:43Z
2018-03-05,US,No. 2 Diesel Retail,2.992,FRED (EIA data),2026-10-03T22:59:43Z
2018-03-12,US,No. 2 Diesel Retail,2.976,FRED (EIA data),2026-10-03T22:59:43Z
2018-03-19,US,No. 2 Diesel Retail,2.972,FRED (EIA data),2026-10-03T22:59:43Z
2018-03-26,US,No. 2 Diesel Retail,3.01,FRED (EIA data),2026-10-03T22:59:43Z
2018-04-02,US,No. 2 Diesel Retail,3.042,FRED (EIA data),2026-10-03T22:59:43Z
2018-04-09,US,No. 2 Diesel Retail,3.043,FRED (EIA data),2026-10-03T22:59:43Z
2018-04-16,US,No. 2 Diesel Retail,3.104,FRED (EIA data),2026-10-03T22:59:43Z
2018-04-23,US,No. 2 Diesel Retail,3.133,FRED (EIA data),2026-10-03T22:59:43Z
2018-04-30,US,No. 2 Diesel Retail,3.157,FRED (EIA data),2026-10-03T22:59:43Z
2018-05-07,US,No. 2 Diesel Retail,3.171,FRED (EIA data),2026-10-03T22:59:43Z
2018-05-14,US,No. 2 Diesel Retail,3.239,FRED (EIA data),2026-10-03T22:59:43Z
2018-05-21,US,No. 2 Diesel Retail,3.277,FRED (EIA data),2026-10-03T22:59:43Z
2018-05-28,US,No. 2 Diesel Retail,3.288,FRED (EIA data),2026-10-03T22:59:43Z
2018-06-04,US,No. 2 Diesel Retail,3.285,FRED (EIA data),2026-10-03T22:59:43Z
2018-06-11,US,No. 2 Diesel Retail,3.266,FRED (EIA data),2026-10-03T22:59:43Z
2018-06-18,US,No. 2 Diesel Retail,3.244,FRED (EIA data),2026-10-03T22:59:43Z
2018-06-25,US,No. 2 Diesel Retail,3.216,FRED (EIA data),2026-10-03T22:59:43Z
2018-07-02,US,No. 2 Diesel Retail,3.236,FRED (EIA data),2026-10-03T22:59:43Z
2018-07-09,US,No. 2 Diesel Retail,3.243,FRED (EIA data),2026-10-03T22:59:43Z
2018-07-16,US,No. 2 Diesel Retail,3.239,FRED (EIA data),2026-10-03T22:59:43Z
2018-07-23,US,No. 2 Diesel Retail,3.22,FRED (EIA data),2026-10-03T22:59:43Z
2018-07-30,US,No. 2 Diesel Retail,3.226,FRED (EIA data),2026-10-03T22:59:43Z
2018-08-06,US,No. 2 Diesel Retail,3.223,FRED (EIA data),2026-10-03T22:59:43Z
2018-08-13,US,No. 2 Diesel Retail,3.217,FRED (EIA data),2026-10-03T22:59:43Z
2018-08-20,US,No. 2 Diesel Retail,3.207,FRED (EIA data),2026-10-03T22:59:43Z
2018-08-27,US,No. 2 Diesel Retail,3.226,FRED (EIA data),2026-10-03T22:59:43Z
2018-09-03,US,No. 2 Diesel Retail,3.252,FRED (EIA data),2026-10-03T22:59:43Z
2018-09-10,US,No. 2 Diesel Retail,3.258,FRED (EIA data),2026-10-03T22:59:43Z
2018-09-17,US,No. 2 Diesel Retail,3.268,FRED (EIA data),2026-10-03T22:59:43Z
2018-09-24,US,No. 2 Diesel Retail,3.271,FRED (EIA data),2026-10-03T22:59:43Z
2018-10-01,US,No. 2 Diesel Retail,3.313,FRED (EIA data),2026-10-03T22:59:43Z
2018-10-08,US,No. 2 Diesel Retail,3.385,FRED (EIA data),2026-10-03T22:59:43Z
2018-10-15,US,No. 2 Diesel Retail,3.394,FRED (EIA data),2026-10-03T22:59:43Z
2018-10-22,US,No. 2 Diesel Retail,3.38,FRED (EIA data),2026-10-03T22:59:43Z
2018-10-29,US,No. 2 Diesel Retail,3.355,FRED (EIA data),2026-10-03T22:59:43Z
2018-11-05,US,No. 2 Diesel Retail,3.338,FRED (EIA data),2026-10-03T22:59:43Z
2018-11-12,US,No. 2 Diesel Retail,3.317,FRED (EIA data),2026-10-03T22:59:43Z
2018-11-19,US,No. 2 Diesel Retail,3.282,FRED (EIA data),2026-10-03T22:59:43Z
2018-11-26,US,No. 2 Diesel Retail,3.261,FRED (EIA data),2026-10-03T22:59:43Z
2018-12-03,US,No. 2 Diesel Retail,3.207,FRED (EIA data),2026-10-03T22:59:43Z
2018-12-10,US,No. 2 Diesel Retail,3.161,FRED (EIA data),2026-10-03T22:59:43Z
2018-12-17,US,No. 2 Diesel Retail,3.121,FRED (EIA data),2026-10-03T22:59:43Z
2018-12-24,US,No. 2 Diesel Retail,3.077,FRED (EIA data),2026-10-03T22:59:43Z
2018-12-31,US,No. 2 Diesel Retail,3.048,FRED (EIA data),2026-10-03T22:59:43Z
2019-01-07,US,No. 2 Diesel Retail,3.013,FRED (EIA data),2026-10-03T22:59:43Z
2019-01-14,US,No. 2 Diesel Retail,2.976,FRED (EIA data),2026-10-03T22:59:43Z
2019-01-21,US,No. 2 Diesel Retail,2.965,FRED (EIA data),2026-10-03T22:59:43Z
2019-01-28,US,No. 2 Diesel Retail,2.965,FRED (EIA data),2026-10-03T22:59:43Z
2019-02-04,US,No. 2 Diesel Retail,2.966,FRED (EIA data),2026-10-03T22:59:43Z
2019-02-11,US,No. 2 Diesel Retail,2.966,FRED (EIA data),2026-10-03T22:59:43Z
2019-02-18,US,No. 2 Diesel Retail,3.006,FRED (EIA data),2026-10-03T22:59:43Z
2019-02-25,US,No. 2 Diesel Retail,3.048,FRED (EIA data),2026-10-03T22:59:43Z
2019-03-04,US,No. 2 Diesel Retail,3.076,FRED (EIA data),2026-10-03T22:59:43Z
2019-03-11,US,No. 2 Diesel Retail,3.079,FRED (EIA data),2026-10-03T22:59:43Z
2019-03-18,US,No. 2 Diesel Retail,3.07,FRED (EIA data),2026-10-03T22:59:43Z
2019-03-25,US,No. 2 Diesel Retail,3.08,FRED (EIA data),2026-10-03T22:59:43Z
2019-04-01,US,No. 2 Diesel Retail,3.078,FRED (EIA data),2026-10-03T22:59:43Z
2019-04-08,US,No. 2 Diesel Retail,3.093,FRED (EIA data),2026-10-03T22:59:43Z
2019-04-15,US,No. 2 Diesel Retail,3.118,FRED (EIA data),2026-10-03T22:59:43Z
2019-04-22,US,No. 2 Diesel Retail,3.147,FRED (EIA data),2026-10-03T22:59:43Z
2019-04-29,US,No. 2 Diesel Retail,3.169,FRED (EIA data),2026-10-03T22:59:43Z
2019-05-06,US,No. 2 Diesel Retail,3.171,FRED (EIA data),2026-10-03T22:59:43Z
2019-05-13,US,No. 2 Diesel Retail,3.16,FRED (EIA data),2026-10-03T22:59:43Z
2019-05-20,US,No. 2 Diesel Retail,3.163,FRED (EIA data),2026-10-03T22:59:43Z
2019-05-27,US,No. 2 Diesel Retail,3.151,FRED (EIA data),2026-10-03T22:59:43Z
2019-06-03,US,No. 2 Diesel Retail,3.136,FRED (EIA data),2026-10-03T22:59:43Z
2019-06-10,US,No. 2 Diesel Retail,3.105,FRED (EIA data),2026-10-03T22:59:43Z
2019-06-17,US,No. 2 Diesel Retail,3.07,FRED (EIA data),2026-10-03T22:59:43Z
2019-06-24,US,No. 2 Diesel Retail,3.043,FRED (EIA data),2026-10-03T22:59:43Z
2019-07-01,US,No. 2 Diesel Retail,3.042,FRED (EIA data),2026-10-03T22:59:43Z
2019-07-08,US,No. 2 Diesel Retail,3.055,FRED (EIA data),2026-10-03T22:59:43Z
2019-07-15,US,No. 2 Diesel Retail,3.051,FRED (EIA data),2026-10-03T22:59:43Z
2019-07-22,US,No. 2 Diesel Retail,3.044,FRED (EIA data),2026-10-03T22:59:43Z
2019-07-29,US,No. 2 Diesel Retail,3.034,FRED (EIA data),2026-10-03T22:59:43Z
2019-08-05,US,No. 2 Diesel Retail,3.032,FRED (EIA data),2026-10-03T22:59:43Z
2019-08-12,US,No. 2 Diesel Retail,3.011,FRED (EIA data),2026-10-03T22:59:43Z
2019-08-19,US,No. 2 Diesel Retail,2.994,FRED (EIA data),2026-10-03T22:59:43Z
2019-08-26,US,No. 2 Diesel Retail,2.983,FRED (EIA data),2026-10-03T22:59:43Z
2019-09-02,US,No. 2 Diesel Retail,2.976,FRED (EIA data),2026-10-03T22:59:43Z
2019-09-09,US,No. 2 Diesel Retail,2.971,FRED (EIA data),2026-10-03T22:59:43Z
2019-09-16,US,No. 2 Diesel Retail,2.987,FRED (EIA data),2026-10-03T22:59:43Z
2019-09-23,US,No. 2 Diesel Retail,3.081,FRED (EIA data),2026-10-03T22:59:43Z
2019-09-30,US,No. 2 Diesel Retail,3.066,FRED (EIA data),2026-10-03T22:59:43Z
2019-10-07,US,No. 2 Diesel Retail,3.047,FRED (EIA data),2026-10-03T22:59:43Z
2019-10-14,US,No. 2 Diesel Retail,3.051,FRED (EIA data),2026-10-03T22:59:43Z
2019-10-21,US,No. 2 Diesel Retail,3.05,FRED (EIA data),2026-10-03T22:59:43Z
2019-10-28,US,No. 2 Diesel Retail,3.064,FRED (EIA data),2026-10-03T22:59:43Z
2019-11-04,US,No. 2 Diesel Retail,3.062,FRED (EIA data),2026-10-03T22:59:43Z
2019-11-11,US,No. 2 Diesel Retail,3.073,FRED (EIA data),2026-10-03T22:59:43Z
2019-11-18,US,No. 2 Diesel Retail,3.074,FRED (EIA data),2026-10-03T22:59:43Z
2019-11-25,US,No. 2 Diesel Retail,3.066,FRED (EIA data),2026-10-03T22:59:43Z
2019-12-02,US,No. 2 Diesel Retail,3.07,FRED (EIA data),2026-10-03T22:59:43Z
2019-12-09,US,No. 2 Diesel Retail,3.049,FRED (EIA data),2026-10-03T22:59:43Z
2019-12-16,US,No. 2 Diesel Retail,3.046,FRED (EIA data),2026-10-03T22:59:43Z
2019-12-23,US,No. 2 Diesel Retail,3.041,FRED (EIA data),2026-10-03T22:59:43Z
2019-12-30,US,No. 2 Diesel Retail,3.069,FRED (EIA data),2026-10-03T22:59:43Z
2020-01-06,US,No. 2 Diesel Retail,3.079,FRED (EIA data),2026-10-03T22:59:43Z
2020-01-13,US,No. 2 Diesel Retail,3.064,FRED (EIA data),2026-10-03T22:59:43Z
2020-01-20,US,No. 2 Diesel Retail,3.037,FRED (EIA data),2026-10-03T22:59:43Z
2020-01-27,US,No. 2 Diesel Retail,3.01,FRED (EIA data),2026-10-03T22:59:43Z
2020-02-03,US,No. 2 Diesel Retail,2.956,FRED (EIA data),2026-10-03T22:59:43Z
2020-02-10,US,No. 2 Diesel Retail,2.91,FRED (EIA data),2026-10-03T22:59:43Z
2020-02-17,US,No. 2 Diesel Retail,2.89,FRED (EIA data),2026-10-03T22:59:43Z
2020-02-24,US,No. 2 Diesel Retail,2.882,FRED (EIA data),2026-10-03T22:59:43Z
2020-03-02,US,No. 2 Diesel Retail,2.851,FRED (EIA data),2026-10-03T22:59:43Z
2020-03-09,US,No. 2 Diesel Retail,2.814,FRED (EIA data),2026-10-03T22:59:43Z
2020-03-16,US,No. 2 Diesel Retail,2.733,FRED (EIA data),2026-10-03T22:59:43Z
2020-03-23,US,No. 2 Diesel Retail,2.659,FRED (EIA data),2026-10-03T22:59:43Z
2020-03-30,US,No. 2 Diesel Retail,2.586,FRED (EIA data),2026-10-03T22:59:43Z
2020-04-06,US,No. 2 Diesel Retail,2.548,FRED (EIA data),2026-10-03T22:59:43Z
2020-04-13,US,No. 2 Diesel Retail,2.507,FRED (EIA data),2026-10-03T22:59:43Z
2020-04-20,US,No. 2 Diesel Retail,2.48,FRED (EIA data),2026-10-03T22:59:43Z
2020-04-27,US,No. 2 Diesel Retail,2.437,FRED (EIA data),2026-10-03T22:59:43Z
2020-05-04,US,No. 2 Diesel Retail,2.399,FRED (EIA data),2026-10-03T22:59:43Z
2020-05-11,US,No. 2 Diesel Retail,2.394,FRED (EIA data),2026-10-03T22:59:43Z
2020-05-18,US,No. 2 Diesel Retail,2.386,FRED (EIA data),2026-10-03T22:59:43Z
2020-05-25,US,No. 2 Diesel Retail,2.39,FRED (EIA data),2026-10-03T22:59:43Z
2020-06-01,US,No. 2 Diesel Retail,2.386,FRED (EIA data),2026-10-03T22:59:43Z
2020-06-08,US,No. 2 Diesel Retail,2.396,FRED (EIA data),2026-10-03T22:59:43Z
2020-06-15,US,No. 2 Diesel Retail,2.403,FRED (EIA data),2026-10-03T22:59:43Z
2020-06-22,US,No. 2 Diesel Retail,2.425,FRED (EIA data),2026-10-03T22:59:43Z
2020-06-29,US,No. 2 Diesel Retail,2.43,FRED (EIA data),2026-10-03T22:59:43Z
2020-07-06,US,No. 2 Diesel Retail,2.437,FRED (EIA data),2026-10-03T22:59:43Z
2020-07-13,US,No. 2 Diesel Retail,2.438,FRED (EIA data),2026-10-03T22:59:43Z
2020-07-20,US,No. 2 Diesel Retail,2.433,FRED (EIA data),2026-10-03T22:59:43Z
2020-07-27,US,No. 2 Diesel Retail,2.427,FRED (EIA data),2026-10-03T22:59:43Z
2020-08-03,US,No. 2 Diesel Retail,2.424,FRED (EIA data),2026-10-03T22:59:43Z
2020-08-10,US,No. 2 Diesel Retail,2.428,FRED (EIA data),2026-10-03T22:59:43Z
2020-08-17,US,No. 2 Diesel Retail,2.427,FRED (EIA data),2026-10-03T22:59:43Z
2020-08-24,US,No. 2 Diesel Retail,2.426,FRED (EIA data),2026-10-03T22:59:43Z
2020-08-31,US,No. 2 Diesel Retail,2.441,FRED (EIA data),2026-10-03T22:59:43Z
2020-09-07,US,No. 2 Diesel Retail,2.435,FRED (EIA data),2026-10-03T22:59:43Z
2020-09-14,US,No. 2 Diesel Retail,2.422,FRED (EIA data),2026-10-03T22:59:43Z
2020-09-21,US,No. 2 Diesel Retail,2.404,FRED (EIA data),2026-10-03T22:59:43Z
2020-09-28,US,No. 2 Diesel Retail,2.394,FRED (EIA data),2026-10-03T22:59:43Z
2020-10-05,US,No. 2 Diesel Retail,2.387,FRED (EIA data),2026-10-03T22:59:43Z
2020-10-12,US,No. 2 Diesel Retail,2.395,FRED (EIA data),2026-10-03T22:59:43Z
2020-10-19,US,No. 2 Diesel Retail,2.388,FRED (EIA data),2026-10-03T22:59:43Z
2020-10-26,US,No. 2 Diesel Retail,2.385,FRED (EIA data),2026-10-03T22:59:43Z
2020-11-02,US,No. 2 Diesel Retail,2.372,FRED (EIA data),2026-10-03T22:59:43Z
2020-11-09,US,No. 2 Diesel Retail,2.383,FRED (EIA data),2026-10-03T22:59:43Z
2020-11-16,US,No. 2 Diesel Retail,2.441,FRED (EIA data),2026-10-03T22:59:43Z
2020-11-23,US,No. 2 Diesel Retail,2.462,FRED (EIA data),2026-10-03T22:59:43Z
2020-11-30,US,No. 2 Diesel Retail,2.502,FRED (EIA data),2026-10-03T22:59:43Z
2020-12-07,US,No. 2 Diesel Retail,2.526,FRED (EIA data),2026-10-03T22:59:43Z
2020-12-14,US,No. 2 Diesel Retail,2.559,FRED (EIA data),2026-10-03T22:59:43Z
2020-12-21,US,No. 2 Diesel Retail,2.619,FRED (EIA data),2026-10-03T22:59:43Z
2020-12-28,US,No. 2 Diesel Retail,2.635,FRED (EIA data),2026-10-03T22:59:43Z
2021-01-04,US,No. 2 Diesel Retail,2.64,FRED (EIA data),2026-10-03T22:59:43Z
2021-01-11,US,No. 2 Diesel Retail,2.67,FRED (EIA data),2026-10-03T22:59:43Z
2021-01-18,US,No. 2 Diesel Retail,2.696,FRED (EIA data),2026-10-03T22:59:43Z
2021-01-25,US,No. 2 Diesel Retail,2.716,FRED (EIA data),2026-10-03T22:59:43Z
2021-02-01,US,No. 2 Diesel Retail,2.738,FRED (EIA data),2026-10-03T22:59:43Z
2021-02-08,US,No. 2 Diesel Retail,2.801,FRED (EIA data),2026-10-03T22:59:43Z
2021-02-15,US,No. 2 Diesel Retail,2.876,FRED (EIA data),2026-10-03T22:59:43Z
2021-02-22,US,No. 2 Diesel Retail,2.973,FRED (EIA data),2026-10-03T22:59:43Z
2021-03-01,US,No. 2 Diesel Retail,3.072,FRED (EIA data),2026-10-03T22:59:43Z
2021-03-08,US,No. 2 Diesel Retail,3.143,FRED (EIA data),2026-10-03T22:59:43Z
2021-03-15,US,No. 2 Diesel Retail,3.191,FRED (EIA data),2026-10-03T22:59:43Z
2021-03-22,US,No. 2 Diesel Retail,3.194,FRED (EIA data),2026-10-03T22:59:43Z
2021-03-29,US,No. 2 Diesel Retail,3.161,FRED (EIA data),2026-10-03T22:59:43Z
2021-04-05,US,No. 2 Diesel Retail,3.144,FRED (EIA data),2026-10-03T22:59:43Z
2021-04-12,US,No. 2 Diesel Retail,3.129,FRED (EIA data),2026-10-03T22:59:43Z
2021-04-19,US,No. 2 Diesel Retail,3.124,FRED (EIA data),2026-10-03T22:59:43Z
2021-04-26,US,No. 2 Diesel Retail,3.124,FRED (EIA data),2026-10-03T22:59:43Z
2021-05-03,US,No. 2 Diesel Retail,3.142,FRED (EIA data),2026-10-03T22:59:43Z
2021-05-10,US,No. 2 Diesel Retail,3.186,FRED (EIA data),2026-10-03T22:59:43Z
2021-05-17,US,No. 2 Diesel Retail,3.249,FRED (EIA data),2026-10-03T22:59:43Z
2021-05-24,US,No. 2 Diesel Retail,3.253,FRED (EIA data),2026-10-03T22:59:43Z
2021-05-31,US,No. 2 Diesel Retail,3.255,FRED (EIA data),2026-10-03T22:59:43Z
2021-06-07,US,No. 2 Diesel Retail,3.274,FRED (EIA data),2026-10-03T22:59:43Z
2021-06-14,US,No. 2 Diesel Retail,3.286,FRED (EIA data),2026-10-03T22:59:43Z
2021-06-21,US,No. 2 Diesel Retail,3.287,FRED (EIA data),2026-10-03T22:59:43Z
2021-06-28,US,No. 2 Diesel Retail,3.3,FRED (EIA data),2026-10-03T22:59:43Z
2021-07-05,US,No. 2 Diesel Retail,3.331,FRED (EIA data),2026-10-03T22:59:43Z
2021-07-12,US,No. 2 Diesel Retail,3.338,FRED (EIA data),2026-10-03T22:59:43Z
2021-07-19,US,No. 2 Diesel Retail,3.344,FRED (EIA data),2026-10-03T22:59:43Z
2021-07-26,US,No. 2 Diesel Retail,3.342,FRED (EIA data),2026-10-03T22:59:43Z
2021-08-02,US,No. 2 Diesel Retail,3.367,FRED (EIA data),2026-10-03T22:59:43Z
2021-08-09,US,No. 2 Diesel Retail,3.364,FRED (EIA data),2026-10-03T22:59:43Z
2021-08-16,US,No. 2 Diesel Retail,3.356,FRED (EIA data),2026-10-03T22:59:43Z
2021-08-23,US,No. 2 Diesel Retail,3.324,FRED (EIA data),2026-10-03T22:59:43Z
2021-08-30,US,No. 2 Diesel Retail,3.339,FRED (EIA data),2026-10-03T22:59:43Z
2021-09-06,US,No. 2 Diesel Retail,3.373,FRED (EIA data),2026-10-03T22:59:43Z
2021-09-13,US,No. 2 Diesel Retail,3.372,FRED (EIA data),2026-10-03T22:59:43Z
2021-09-20,US,No. 2 Diesel Retail,3.385,FRED (EIA data),2026-10-03T22:59:43Z
2021-09-27,US,No. 2 Diesel Retail,3.406,FRED (EIA data),2026-10-03T22:59:43Z
2021-10-04,US,No. 2 Diesel Retail,3.477,FRED (EIA data),2026-10-03T22:59:43Z
2021-10-11,US,No. 2 Diesel Retail,3.586,FRED (EIA data),2026-10-03T22:59:43Z
2021-10-18,US,No. 2 Diesel Retail,3.671,FRED (EIA data),2026-10-03T22:59:43Z
2021-10-25,US,No. 2 Diesel Retail,3.713,FRED (EIA data),2026-10-03T22:59:43Z
2021-11-01,US,No. 2 Diesel Retail,3.727,FRED (EIA data),2026-10-03T22:59:43Z
2021-11-08,US,No. 2 Diesel Retail,3.73,FRED (EIA data),2026-10-03T22:59:43Z
2021-11-15,US,No. 2 Diesel Retail,3.734,FRED (EIA data),2026-10-03T22:59:43Z
2021-11-22,US,No. 2 Diesel Retail,3.724,FRED (EIA data),2026-10-03T22:59:43Z
2021-11-29,US,No. 2 Diesel Retail,3.72,FRED (EIA data),2026-10-03T22:59:43Z
2021-12-06,US,No. 2 Diesel Retail,3.674,FRED (EIA data),2026-10-03T22:59:43Z
2021-12-13,US,No. 2 Diesel Retail,3.649,FRED (EIA data),2026-10-03T22:59:43Z
2021-12-20,US,No. 2 Diesel Retail,3.626,FRED (EIA data),2026-10-03T22:59:43Z
2021-12-27,US,No. 2 Diesel Retail,3.615,FRED (EIA data),2026-10-03T22:59:43Z
2022-01-03,US,No. 2 Diesel Retail,3.613,FRED (EIA data),2026-10-03T22:59:43Z
2022-01-10,US,No. 2 Diesel Retail,3.657,FRED (EIA data),2026-10-03T22:59:43Z
2022-01-17,US,No. 2 Diesel Retail,3.725,FRED (EIA data),2026-10-03T22:59:43Z
2022-01-24,US,No. 2 Diesel Retail,3.78,FRED (EIA data),2026-10-03T22:59:43Z
2022-01-31,US,No. 2 Diesel Retail,3.846,FRED (EIA data),2026-10-03T22:59:43Z
2022-02-07,US,No. 2 Diesel Retail,3.951,FRED (EIA data),2026-10-03T22:59:43Z
2022-02-14,US,No. 2 Diesel Retail,4.019,FRED (EIA data),2026-10-03T22:59:43Z
2022-02-21,US,No. 2 Diesel Retail,4.055,FRED (EIA data),2026-10-03T22:59:43Z
2022-02-28,US,No. 2 Diesel Retail,4.104,FRED (EIA data),2026-10-03T22:59:43Z
2022-03-07,US,No. 2 Diesel Retail,4.849,FRED (EIA data),2026-10-03T22:59:43Z
2022-03-14,US,No. 2 Diesel Retail,5.25,FRED (EIA data),2026-10-03T22:59:43Z
2022-03-21,US,No. 2 Diesel Retail,5.134,FRED (EIA data),2026-10-03T22:59:43Z
2022-03-28,US,No. 2 Diesel Retail,5.185,FRED (EIA data),2026-10-03T22:59:43Z
2022-04-04,US,No. 2 Diesel Retail,5.144,FRED (EIA data),2026-10-03T22:59:43Z
2022-04-11,US,No. 2 Diesel Retail,5.073,FRED (EIA data),2026-10-03T22:59:43Z
2022-04-18,US,No. 2 Diesel Retail,5.101,FRED (EIA data),2026-10-03T22:59:43Z
2022-04-25,US,No. 2 Diesel Retail,5.16,FRED (EIA data),2026-10-03T22:59:43Z
2022-05-02,US,No. 2 Diesel Retail,5.509,FRED (EIA data),2026-10-03T22:59:43Z
2022-05-09,US,No. 2 Diesel Retail,5.623,FRED (EIA data),2026-10-03T22:59:43Z
2022-05-16,US,No. 2 Diesel Retail,5.613,FRED (EIA data),2026-10-03T22:59:43Z
2022-05-23,US,No. 2 Diesel Retail,5.571,FRED (EIA data),2026-10-03T22:59:43Z
2022-05-30,US,No. 2 Diesel Retail,5.539,FRED (EIA data),2026-10-03T22:59:43Z
2022-06-06,US,No. 2 Diesel Retail,5.703,FRED (EIA data),2026-10-03T22:59:43Z
2022-06-13,US,No. 2 Diesel Retail,5.718,FRED (EIA data),2026-10-03T22:59:43Z
2022-06-20,US,No. 2 Diesel Retail,5.81,FRED (EIA data),2026-10-03T22:59:43Z
2022-06-27,US,No. 2 Diesel Retail,5.783,FRED (EIA data),2026-10-03T22:59:43Z
2022-07-04,US,No. 2 Diesel Retail,5.675,FRED (EIA data),2026-10-03T22:59:43Z
2022-07-11,US,No. 2 Diesel Retail,5.568,FRED (EIA data),2026-10-03T22:59:43Z
2022-07-18,US,No. 2 Diesel Retail,5.432,FRED (EIA data),2026-10-03T22:59:43Z
2022-07-25,US,No. 2 Diesel Retail,5.268,FRED (EIA data),2026-10-03T22:59:43Z
2022-08-01,US,No. 2 Diesel Retail,5.138,FRED (EIA data),2026-10-03T22:59:43Z
2022-08-08,US,No. 2 Diesel Retail,4.993,FRED (EIA data),2026-10-03T22:59:43Z
2022-08-15,US,No. 2 Diesel Retail,4.911,FRED (EIA data),2026-10-03T22:59:43Z
2022-08-22,US,No. 2 Diesel Retail,4.909,FRED (EIA data),2026-10-03T22:59:43Z
2022-08-29,US,No. 2 Diesel Retail,5.115,FRED (EIA data),2026-10-03T22:59:43Z
2022-09-05,US,No. 2 Diesel Retail,5.084,FRED (EIA data),2026-10-03T22:59:43Z
2022-09-12,US,No. 2 Diesel Retail,5.033,FRED (EIA data),2026-10-03T22:59:43Z
2022-09-19,US,No. 2 Diesel Retail,4.964,FRED (EIA data),2026-10-03T22:59:43Z
2022-09-26,US,No. 2 Diesel Retail,4.889,FRED (EIA data),2026-10-03T22:59:43Z
2022-10-03,US,No. 2 Diesel Retail,4.836,FRED (EIA data),2026-10-03T22:59:43Z
2022-10-10,US,No. 2 Diesel Retail,5.224,FRED (EIA data),2026-10-03T22:59:43Z
2022-10-17,US,No. 2 Diesel Retail,5.339,FRED (EIA data),2026-10-03T22:59:43Z
2022-10-24,US,No. 2 Diesel Retail,5.341,FRED (EIA data),2026-10-03T22:59:43Z
2022-10-31,US,No. 2 Diesel Retail,5.317,FRED (EIA data),2026-10-03T22:59:43Z
2022-11-07,US,No. 2 Diesel Retail,5.333,FRED (EIA data),2026-10-03T22:59:43Z
2022-11-14,US,No. 2 Diesel Retail,5.313,FRED (EIA data),2026-10-03T22:59:43Z
2022-11-21,US,No. 2 Diesel Retail,5.233,FRED (EIA data),2026-10-03T22:59:43Z
2022-11-28,US,No. 2 Diesel Retail,5.141,FRED (EIA data),2026-10-03T22:59:43Z
2022-12-05,US,No. 2 Diesel Retail,4.967,FRED (EIA data),2026-10-03T22:59:43Z
2022-12-12,US,No. 2 Diesel Retail,4.754,FRED (EIA data),2026-10-03T22:59:43Z
2022-12-19,US,No. 2 Diesel Retail,4.596,FRED (EIA data),2026-10-03T22:59:43Z
2022-12-26,US,No. 2 Diesel Retail,4.537,FRED (EIA data),2026-10-03T22:59:43Z
2023-01-02,US,No. 2 Diesel Retail,4.583,FRED (EIA data),2026-10-03T22:59:43Z
2023-01-09,US,No. 2 Diesel Retail,4.549,FRED (EIA data),2026-10-03T22:59:43Z
2023-01-16,US,No. 2 Diesel Retail,4.524,FRED (EIA data),2026-10-03T22:59:43Z
2023-01-23,US,No. 2 Diesel Retail,4.604,FRED (EIA data),2026-10-03T22:59:43Z
2023-01-30,US,No. 2 Diesel Retail,4.622,FRED (EIA data),2026-10-03T22:59:43Z
2023-02-06,US,No. 2 Diesel Retail,4.539,FRED (EIA data),2026-10-03T22:59:43Z
2023-02-13,US,No. 2 Diesel Retail,4.444,FRED (EIA data),2026-10-03T22:59:43Z
2023-02-20,US,No. 2 Diesel Retail,4.376,FRED (EIA data),2026-10-03T22:59:43Z
2023-02-27,US,No. 2 Diesel Retail,4.294,FRED (EIA data),2026-10-03T22:59:43Z
2023-03-06,US,No. 2 Diesel Retail,4.282,FRED (EIA data),2026-10-03T22:59:43Z
2023-03-13,US,No. 2 Diesel Retail,4.247,FRED (EIA data),2026-10-03T22:59:43Z
2023-03-20,US,No. 2 Diesel Retail,4.185,FRED (EIA data),2026-10-03T22:59:43Z
2023-03-27,US,No. 2 Diesel Retail,4.128,FRED (EIA data),2026-10-03T22:59:43Z
2023-04-03,US,No. 2 Diesel Retail,4.105,FRED (EIA data),2026-10-03T22:59:43Z
2023-04-10,US,No. 2 Diesel Retail,4.098,FRED (EIA data),2026-10-03T22:59:43Z
2023-04-17,US,No. 2 Diesel Retail,4.116,FRED (EIA data),2026-10-03T22:59:43Z
2023-04-24,US,No. 2 Diesel Retail,4.077,FRED (EIA data),2026-10-03T22:59:43Z
2023-05-01,US,No. 2 Diesel Retail,4.018,FRED (EIA data),2026-10-03T22:59:43Z
2023-05-08,US,No. 2 Diesel Retail,3.922,FRED (EIA data),2026-10-03T22:59:43Z
2023-05-15,US,No. 2 Diesel Retail,3.897,FRED (EIA data),2026-10-03T22:59:43Z
2023-05-22,US,No. 2 Diesel Retail,3.883,FRED (EIA data),2026-10-03T22:59:43Z
2023-05-29,US,No. 2 Diesel Retail,3.855,FRED (EIA data),2026-10-03T22:59:43Z
2023-06-05,US,No. 2 Diesel Retail,3.797,FRED (EIA data),2026-10-03T22:59:43Z
2023-06-12,US,No. 2 Diesel Retail,3.794,FRED (EIA data),2026-10-03T22:59:43Z
2023-06-19,US,No. 2 Diesel Retail,3.815,FRED (EIA data),2026-10-03T22:59:43Z
2023-06-26,US,No. 2 Diesel Retail,3.801,FRED (EIA data),2026-10-03T22:59:43Z
2023-07-03,US,No. 2 Diesel Retail,3.767,FRED (EIA data),2026-10-03T22:59:43Z
2023-07-10,US,No. 2 Diesel Retail,3.806,FRED (EIA data),2026-10-03T22:59:43Z
2023-07-17,US,No. 2 Diesel Retail,3.806,FRED (EIA data),2026-10-03T22:59:43Z
2023-07-24,US,No. 2 Diesel Retail,3.905,FRED (EIA data),2026-10-03T22:59:43Z
2023-07-31,US,No. 2 Diesel Retail,4.127,FRED (EIA data),2026-10-03T22:59:43Z
2023-08-07,US,No. 2 Diesel Retail,4.239,FRED (EIA data),2026-10-03T22:59:43Z
2023-08-14,US,No. 2 Diesel Retail,4.378,FRED (EIA data),2026-10-03T22:59:43Z
2023-08-21,US,No. 2 Diesel Retail,4.389,FRED (EIA data),2026-10-03T22:59:43Z
2023-08-28,US,No. 2 Diesel Retail,4.475,FRED (EIA data),2026-10-03T22:59:43Z
2023-09-04,US,No. 2 Diesel Retail,4.492,FRED (EIA data),2026-10-03T22:59:43Z
2023-09-11,US,No. 2 Diesel Retail,4.54,FRED (EIA data),2026-10-03T22:59:43Z
2023-09-18,US,No. 2 Diesel Retail,4.633,FRED (EIA data),2026-10-03T22:59:43Z
2023-09-25,US,No. 2 Diesel Retail,4.586,FRED (EIA data),2026-10-03T22:59:43Z
2023-10-02,US,No. 2 Diesel Retail,4.593,FRED (EIA data),2026-10-03T22:59:43Z
2023-10-09,US,No. 2 Diesel Retail,4.498,FRED (EIA data),2026-10-03T22:59:43Z
2023-10-16,US,No. 2 Diesel Retail,4.444,FRED (EIA data),2026-10-03T22:59:43Z
2023-10-23,US,No. 2 Diesel Retail,4.545,FRED (EIA data),2026-10-03T22:59:43Z
2023-10-30,US,No. 2 Diesel Retail,4.454,FRED (EIA data),2026-10-03T22:59:43Z
2023-11-06,US,No. 2 Diesel Retail,4.366,FRED (EIA data),2026-10-03T22:59:43Z
2023-11-13,US,No. 2 Diesel Retail,4.294,FRED (EIA data),2026-10-03T22:59:43Z
2023-11-20,US,No. 2 Diesel Retail,4.209,FRED (EIA data),2026-10-03T22:59:43Z
2023-11-27,US,No. 2 Diesel Retail,4.146,FRED (EIA data),2026-10-03T22:59:43Z
2023-12-04,US,No. 2 Diesel Retail,4.092,FRED (EIA data),2026-10-03T22:59:43Z
2023-12-11,US,No. 2 Diesel Retail,3.987,FRED (EIA data),2026-10-03T22:59:43Z
2023-12-18,US,No. 2 Diesel Retail,3.894,FRED (EIA data),2026-10-03T22:59:43Z
2023-12-25,US,No. 2 Diesel Retail,3.914,FRED (EIA data),2026-10-03T22:59:43Z
2024-01-01,US,No. 2 Diesel Retail,3.876,FRED (EIA data),2026-10-03T22:59:43Z
2024-01-08,US,No. 2 Diesel Retail,3.828,FRED (EIA data),2026-10-03T22:59:43Z
2024-01-15,US,No. 2 Diesel Retail,3.863,FRED (EIA data),2026-10-03T22:59:43Z
2024-01-22,US,No. 2 Diesel Retail,3.838,FRED (EIA data),2026-10-03T22:59:43Z
2024-01-29,US,No. 2 Diesel Retail,3.867,FRED (EIA data),2026-10-03T22:59:43Z
2024-02-05,US,No. 2 Diesel Retail,3.899,FRED (EIA data),2026-10-03T22:59:43Z
2024-02-12,US,No. 2 Diesel Retail,4.109,FRED (EIA data),2026-10-03T22:59:43Z
2024-02-19,US,No. 2 Diesel Retail,4.109,FRED (EIA data),2026-10-03T22:59:43Z
2024-02-26,US,No. 2 Diesel Retail,4.058,FRED (EIA data),2026-10-03T22:59:43Z
2024-03-04,US,No. 2 Diesel Retail,4.022,FRED (EIA data),2026-10-03T22:59:43Z
2024-03-11,US,No. 2 Diesel Retail,4.004,FRED (EIA data),2026-10-03T22:59:43Z
2024-03-18,US,No. 2 Diesel Retail,4.028,FRED (EIA data),2026-10-03T22:59:43Z
2024-03-25,US,No. 2 Diesel Retail,4.034,FRED (EIA data),2026-10-03T22:59:43Z
2024-04-01,US,No. 2 Diesel Retail,3.996,FRED (EIA data),2026-10-03T22:59:43Z
2024-04-08,US,No. 2 Diesel Retail,4.061,FRED (EIA data),2026-10-03T22:59:43Z
2024-04-15,US,No. 2 Diesel Retail,4.015,FRED (EIA data),2026-10-03T22:59:43Z
2024-04-22,US,No. 2 Diesel Retail,3.992,FRED (EIA data),2026-10-03T22:59:43Z
2024-04-29,US,No. 2 Diesel Retail,3.947,FRED (EIA data),2026-10-03T22:59:43Z
2024-05-06,US,No. 2 Diesel Retail,3.894,FRED (EIA data),2026-10-03T22:59:43Z
2024-05-13,US,No. 2 Diesel Retail,3.848,FRED (EIA data),2026-10-03T22:59:43Z
2024-05-20,US,No. 2 Diesel Retail,3.789,FRED (EIA data),2026-10-03T22:59:43Z
2024-05-27,US,No. 2 Diesel Retail,3.758,FRED (EIA data),2026-10-03T22:59:43Z
2024-06-03,US,No. 2 Diesel Retail,3.726,FRED (EIA data),2026-10-03T22:59:43Z
2024-06-10,US,No. 2 Diesel Retail,3.658,FRED (EIA data),2026-10-03T22:59:43Z
2024-06-17,US,No. 2 Diesel Retail,3.735,FRED (EIA data),2026-10-03T22:59:43Z
2024-06-24,US,No. 2 Diesel Retail,3.769,FRED (EIA data),2026-10-03T22:59:43Z
2024-07-01,US,No. 2 Diesel Retail,3.813,FRED (EIA data),2026-10-03T22:59:43Z
2024-07-08,US,No. 2 Diesel Retail,3.865,FRED (EIA data),2026-10-03T22:59:43Z
2024-07-15,US,No. 2 Diesel Retail,3.826,FRED (EIA data),2026-10-03T22:59:43Z
2024-07-22,US,No. 2 Diesel Retail,3.779,FRED (EIA data),2026-10-03T22:59:43Z
2024-07-29,US,No. 2 Diesel Retail,3.768,FRED (EIA data),2026-10-03T22:59:43Z
2024-08-05,US,No. 2 Diesel Retail,3.755,FRED (EIA data),2026-10-03T22:59:43Z
2024-08-12,US,No. 2 Diesel Retail,3.704,FRED (EIA data),2026-10-03T22:59:43Z
2024-08-19,US,No. 2 Diesel Retail,3.688,FRED (EIA data),2026-10-03T22:59:43Z
2024-08-26,US,No. 2 Diesel Retail,3.651,FRED (EIA data),2026-10-03T22:59:43Z
2024-09-02,US,No. 2 Diesel Retail,3.625,FRED (EIA data),2026-10-03T22:59:43Z
2024-09-09,US,No. 2 Diesel Retail,3.555,FRED (EIA data),2026-10-03T22:59:43Z
2024-09-16,US,No. 2 Diesel Retail,3.526,FRED (EIA data),2026-10-03T22:59:43Z
2024-09-23,US,No. 2 Diesel Retail,3.539,FRED (EIA data),2026-10-03T22:59:43Z
2024-09-30,US,No. 2 Diesel Retail,3.544,FRED (EIA data),2026-10-03T22:59:43Z
2024-10-07,US,No. 2 Diesel Retail,3.584,FRED (EIA data),2026-10-03T22:59:43Z
2024-10-14,US,No. 2 Diesel Retail,3.631,FRED (EIA data),2026-10-03T22:59:43Z
2024-10-21,US,No. 2 Diesel Retail,3.553,FRED (EIA data),2026-10-03T22:59:43Z
2024-10-28,US,No. 2 Diesel Retail,3.573,FRED (EIA data),2026-10-03T22:59:43Z
2024-11-04,US,No. 2 Diesel Retail,3.536,FRED (EIA data),2026-10-03T22:59:43Z
2024-11-11,US,No. 2 Diesel Retail,3.521,FRED (EIA data),2026-10-03T22:59:43Z
2024-11-18,US,No. 2 Diesel Retail,3.491,FRED (EIA data),2026-10-03T22:59:43Z
2024-11-25,US,No. 2 Diesel Retail,3.539,FRED (EIA data),2026-10-03T22:59:43Z
2024-12-02,US,No. 2 Diesel Retail,3.54,FRED (EIA data),2026-10-03T22:59:43Z
2024-12-09,US,No. 2 Diesel Retail,3.458,FRED (EIA data),2026-10-03T22:59:43Z
2024-12-16,US,No. 2 Diesel Retail,3.494,FRED (EIA data),2026-10-03T22:59:43Z
2024-12-23,US,No. 2 Diesel Retail,3.476,FRED (EIA data),2026-10-03T22:59:43Z
2024-12-30,US,No. 2 Diesel Retail,3.503,FRED (EIA data),2026-10-03T22:59:43Z
2025-01-06,US,No. 2 Diesel Retail,3.561,FRED (EIA data),2026-10-03T22:59:43Z
2025-01-13,US,No. 2 Diesel Retail,3.602,FRED (EIA data),2026-10-03T22:59:43Z
2025-01-20,US,No. 2 Diesel Retail,3.715,FRED (EIA data),2026-10-03T22:59:43Z
2025-01-27,US,No. 2 Diesel Retail,3.659,FRED (EIA data),2026-10-03T22:59:43Z
2025-02-03,US,No. 2 Diesel Retail,3.66,FRED (EIA data),2026-10-03T22:59:43Z
2025-02-10,US,No. 2 Diesel Retail,3.665,FRED (EIA data),2026-10-03T22:59:43Z
2025-02-17,US,No. 2 Diesel Retail,3.677,FRED (EIA data),2026-10-03T22:59:43Z
2025-02-24,US,No. 2 Diesel Retail,3.697,FRED (EIA data),2026-10-03T22:59:43Z
2025-03-03,US,No. 2 Diesel Retail,3.635,FRED (EIA data),2026-10-03T22:59:43Z
2025-03-10,US,No. 2 Diesel Retail,3.582,FRED (EIA data),2026-10-03T22:59:43Z
2025-03-17,US,No. 2 Diesel Retail,3.549,FRED (EIA data),2026-10-03T22:59:43Z
2025-03-24,US,No. 2 Diesel Retail,3.567,FRED (EIA data),2026-10-03T22:59:43Z
2025-03-31,US,No. 2 Diesel Retail,3.592,FRED (EIA data),2026-10-03T22:59:43Z
2025-04-07,US,No. 2 Diesel Retail,3.639,FRED (EIA data),2026-10-03T22:59:43Z
2025-04-14,US,No. 2 Diesel Retail,3.579,FRED (EIA data),2026-10-03T22:59:43Z
2025-04-21,US,No. 2 Diesel Retail,3.534,FRED (EIA data),2026-10-03T22:59:43Z
2025-04-28,US,No. 2 Diesel Retail,3.514,FRED (EIA data),2026-10-03T22:59:43Z
2025-05-05,US,No. 2 Diesel Retail,3.497,FRED (EIA data),2026-10-03T22:59:43Z
2025-05-12,US,No. 2 Diesel Retail,3.476,FRED (EIA data),2026-10-03T22:59:43Z
2025-05-19,US,No. 2 Diesel Retail,3.536,FRED (EIA data),2026-10-03T22:59:43Z
2025-05-26,US,No. 2 Diesel Retail,3.487,FRED (EIA data),2026-10-03T22:59:43Z
2025-06-02,US,No. 2 Diesel Retail,3.451,FRED (EIA data),2026-10-03T22:59:43Z
2025-06-09,US,No. 2 Diesel Retail,3.471,FRED (EIA data),2026-10-03T22:59:43Z
2025-06-16,US,No. 2 Diesel Retail,3.571,FRED (EIA data),2026-10-03T22:59:43Z
2025-06-23,US,No. 2 Diesel Retail,3.775,FRED (EIA data),2026-10-03T22:59:43Z
2025-06-30,US,No. 2 Diesel Retail,3.727,FRED (EIA data),2026-10-03T22:59:43Z
2025-07-07,US,No. 2 Diesel Retail,3.739,FRED (EIA data),2026-10-03T22:59:43Z
2025-07-14,US,No. 2 Diesel Retail,3.758,FRED (EIA data),2026-10-03T22:59:43Z
2025-07-21,US,No. 2 Diesel Retail,3.812,FRED (EIA data),2026-10-03T22:59:43Z
2025-07-28,US,No. 2 Diesel Retail,3.805,FRED (EIA data),2026-10-03T22:59:43Z
2025-08-04,US,No. 2 Diesel Retail,3.8,FRED (EIA data),2026-10-03T22:59:43Z
2025-08-11,US,No. 2 Diesel Retail,3.754,FRED (EIA data),2026-10-03T22:59:43Z
2025-08-18,US,No. 2 Diesel Retail,3.713,FRED (EIA data),2026-10-03T22:59:43Z
2025-08-25,US,No. 2 Diesel Retail,3.708,FRED (EIA data),2026-10-03T22:59:43Z
2025-09-01,US,No. 2 Diesel Retail,3.734,FRED (EIA data),2026-10-03T22:59:43Z
2025-09-08,US,No. 2 Diesel Retail,3.766,FRED (EIA data),2026-10-03T22:59:43Z
2025-09-15,US,No. 2 Diesel Retail,3.739,FRED (EIA data),2026-10-03T22:59:43Z
2025-09-22,US,No. 2 Diesel Retail,3.749,FRED (EIA data),2026-10-03T22:59:43Z
2025-09-29,US,No. 2 Diesel Retail,3.754,FRED (EIA data),2026-10-03T22:59:43Z
2025-10-06,US,No. 2 Diesel Retail,3.711,FRED (EIA data),2026-10-03T22:59:43Z
2025-10-13,US,No. 2 Diesel Retail,3.665,FRED (EIA data),2026-10-03T22:59:43Z
2025-10-20,US,No. 2 Diesel Retail,3.62,FRED (EIA data),2026-10-03T22:59:43Z
2025-10-27,US,No. 2 Diesel Retail,3.718,FRED (EIA data),2026-10-03T22:59:43Z
2025-11-03,US,No. 2 Diesel Retail,3.753,FRED (EIA data),2026-10-03T22:59:43Z
2025-11-10,US,No. 2 Diesel Retail,3.837,FRED (EIA data),2026-10-03T22:59:43Z
2025-11-17,US,No. 2 Diesel Retail,3.868,FRED (EIA data),2026-10-03T22:59:43Z
2025-11-24,US,No. 2 Diesel Retail,3.831,FRED (EIA data),2026-10-03T22:59:43Z
2025-12-01,US,No. 2 Diesel Retail,3.758,FRED (EIA data),2026-10-03T22:59:43Z
2025-12-08,US,No. 2 Diesel Retail,3.665,FRED (EIA data),2026-10-03T22:59:43Z
2025-12-15,US,No. 2 Diesel Retail,3.607,FRED (EIA data),2026-10-03T22:59:43Z
2025-12-22,US,No. 2 Diesel Retail,3.544,FRED (EIA data),2026-10-03T22:59:43Z
2025-12-29,US,No. 2 Diesel Retail,3.5,FRED (EIA data),2026-10-03T22:59:43Z
2026-01-05,US,No. 2 Diesel Retail,3.477,FRED (EIA data),2026-10-03T22:59:43Z
2026-01-12,US,No. 2 Diesel Retail,3.459,FRED (EIA data),2026-10-03T22:59:43Z
2026-01-19,US,No. 2 Diesel Retail,3.53,FRED (EIA data),2026-10-03T22:59:43Z
2026-01-26,US,No. 2 Diesel Retail,3.624,FRED (EIA data),2026-10-03T22:59:43Z
2026-02-02,US,No. 2 Diesel Retail,3.681,FRED (EIA data),2026-10-03T22:59:43Z
2026-02-09,US,No. 2 Diesel Retail,3.688,FRED (EIA data),2026-10-03T22:59:43Z
2026-02-16,US,No. 2 Diesel Retail,3.711,FRED (EIA data),2026-10-03T22:59:43Z
2026-02-23,US,No. 2 Diesel Retail,3.809,FRED (EIA data),2026-10-03T22:59:43Z
2026-03-02,US,No. 2 Diesel Retail,3.897,FRED (EIA data),2026-10-03T22:59:43Z
2026-03-09,US,No. 2 Diesel Retail,4.859,FRED (EIA data),2026-10-03T22:59:43Z
2026-03-16,US,No. 2 Diesel Retail,5.071,FRED (EIA data),2026-10-03T22:59:43Z
2026-03-23,US,No. 2 Diesel Retail,5.375,FRED (EIA data),2026-10-03T22:59:43Z
2026-03-30,US,No. 2 Diesel Retail,5.401,FRED (EIA data),2026-10-03T22:59:43Z
2026-04-06,US,No. 2 Diesel Retail,5.643,FRED (EIA data),2026-10-03T22:59:43Z
2026-04-13,US,No. 2 Diesel Retail,5.608,FRED (EIA data),2026-10-03T22:59:43Z
2026-04-20,US,No. 2 Diesel Retail,5.403,FRED (EIA data),2026-10-03T22:59:43Z
2026-04-27,US,No. 2 Diesel Retail,5.351,FRED (EIA data),2026-10-03T22:59:43Z
2026-05-04,US,No. 2 Diesel Retail,5.64,FRED (EIA data),2026-10-03T22:59:43Z
2026-05-11,US,No. 2 Diesel Retail,5.639,FRED (EIA data),2026-10-03T22:59:43Z
2026-05-18,US,No. 2 Diesel Retail,5.596,FRED (EIA data),2026-10-03T22:59:43Z
2026-05-25,US,No. 2 Diesel Retail,5.523,FRED (EIA data),2026-10-03T22:59:43Z
2026-06-01,US,No. 2 Diesel Retail,5.35,FRED (EIA data),2026-10-03T22:59:43Z
2026-06-08,US,No. 2 Diesel Retail,5.21,FRED (EIA data),2026-10-03T22:59:43Z
2026-06-15,US,No. 2 Diesel Retail,5.059,FRED (EIA data),2026-10-03T22:59:43Z
2026-06-22,US,No. 2 Diesel Retail,4.832,FRED (EIA data),2026-10-03T22:59:43Z
2026-06-29,US,No. 2 Diesel Retail,4.668,FRED (EIA data),2026-10-03T22:59:43Z
2026-07-06,US,No. 2 Diesel Retail,4.578,FRED (EIA data),2026-10-03T22:59:43Z
2026-07-13,US,No. 2 Diesel Retail,4.796,FRED (EIA data),2026-10-03T22:59:43Z
2026-07-20,US,No. 2 Diesel Retail,5.134,FRED (EIA data),2026-10-03T22:59:43Z
2026-07-27,US,No. 2 Diesel Retail,5.313,FRED (EIA data),2026-10-03T22:59:43Z
2026-08-03,US,No. 2 Diesel Retail,5.348,FRED (EIA data),2026-10-03T22:59:43Z
2026-08-10,US,No. 2 Diesel Retail,5.257,FRED (EIA data),2026-10-03T22:59:43Z
2026-08-17,US,No. 2 Diesel Retail,5.454,FRED (EIA data),2026-10-03T22:59:43Z
2026-08-24,US,No. 2 Diesel Retail,5.652,FRED (EIA data),2026-10-03T22:59:43Z
2026-08-31,US,No. 2 Diesel Retail,5.599,FRED (EIA data),2026-10-03T22:59:43Z
2026-09-07,US,No. 2 Diesel Retail,5.967,FRED (EIA data),2026-10-03T22:59:43Z
2026-09-14,US,No. 2 Diesel Retail,6.285,FRED (EIA data),2026-10-03T22:59:43Z
2026-09-21,US,No. 2 Diesel Retail,6.529,FRED (EIA data),2026-10-03T22:59:43Z
2026-09-28,US,No. 2 Diesel Retail,6.382,FRED (EIA data),2026-10-03T22:59:43Z
