demand_id,sales_order_id,so_line,branch_id,part_id,demand_date,demand_source,qty_demanded,qty_filled_from_stock,qty_backordered,qty_backorder_filled,last_fill_date,qty_lost_sale,fill_status
DM00000001,SO00000001,1,B021,PT01679,2023-01-01,Counter,5,3,0,0,,2,Partial - Balance Lost
DM00000002,SO00000002,1,B001,PT00556,2023-01-02,Counter,6,6,0,0,,0,Filled
DM00000003,SO00000002,2,B001,PT04414,2023-01-02,Counter,5,5,0,0,,0,Filled
DM00000004,SO00000003,1,B001,PT01801,2023-01-02,Counter,3,3,0,0,,0,Filled
DM00000005,SO00000003,2,B001,PT00459,2023-01-02,Counter,9,6,3,3,2023-01-06,0,Backorder Filled
DM00000006,SO00000004,1,B006,PT02178,2023-01-02,Service Work Order,8,8,0,0,,0,Filled
DM00000007,SO00000005,1,B006,PT00008,2023-01-02,Service Work Order,3,3,0,0,,0,Filled
DM00000008,SO00000006,1,B006,PT04093,2023-01-02,Online,9,9,0,0,,0,Filled
DM00000009,SO00000006,2,B006,PT01671,2023-01-02,Online,2,2,0,0,,0,Filled
DM00000010,SO00000007,1,B019,PT01653,2023-01-02,Counter,2,2,0,0,,0,Filled
DM00000011,SO00000007,2,B019,PT04099,2023-01-02,Counter,9,9,0,0,,0,Filled
DM00000012,SO00000008,1,B021,PT01796,2023-01-02,Counter,3,3,0,0,,0,Filled
DM00000013,SO00000009,1,B021,PT01758,2023-01-02,Counter,2,2,0,0,,0,Filled
DM00000014,SO00000009,2,B021,PT03967,2023-01-02,Counter,8,8,0,0,,0,Filled
DM00000015,SO00000009,3,B021,PT04168,2023-01-02,Counter,8,8,0,0,,0,Filled
DM00000016,SO00000010,1,B021,PT04223,2023-01-02,Online,7,7,0,0,,0,Filled
DM00000017,SO00000010,2,B021,PT04049,2023-01-02,Online,9,9,0,0,,0,Filled
DM00000018,SO00000011,1,B023,PT00003,2023-01-02,Counter,2,2,0,0,,0,Filled
DM00000019,SO00000011,2,B023,PT04228,2023-01-02,Counter,4,4,0,0,,0,Filled
DM00000020,SO00000012,1,B023,PT02193,2023-01-02,Counter,7,7,0,0,,0,Filled
DM00000021,SO00000013,1,B010,PT00369,2023-01-02,Online,5,5,0,0,,0,Filled
DM00000022,SO00000014,1,B010,PT04061,2023-01-02,Counter,6,6,0,0,,0,Filled
DM00000023,SO00000015,1,B026,PT01713,2023-01-02,Service Work Order,1,1,0,0,,0,Filled
DM00000024,SO00000016,1,B026,PT00359,2023-01-02,Online,4,4,0,0,,0,Filled
DM00000025,SO00000017,1,B015,PT03987,2023-01-02,Service Work Order,5,5,0,0,,0,Filled
DM00000026,SO00000018,1,B015,PT04061,2023-01-02,Service Work Order,9,9,0,0,,0,Filled
DM00000027,SO00000018,2,B015,PT01731,2023-01-02,Service Work Order,2,2,0,0,,0,Filled
DM00000028,SO00000019,1,B025,PT02441,2023-01-02,Counter,6,6,0,0,,0,Filled
DM00000029,SO00000019,2,B025,PT02194,2023-01-02,Counter,5,5,0,0,,0,Filled
DM00000030,SO00000020,1,B012,PT01709,2023-01-02,Online,2,2,0,0,,0,Filled
DM00000031,SO00000020,2,B012,PT02221,2023-01-02,Online,8,8,0,0,,0,Filled
DM00000032,SO00000020,3,B012,PT01729,2023-01-02,Online,4,3,1,1,2023-01-03,0,Backorder Filled
DM00000033,SO00000021,1,B012,PT01673,2023-01-02,Service Work Order,2,2,0,0,,0,Filled
DM00000034,SO00000021,2,B012,PT04414,2023-01-02,Service Work Order,10,10,0,0,,0,Filled
DM00000035,SO00000022,1,B002,PT04414,2023-01-02,Service Work Order,15,15,0,0,,0,Filled
DM00000036,SO00000023,1,B002,PT01790,2023-01-02,Service Work Order,2,2,0,0,,0,Filled
DM00000037,SO00000024,1,B004,PT01778,2023-01-02,Counter,1,1,0,0,,0,Filled
DM00000038,SO00000024,2,B004,PT02426,2023-01-02,Counter,7,7,0,0,,0,Filled
DM00000039,SO00000025,1,B013,PT03464,2023-01-02,Phone,1,1,0,0,,0,Filled
DM00000040,SO00000026,1,B013,PT02321,2023-01-02,Phone,2,2,0,0,,0,Filled
DM00000041,SO00000026,2,B013,PT02188,2023-01-02,Phone,6,6,0,0,,0,Filled
DM00000042,SO00000026,3,B013,PT04178,2023-01-02,Phone,7,7,0,0,,0,Filled
DM00000043,SO00000027,1,B020,PT02531,2023-01-02,Online,1,1,0,0,,0,Filled
DM00000044,SO00000027,2,B020,PT01784,2023-01-02,Online,2,2,0,0,,0,Filled
DM00000045,SO00000028,1,B020,PT04167,2023-01-02,Phone,9,9,0,0,,0,Filled
DM00000046,SO00000028,2,B020,PT02448,2023-01-02,Phone,4,4,0,0,,0,Filled
DM00000047,SO00000029,1,B003,PT04416,2023-01-02,Service Work Order,5,5,0,0,,0,Filled
DM00000048,SO00000029,2,B003,PT02460,2023-01-02,Service Work Order,7,6,1,1,2023-01-03,0,Backorder Filled
DM00000049,SO00000030,1,B003,PT03511,2023-01-02,Counter,1,1,0,0,,0,Filled
DM00000050,SO00000030,2,B003,PT04138,2023-01-02,Counter,9,9,0,0,,0,Filled
DM00000051,SO00000031,1,B028,PT00545,2023-01-02,Service Work Order,3,3,0,0,,0,Filled
DM00000052,SO00000032,1,B028,PT00486,2023-01-02,Counter,1,1,0,0,,0,Filled
DM00000053,SO00000033,1,B028,PT00001,2023-01-02,Counter,1,1,0,0,,0,Filled
DM00000054,SO00000034,1,B011,PT00388,2023-01-02,Online,7,7,0,0,,0,Filled
DM00000055,SO00000035,1,B018,PT00454,2023-01-02,Phone,7,6,1,1,2023-01-03,0,Backorder Filled
DM00000056,SO00000036,1,B008,PT00393,2023-01-02,Counter,10,7,0,0,,3,Partial - Balance Lost
DM00000057,SO00000037,1,B014,PT04046,2023-01-02,Online,10,10,0,0,,0,Filled
DM00000058,SO00000038,1,B014,PT01669,2023-01-02,Phone,3,3,0,0,,0,Filled
DM00000059,SO00000039,1,B005,PT02374,2023-01-02,Counter,3,3,0,0,,0,Filled
DM00000060,SO00000040,1,B027,PT04198,2023-01-02,Counter,9,8,0,0,,1,Partial - Balance Lost
DM00000061,SO00000040,2,B027,PT01671,2023-01-02,Counter,3,3,0,0,,0,Filled
DM00000062,SO00000040,3,B027,PT01553,2023-01-02,Counter,1,1,0,0,,0,Filled
DM00000063,SO00000041,1,B007,PT00152,2023-01-02,Online,1,1,0,0,,0,Filled
DM00000064,SO00000042,1,B011,PT01739,2023-01-03,Phone,3,3,0,0,,0,Filled
DM00000065,SO00000043,1,B011,PT01796,2023-01-03,Counter,2,2,0,0,,0,Filled
DM00000066,SO00000043,2,B011,PT01674,2023-01-03,Counter,4,4,0,0,,0,Filled
DM00000067,SO00000044,1,B011,PT01687,2023-01-03,Counter,3,3,0,0,,0,Filled
DM00000068,SO00000045,1,B014,PT04042,2023-01-03,Phone,8,8,0,0,,0,Filled
DM00000069,SO00000046,1,B014,PT03516,2023-01-03,Service Work Order,1,1,0,0,,0,Filled
DM00000070,SO00000047,1,B014,PT03045,2023-01-03,Online,1,1,0,0,,0,Filled
DM00000071,SO00000047,2,B014,PT01725,2023-01-03,Online,4,4,0,0,,0,Filled
DM00000072,SO00000047,3,B014,PT01701,2023-01-03,Online,2,2,0,0,,0,Filled
DM00000073,SO00000047,4,B014,PT00368,2023-01-03,Online,9,6,3,3,2023-01-04,0,Backorder Filled
DM00000074,SO00000048,1,B019,PT02451,2023-01-03,Online,4,4,0,0,,0,Filled
DM00000075,SO00000049,1,B019,PT01707,2023-01-03,Phone,4,4,0,0,,0,Filled
DM00000076,SO00000050,1,B019,PT00606,2023-01-03,Counter,1,1,0,0,,0,Filled
DM00000077,SO00000051,1,B021,PT01053,2023-01-03,Counter,1,1,0,0,,0,Filled
DM00000078,SO00000051,2,B021,PT04107,2023-01-03,Counter,9,8,0,0,,1,Partial - Balance Lost
DM00000079,SO00000052,1,B021,PT04177,2023-01-03,Service Work Order,7,7,0,0,,0,Filled
DM00000080,SO00000053,1,B021,PT01656,2023-01-03,Online,2,2,0,0,,0,Filled
DM00000081,SO00000053,2,B021,PT04021,2023-01-03,Online,9,9,0,0,,0,Filled
DM00000082,SO00000054,1,B021,PT01676,2023-01-03,Counter,5,3,0,0,,2,Partial - Balance Lost
DM00000083,SO00000055,1,B009,PT04203,2023-01-03,Counter,7,7,0,0,,0,Filled
DM00000084,SO00000056,1,B004,PT01742,2023-01-03,Online,2,2,0,0,,0,Filled
DM00000085,SO00000057,1,B004,PT04042,2023-01-03,Counter,9,9,0,0,,0,Filled
DM00000086,SO00000058,1,B004,PT01655,2023-01-03,Online,3,3,0,0,,0,Filled
DM00000087,SO00000059,1,B025,PT01757,2023-01-03,Online,2,2,0,0,,0,Filled
DM00000088,SO00000060,1,B022,PT00321,2023-01-03,Online,2,2,0,0,,0,Filled
DM00000089,SO00000061,1,B022,PT01193,2023-01-03,Counter,2,2,0,0,,0,Filled
DM00000090,SO00000061,2,B022,PT00092,2023-01-03,Counter,1,1,0,0,,0,Filled
DM00000091,SO00000062,1,B001,PT04226,2023-01-03,Online,9,9,0,0,,0,Filled
DM00000092,SO00000062,2,B001,PT01801,2023-01-03,Online,5,1,4,4,2023-01-05,0,Backorder Filled
DM00000093,SO00000063,1,B001,PT04224,2023-01-03,Counter,4,4,0,0,,0,Filled
DM00000094,SO00000064,1,B001,PT01758,2023-01-03,Service Work Order,3,3,0,0,,0,Filled
DM00000095,SO00000064,2,B001,PT02454,2023-01-03,Service Work Order,5,5,0,0,,0,Filled
DM00000096,SO00000065,1,B001,PT03993,2023-01-03,Phone,5,5,0,0,,0,Filled
DM00000097,SO00000066,1,B001,PT00468,2023-01-03,Online,5,5,0,0,,0,Filled
DM00000098,SO00000067,1,B002,PT01772,2023-01-03,Counter,4,4,0,0,,0,Filled
DM00000099,SO00000067,2,B002,PT04016,2023-01-03,Counter,6,6,0,0,,0,Filled
DM00000100,SO00000068,1,B020,PT01684,2023-01-03,Counter,1,1,0,0,,0,Filled
DM00000101,SO00000069,1,B010,PT02195,2023-01-03,Service Work Order,12,12,0,0,,0,Filled
DM00000102,SO00000069,2,B010,PT01327,2023-01-03,Service Work Order,1,1,0,0,,0,Filled
DM00000103,SO00000069,3,B010,PT02177,2023-01-03,Service Work Order,4,4,0,0,,0,Filled
DM00000104,SO00000070,1,B013,PT04119,2023-01-03,Service Work Order,15,15,0,0,,0,Filled
DM00000105,SO00000071,1,B013,PT01757,2023-01-03,Online,4,4,0,0,,0,Filled
DM00000106,SO00000071,2,B013,PT01785,2023-01-03,Online,3,3,0,0,,0,Filled
DM00000107,SO00000072,1,B013,PT02321,2023-01-03,Counter,7,7,0,0,,0,Filled
DM00000108,SO00000073,1,B013,PT03966,2023-01-03,Service Work Order,7,7,0,0,,0,Filled
DM00000109,SO00000074,1,B023,PT02532,2023-01-03,Counter,2,2,0,0,,0,Filled
DM00000110,SO00000074,2,B023,PT01913,2023-01-03,Counter,1,1,0,0,,0,Filled
DM00000111,SO00000075,1,B015,PT04109,2023-01-03,Online,10,8,0,0,,2,Partial - Balance Lost
DM00000112,SO00000076,1,B015,PT02298,2023-01-03,Counter,6,6,0,0,,0,Filled
DM00000113,SO00000077,1,B015,PT01677,2023-01-03,Counter,5,3,0,0,,2,Partial - Balance Lost
DM00000114,SO00000078,1,B027,PT01662,2023-01-03,Counter,2,2,0,0,,0,Filled
DM00000115,SO00000078,2,B027,PT01576,2023-01-03,Counter,1,1,0,0,,0,Filled
DM00000116,SO00000079,1,B027,PT01733,2023-01-03,Online,4,3,1,1,2023-01-11,0,Backorder Filled
DM00000117,SO00000080,1,B027,PT04086,2023-01-03,Service Work Order,7,7,0,0,,0,Filled
DM00000118,SO00000081,1,B007,PT00537,2023-01-03,Online,2,2,0,0,,0,Filled
DM00000119,SO00000082,1,B003,PT03970,2023-01-03,Online,7,7,0,0,,0,Filled
DM00000120,SO00000083,1,B003,PT04064,2023-01-03,Online,10,10,0,0,,0,Filled
DM00000121,SO00000083,2,B003,PT04053,2023-01-03,Online,4,4,0,0,,0,Filled
DM00000122,SO00000084,1,B024,PT00369,2023-01-03,Service Work Order,4,4,0,0,,0,Filled
DM00000123,SO00000085,1,B024,PT04082,2023-01-03,Service Work Order,7,7,0,0,,0,Filled
DM00000124,SO00000085,2,B024,PT01760,2023-01-03,Service Work Order,3,3,0,0,,0,Filled
DM00000125,SO00000086,1,B028,PT00546,2023-01-03,Counter,9,9,0,0,,0,Filled
DM00000126,SO00000087,1,B028,PT02435,2023-01-03,Counter,7,7,0,0,,0,Filled
DM00000127,SO00000088,1,B028,PT02385,2023-01-03,Phone,4,4,0,0,,0,Filled
DM00000128,SO00000089,1,B012,PT00205,2023-01-03,Phone,1,1,0,0,,0,Filled
DM00000129,SO00000090,1,B012,PT04160,2023-01-03,Online,5,5,0,0,,0,Filled
DM00000130,SO00000090,2,B012,PT04180,2023-01-03,Online,5,5,0,0,,0,Filled
DM00000131,SO00000091,1,B012,PT02281,2023-01-03,Counter,5,5,0,0,,0,Filled
DM00000132,SO00000092,1,B006,PT02496,2023-01-03,Online,1,1,0,0,,0,Filled
DM00000133,SO00000092,2,B006,PT02324,2023-01-03,Online,7,7,0,0,,0,Filled
DM00000134,SO00000093,1,B006,PT02236,2023-01-03,Counter,7,7,0,0,,0,Filled
DM00000135,SO00000094,1,B005,PT00470,2023-01-03,Counter,10,10,0,0,,0,Filled
DM00000136,SO00000094,2,B005,PT04229,2023-01-03,Counter,8,8,0,0,,0,Filled
DM00000137,SO00000095,1,B008,PT01720,2023-01-04,Service Work Order,2,2,0,0,,0,Filled
DM00000138,SO00000096,1,B012,PT01708,2023-01-04,Counter,5,5,0,0,,0,Filled
DM00000139,SO00000097,1,B012,PT02030,2023-01-04,Online,5,3,0,0,,2,Partial - Balance Lost
DM00000140,SO00000098,1,B028,PT00545,2023-01-04,Online,5,4,1,1,2023-01-05,0,Backorder Filled
DM00000141,SO00000099,1,B028,PT03532,2023-01-04,Counter,1,1,0,0,,0,Filled
DM00000142,SO00000100,1,B021,PT01777,2023-01-04,Online,3,3,0,0,,0,Filled
DM00000143,SO00000100,2,B021,PT00243,2023-01-04,Online,3,3,0,0,,0,Filled
DM00000144,SO00000101,1,B011,PT01687,2023-01-04,Online,3,0,0,0,,3,Lost Sale
DM00000145,SO00000101,2,B011,PT00377,2023-01-04,Online,3,3,0,0,,0,Filled
DM00000146,SO00000102,1,B011,PT04098,2023-01-04,Online,13,10,0,0,,3,Partial - Balance Lost
DM00000147,SO00000103,1,B024,PT04196,2023-01-04,Counter,8,8,0,0,,0,Filled
DM00000148,SO00000104,1,B001,PT00456,2023-01-04,Service Work Order,5,5,0,0,,0,Filled
DM00000149,SO00000105,1,B001,PT03465,2023-01-04,Counter,2,2,0,0,,0,Filled
DM00000150,SO00000106,1,B001,PT01320,2023-01-04,Counter,3,3,0,0,,0,Filled
DM00000151,SO00000107,1,B001,PT04170,2023-01-04,Counter,8,8,0,0,,0,Filled
DM00000152,SO00000108,1,B001,PT01758,2023-01-04,Online,3,2,1,1,2023-01-06,0,Backorder Filled
DM00000153,SO00000109,1,B019,PT02133,2023-01-04,Service Work Order,2,2,0,0,,0,Filled
DM00000154,SO00000110,1,B019,PT02287,2023-01-04,Online,4,4,0,0,,0,Filled
DM00000155,SO00000111,1,B025,PT00387,2023-01-04,Online,7,7,0,0,,0,Filled
DM00000156,SO00000112,1,B007,PT01685,2023-01-04,Service Work Order,1,1,0,0,,0,Filled
DM00000157,SO00000113,1,B007,PT04069,2023-01-04,Online,8,8,0,0,,0,Filled
DM00000158,SO00000113,2,B007,PT04197,2023-01-04,Online,9,9,0,0,,0,Filled
DM00000159,SO00000113,3,B007,PT01727,2023-01-04,Online,3,3,0,0,,0,Filled
DM00000160,SO00000113,4,B007,PT01783,2023-01-04,Online,3,3,0,0,,0,Filled
DM00000161,SO00000113,5,B007,PT00375,2023-01-04,Online,9,9,0,0,,0,Filled
DM00000162,SO00000114,1,B009,PT04234,2023-01-04,Counter,5,5,0,0,,0,Filled
DM00000163,SO00000115,1,B009,PT01692,2023-01-04,Counter,2,2,0,0,,0,Filled
DM00000164,SO00000116,1,B004,PT00135,2023-01-04,Counter,3,3,0,0,,0,Filled
DM00000165,SO00000116,2,B004,PT02251,2023-01-04,Counter,7,6,0,0,,1,Partial - Balance Lost
DM00000166,SO00000117,1,B004,PT03972,2023-01-04,Counter,9,9,0,0,,0,Filled
DM00000167,SO00000117,2,B004,PT00545,2023-01-04,Counter,4,4,0,0,,0,Filled
DM00000168,SO00000118,1,B004,PT01730,2023-01-04,Counter,1,1,0,0,,0,Filled
DM00000169,SO00000119,1,B022,PT01405,2023-01-04,Service Work Order,1,1,0,0,,0,Filled
DM00000170,SO00000120,1,B022,PT04193,2023-01-04,Counter,7,7,0,0,,0,Filled
DM00000171,SO00000120,2,B022,PT04205,2023-01-04,Counter,6,6,0,0,,0,Filled
DM00000172,SO00000121,1,B022,PT04185,2023-01-04,Service Work Order,7,7,0,0,,0,Filled
DM00000173,SO00000122,1,B027,PT01932,2023-01-04,Service Work Order,2,2,0,0,,0,Filled
DM00000174,SO00000123,1,B006,PT02435,2023-01-04,Counter,3,3,0,0,,0,Filled
DM00000175,SO00000124,1,B006,PT01749,2023-01-04,Counter,2,2,0,0,,0,Filled
DM00000176,SO00000125,1,B006,PT01773,2023-01-04,Phone,6,6,0,0,,0,Filled
DM00000177,SO00000126,1,B026,PT00399,2023-01-04,Phone,6,6,0,0,,0,Filled
DM00000178,SO00000127,1,B026,PT00006,2023-01-04,Counter,3,3,0,0,,0,Filled
DM00000179,SO00000128,1,B026,PT01782,2023-01-04,Counter,4,3,1,1,2023-01-05,0,Backorder Filled
DM00000180,SO00000129,1,B015,PT00418,2023-01-04,Counter,5,5,0,0,,0,Filled
DM00000181,SO00000129,2,B015,PT02619,2023-01-04,Counter,3,3,0,0,,0,Filled
DM00000182,SO00000130,1,B015,PT00450,2023-01-04,Service Work Order,8,8,0,0,,0,Filled
DM00000183,SO00000131,1,B005,PT03985,2023-01-04,Counter,10,10,0,0,,0,Filled
DM00000184,SO00000132,1,B005,PT00013,2023-01-04,Phone,8,8,0,0,,0,Filled
DM00000185,SO00000133,1,B020,PT03984,2023-01-04,Service Work Order,14,11,0,0,,3,Partial - Balance Lost
DM00000186,SO00000134,1,B020,PT01664,2023-01-04,Counter,5,3,0,0,,2,Partial - Balance Lost
DM00000187,SO00000134,2,B020,PT04242,2023-01-04,Counter,8,8,0,0,,0,Filled
DM00000188,SO00000135,1,B014,PT01755,2023-01-04,Counter,1,1,0,0,,0,Filled
DM00000189,SO00000136,1,B014,PT00903,2023-01-04,Service Work Order,2,2,0,0,,0,Filled
DM00000190,SO00000136,2,B014,PT02230,2023-01-04,Service Work Order,6,6,0,0,,0,Filled
DM00000191,SO00000137,1,B014,PT02443,2023-01-04,Counter,4,4,0,0,,0,Filled
DM00000192,SO00000138,1,B003,PT03970,2023-01-04,Counter,10,10,0,0,,0,Filled
DM00000193,SO00000139,1,B003,PT02198,2023-01-04,Phone,4,4,0,0,,0,Filled
DM00000194,SO00000139,2,B003,PT04064,2023-01-04,Phone,9,6,0,0,,3,Partial - Balance Lost
DM00000195,SO00000140,1,B010,PT04217,2023-01-04,Online,4,4,0,0,,0,Filled
DM00000196,SO00000141,1,B023,PT02287,2023-01-04,Counter,4,4,0,0,,0,Filled
DM00000197,SO00000142,1,B023,PT02350,2023-01-04,Counter,8,7,0,0,,1,Partial - Balance Lost
DM00000198,SO00000143,1,B023,PT04095,2023-01-04,Service Work Order,5,5,0,0,,0,Filled
DM00000199,SO00000144,1,B002,PT04216,2023-01-04,Service Work Order,4,4,0,0,,0,Filled
DM00000200,SO00000145,1,B002,PT00607,2023-01-04,Online,1,1,0,0,,0,Filled
DM00000201,SO00000146,1,B013,PT04088,2023-01-04,Counter,15,10,0,0,,5,Partial - Balance Lost
DM00000202,SO00000147,1,B018,PT04180,2023-01-04,Counter,6,6,0,0,,0,Filled
DM00000203,SO00000148,1,B009,PT02253,2023-01-05,Counter,7,7,0,0,,0,Filled
DM00000204,SO00000148,2,B009,PT04069,2023-01-05,Counter,7,7,0,0,,0,Filled
DM00000205,SO00000148,3,B009,PT03352,2023-01-05,Counter,1,1,0,0,,0,Filled
DM00000206,SO00000149,1,B025,PT00469,2023-01-05,Counter,6,6,0,0,,0,Filled
DM00000207,SO00000149,2,B025,PT00486,2023-01-05,Counter,4,4,0,0,,0,Filled
DM00000208,SO00000149,3,B025,PT00354,2023-01-05,Counter,7,7,0,0,,0,Filled
DM00000209,SO00000150,1,B001,PT00472,2023-01-05,Phone,2,2,0,0,,0,Filled
DM00000210,SO00000150,2,B001,PT00501,2023-01-05,Phone,2,2,0,0,,0,Filled
DM00000211,SO00000151,1,B001,PT04131,2023-01-05,Online,7,7,0,0,,0,Filled
DM00000212,SO00000151,2,B001,PT04005,2023-01-05,Online,11,11,0,0,,0,Filled
DM00000213,SO00000151,3,B001,PT00478,2023-01-05,Online,6,6,0,0,,0,Filled
DM00000214,SO00000152,1,B026,PT03973,2023-01-05,Counter,4,4,0,0,,0,Filled
DM00000215,SO00000152,2,B026,PT00909,2023-01-05,Counter,1,1,0,0,,0,Filled
DM00000216,SO00000152,3,B026,PT01801,2023-01-05,Counter,6,4,0,0,,2,Partial - Balance Lost
DM00000217,SO00000153,1,B003,PT00373,2023-01-05,Service Work Order,3,3,0,0,,0,Filled
DM00000218,SO00000153,2,B003,PT04053,2023-01-05,Service Work Order,9,9,0,0,,0,Filled
DM00000219,SO00000154,1,B017,PT01691,2023-01-05,Phone,3,3,0,0,,0,Filled
DM00000220,SO00000155,1,B020,PT04081,2023-01-05,Service Work Order,10,10,0,0,,0,Filled
DM00000221,SO00000156,1,B020,PT01738,2023-01-05,Service Work Order,4,4,0,0,,0,Filled
DM00000222,SO00000157,1,B020,PT01743,2023-01-05,Counter,2,2,0,0,,0,Filled
DM00000223,SO00000158,1,B028,PT01665,2023-01-05,Service Work Order,3,3,0,0,,0,Filled
DM00000224,SO00000159,1,B007,PT04128,2023-01-05,Service Work Order,10,10,0,0,,0,Filled
DM00000225,SO00000160,1,B013,PT01750,2023-01-05,Counter,4,4,0,0,,0,Filled
DM00000226,SO00000161,1,B013,PT02376,2023-01-05,Counter,8,8,0,0,,0,Filled
DM00000227,SO00000162,1,B013,PT04415,2023-01-05,Service Work Order,5,5,0,0,,0,Filled
DM00000228,SO00000163,1,B023,PT04233,2023-01-05,Service Work Order,10,8,0,0,,2,Partial - Balance Lost
DM00000229,SO00000163,2,B023,PT04011,2023-01-05,Service Work Order,9,9,0,0,,0,Filled
DM00000230,SO00000164,1,B023,PT02271,2023-01-05,Online,3,3,0,0,,0,Filled
DM00000231,SO00000164,2,B023,PT04004,2023-01-05,Online,8,8,0,0,,0,Filled
DM00000232,SO00000165,1,B023,PT04094,2023-01-05,Phone,10,9,0,0,,1,Partial - Balance Lost
DM00000233,SO00000166,1,B023,PT01726,2023-01-05,Service Work Order,2,2,0,0,,0,Filled
DM00000234,SO00000167,1,B012,PT01695,2023-01-05,Counter,4,4,0,0,,0,Filled
DM00000235,SO00000167,2,B012,PT04081,2023-01-05,Counter,11,11,0,0,,0,Filled
DM00000236,SO00000168,1,B012,PT01771,2023-01-05,Service Work Order,3,3,0,0,,0,Filled
DM00000237,SO00000168,2,B012,PT02281,2023-01-05,Service Work Order,4,4,0,0,,0,Filled
DM00000238,SO00000169,1,B012,PT00006,2023-01-05,Online,4,4,0,0,,0,Filled
DM00000239,SO00000170,1,B012,PT01708,2023-01-05,Service Work Order,2,2,0,0,,0,Filled
DM00000240,SO00000170,2,B012,PT00407,2023-01-05,Service Work Order,5,5,0,0,,0,Filled
DM00000241,SO00000170,3,B012,PT04032,2023-01-05,Service Work Order,8,8,0,0,,0,Filled
DM00000242,SO00000170,4,B012,PT04226,2023-01-05,Service Work Order,12,9,0,0,,3,Partial - Balance Lost
DM00000243,SO00000171,1,B005,PT01688,2023-01-05,Service Work Order,5,5,0,0,,0,Filled
DM00000244,SO00000172,1,B005,PT01683,2023-01-05,Online,4,4,0,0,,0,Filled
DM00000245,SO00000173,1,B005,PT04143,2023-01-05,Counter,9,9,0,0,,0,Filled
DM00000246,SO00000174,1,B011,PT04014,2023-01-05,Counter,6,6,0,0,,0,Filled
DM00000247,SO00000175,1,B022,PT02428,2023-01-05,Service Work Order,7,7,0,0,,0,Filled
DM00000248,SO00000175,2,B022,PT03359,2023-01-05,Service Work Order,2,2,0,0,,0,Filled
DM00000249,SO00000175,3,B022,PT02328,2023-01-05,Service Work Order,10,10,0,0,,0,Filled
DM00000250,SO00000175,4,B022,PT04413,2023-01-05,Service Work Order,5,5,0,0,,0,Filled
DM00000251,SO00000175,5,B022,PT00415,2023-01-05,Service Work Order,3,3,0,0,,0,Filled
DM00000252,SO00000175,6,B022,PT00442,2023-01-05,Service Work Order,8,8,0,0,,0,Filled
DM00000253,SO00000176,1,B002,PT01740,2023-01-05,Counter,2,2,0,0,,0,Filled
DM00000254,SO00000177,1,B002,PT01790,2023-01-05,Phone,3,3,0,0,,0,Filled
DM00000255,SO00000177,2,B002,PT02428,2023-01-05,Phone,3,3,0,0,,0,Filled
DM00000256,SO00000177,3,B002,PT04113,2023-01-05,Phone,9,9,0,0,,0,Filled
DM00000257,SO00000178,1,B002,PT04016,2023-01-05,Counter,11,11,0,0,,0,Filled
DM00000258,SO00000178,2,B002,PT02379,2023-01-05,Counter,8,8,0,0,,0,Filled
DM00000259,SO00000179,1,B021,PT02362,2023-01-05,Counter,5,5,0,0,,0,Filled
DM00000260,SO00000180,1,B021,PT04102,2023-01-05,Phone,13,13,0,0,,0,Filled
DM00000261,SO00000180,2,B021,PT02155,2023-01-05,Phone,1,1,0,0,,0,Filled
DM00000262,SO00000180,3,B021,PT01739,2023-01-05,Phone,5,5,0,0,,0,Filled
DM00000263,SO00000180,4,B021,PT04168,2023-01-05,Phone,13,13,0,0,,0,Filled
DM00000264,SO00000181,1,B021,PT04092,2023-01-05,Counter,7,7,0,0,,0,Filled
DM00000265,SO00000182,1,B021,PT03967,2023-01-05,Phone,7,7,0,0,,0,Filled
DM00000266,SO00000183,1,B021,PT01693,2023-01-05,Service Work Order,2,2,0,0,,0,Filled
DM00000267,SO00000183,2,B021,PT04131,2023-01-05,Service Work Order,10,9,0,0,,1,Partial - Balance Lost
DM00000268,SO00000184,1,B021,PT04137,2023-01-05,Phone,7,7,0,0,,0,Filled
DM00000269,SO00000185,1,B027,PT00558,2023-01-05,Online,5,5,0,0,,0,Filled
DM00000270,SO00000186,1,B027,PT04027,2023-01-05,Counter,8,8,0,0,,0,Filled
DM00000271,SO00000187,1,B004,PT04237,2023-01-05,Service Work Order,6,6,0,0,,0,Filled
DM00000272,SO00000188,1,B004,PT04413,2023-01-05,Service Work Order,5,5,0,0,,0,Filled
DM00000273,SO00000189,1,B024,PT01798,2023-01-05,Counter,1,1,0,0,,0,Filled
DM00000274,SO00000190,1,B024,PT02214,2023-01-05,Counter,7,7,0,0,,0,Filled
DM00000275,SO00000191,1,B008,PT01799,2023-01-05,Service Work Order,2,2,0,0,,0,Filled
DM00000276,SO00000192,1,B019,PT02284,2023-01-05,Phone,7,7,0,0,,0,Filled
DM00000277,SO00000193,1,B016,PT00428,2023-01-05,Counter,4,4,0,0,,0,Filled
DM00000278,SO00000194,1,B016,PT00395,2023-01-05,Service Work Order,5,5,0,0,,0,Filled
DM00000279,SO00000195,1,B010,PT01743,2023-01-05,Phone,1,1,0,0,,0,Filled
DM00000280,SO00000196,1,B019,PT04073,2023-01-06,Service Work Order,9,9,0,0,,0,Filled
DM00000281,SO00000197,1,B019,PT04106,2023-01-06,Online,7,7,0,0,,0,Filled
DM00000282,SO00000198,1,B019,PT01799,2023-01-06,Service Work Order,2,2,0,0,,0,Filled
DM00000283,SO00000199,1,B019,PT02410,2023-01-06,Service Work Order,4,4,0,0,,0,Filled
DM00000284,SO00000200,1,B022,PT00572,2023-01-06,Counter,4,4,0,0,,0,Filled
DM00000285,SO00000200,2,B022,PT04006,2023-01-06,Counter,10,10,0,0,,0,Filled
DM00000286,SO00000201,1,B022,PT02328,2023-01-06,Counter,3,3,0,0,,0,Filled
DM00000287,SO00000202,1,B022,PT01679,2023-01-06,Online,7,7,0,0,,0,Filled
DM00000288,SO00000203,1,B022,PT02362,2023-01-06,Counter,4,4,0,0,,0,Filled
DM00000289,SO00000204,1,B001,PT01789,2023-01-06,Phone,3,3,0,0,,0,Filled
DM00000290,SO00000204,2,B001,PT04216,2023-01-06,Phone,13,13,0,0,,0,Filled
DM00000291,SO00000204,3,B001,PT04168,2023-01-06,Phone,4,4,0,0,,0,Filled
DM00000292,SO00000205,1,B003,PT01761,2023-01-06,Counter,3,3,0,0,,0,Filled
DM00000293,SO00000206,1,B003,PT04054,2023-01-06,Counter,8,8,0,0,,0,Filled
DM00000294,SO00000207,1,B003,PT04146,2023-01-06,Counter,7,7,0,0,,0,Filled
DM00000295,SO00000208,1,B003,PT04074,2023-01-06,Service Work Order,3,3,0,0,,0,Filled
DM00000296,SO00000209,1,B003,PT03492,2023-01-06,Service Work Order,1,1,0,0,,0,Filled
DM00000297,SO00000210,1,B003,PT04137,2023-01-06,Online,9,9,0,0,,0,Filled
DM00000298,SO00000211,1,B025,PT01696,2023-01-06,Phone,1,1,0,0,,0,Filled
DM00000299,SO00000211,2,B025,PT01671,2023-01-06,Phone,4,4,0,0,,0,Filled
DM00000300,SO00000212,1,B006,PT00925,2023-01-06,Counter,1,1,0,0,,0,Filled
DM00000301,SO00000213,1,B006,PT02324,2023-01-06,Counter,2,2,0,0,,0,Filled
DM00000302,SO00000214,1,B010,PT01672,2023-01-06,Counter,1,1,0,0,,0,Filled
DM00000303,SO00000215,1,B018,PT02382,2023-01-06,Counter,4,4,0,0,,0,Filled
DM00000304,SO00000215,2,B018,PT02271,2023-01-06,Counter,6,6,0,0,,0,Filled
DM00000305,SO00000216,1,B021,PT04223,2023-01-06,Counter,2,2,0,0,,0,Filled
DM00000306,SO00000216,2,B021,PT02265,2023-01-06,Counter,5,5,0,0,,0,Filled
DM00000307,SO00000216,3,B021,PT04092,2023-01-06,Counter,6,3,0,0,,3,Partial - Balance Lost
DM00000308,SO00000217,1,B004,PT04121,2023-01-06,Online,5,5,0,0,,0,Filled
DM00000309,SO00000217,2,B004,PT00006,2023-01-06,Online,3,3,0,0,,0,Filled
DM00000310,SO00000218,1,B004,PT04001,2023-01-06,Counter,6,6,0,0,,0,Filled
DM00000311,SO00000219,1,B004,PT01688,2023-01-06,Online,2,2,0,0,,0,Filled
DM00000312,SO00000220,1,B004,PT00562,2023-01-06,Counter,7,7,0,0,,0,Filled
DM00000313,SO00000220,2,B004,PT04142,2023-01-06,Counter,9,9,0,0,,0,Filled
DM00000314,SO00000220,3,B004,PT01943,2023-01-06,Counter,1,1,0,0,,0,Filled
DM00000315,SO00000221,1,B024,PT01679,2023-01-06,Counter,2,2,0,0,,0,Filled
DM00000316,SO00000222,1,B020,PT00462,2023-01-06,Online,6,6,0,0,,0,Filled
DM00000317,SO00000223,1,B020,PT00510,2023-01-06,Counter,4,4,0,0,,0,Filled
DM00000318,SO00000224,1,B013,PT02376,2023-01-06,Online,7,7,0,0,,0,Filled
DM00000319,SO00000224,2,B013,PT03003,2023-01-06,Online,1,1,0,0,,0,Filled
DM00000320,SO00000224,3,B013,PT04413,2023-01-06,Online,15,15,0,0,,0,Filled
DM00000321,SO00000225,1,B013,PT01683,2023-01-06,Service Work Order,6,5,0,0,,1,Partial - Balance Lost
DM00000322,SO00000225,2,B013,PT04140,2023-01-06,Service Work Order,8,8,0,0,,0,Filled
DM00000323,SO00000225,3,B013,PT04186,2023-01-06,Service Work Order,12,8,0,0,,4,Partial - Balance Lost
DM00000324,SO00000226,1,B002,PT04205,2023-01-06,Service Work Order,5,5,0,0,,0,Filled
DM00000325,SO00000227,1,B023,PT04120,2023-01-06,Counter,5,5,0,0,,0,Filled
DM00000326,SO00000227,2,B023,PT01899,2023-01-06,Counter,1,1,0,0,,0,Filled
DM00000327,SO00000228,1,B023,PT01520,2023-01-06,Service Work Order,3,3,0,0,,0,Filled
DM00000328,SO00000229,1,B023,PT01668,2023-01-06,Service Work Order,4,4,0,0,,0,Filled
DM00000329,SO00000230,1,B023,PT02450,2023-01-06,Service Work Order,6,6,0,0,,0,Filled
DM00000330,SO00000230,2,B023,PT00428,2023-01-06,Service Work Order,10,10,0,0,,0,Filled
DM00000331,SO00000231,1,B023,PT04054,2023-01-06,Counter,11,11,0,0,,0,Filled
DM00000332,SO00000232,1,B015,PT03969,2023-01-06,Online,7,7,0,0,,0,Filled
DM00000333,SO00000233,1,B028,PT03386,2023-01-06,Counter,1,1,0,0,,0,Filled
DM00000334,SO00000233,2,B028,PT01469,2023-01-06,Counter,2,2,0,0,,0,Filled
DM00000335,SO00000234,1,B028,PT02312,2023-01-06,Phone,6,6,0,0,,0,Filled
DM00000336,SO00000235,1,B012,PT02311,2023-01-06,Counter,2,2,0,0,,0,Filled
DM00000337,SO00000235,2,B012,PT01780,2023-01-06,Counter,1,1,0,0,,0,Filled
DM00000338,SO00000236,1,B012,PT01771,2023-01-06,Online,1,1,0,0,,0,Filled
DM00000339,SO00000237,1,B011,PT02189,2023-01-06,Counter,7,7,0,0,,0,Filled
DM00000340,SO00000237,2,B011,PT02228,2023-01-06,Counter,2,2,0,0,,0,Filled
DM00000341,SO00000237,3,B011,PT01149,2023-01-06,Counter,2,2,0,0,,0,Filled
DM00000342,SO00000238,1,B027,PT03958,2023-01-06,Counter,6,6,0,0,,0,Filled
DM00000343,SO00000238,2,B027,PT02619,2023-01-06,Counter,1,1,0,0,,0,Filled
DM00000344,SO00000239,1,B016,PT04206,2023-01-06,Service Work Order,9,9,0,0,,0,Filled
DM00000345,SO00000240,1,B005,PT02206,2023-01-06,Counter,6,6,0,0,,0,Filled
DM00000346,SO00000241,1,B017,PT01691,2023-01-06,Counter,4,4,0,0,,0,Filled
DM00000347,SO00000242,1,B002,PT04155,2023-01-07,Online,11,11,0,0,,0,Filled
DM00000348,SO00000243,1,B011,PT04092,2023-01-07,Counter,8,8,0,0,,0,Filled
DM00000349,SO00000243,2,B011,PT01709,2023-01-07,Counter,4,4,0,0,,0,Filled
DM00000350,SO00000244,1,B006,PT02356,2023-01-07,Counter,4,4,0,0,,0,Filled
DM00000351,SO00000245,1,B020,PT04168,2023-01-07,Counter,7,7,0,0,,0,Filled
DM00000352,SO00000246,1,B020,PT04414,2023-01-07,Service Work Order,55,33,22,22,2023-01-10,0,Backorder Filled
DM00000353,SO00000247,1,B007,PT02266,2023-01-07,Online,3,3,0,0,,0,Filled
DM00000354,SO00000248,1,B023,PT03493,2023-01-07,Phone,2,2,0,0,,0,Filled
DM00000355,SO00000249,1,B023,PT00596,2023-01-07,Service Work Order,2,2,0,0,,0,Filled
DM00000356,SO00000250,1,B018,PT02344,2023-01-07,Counter,6,6,0,0,,0,Filled
DM00000357,SO00000251,1,B019,PT00260,2023-01-07,Online,2,2,0,0,,0,Filled
DM00000358,SO00000252,1,B022,PT04048,2023-01-07,Service Work Order,13,12,0,0,,1,Partial - Balance Lost
DM00000359,SO00000253,1,B028,PT01713,2023-01-07,Phone,2,2,0,0,,0,Filled
DM00000360,SO00000254,1,B005,PT01759,2023-01-07,Online,2,2,0,0,,0,Filled
DM00000361,SO00000255,1,B003,PT02278,2023-01-07,Counter,8,7,0,0,,1,Partial - Balance Lost
DM00000362,SO00000256,1,B026,PT02430,2023-01-08,Phone,7,7,0,0,,0,Filled
DM00000363,SO00000257,1,B020,PT02242,2023-01-08,Online,5,5,0,0,,0,Filled
DM00000364,SO00000258,1,B004,PT01638,2023-01-09,Counter,2,2,0,0,,0,Filled
DM00000365,SO00000259,1,B004,PT01737,2023-01-09,Counter,2,2,0,0,,0,Filled
DM00000366,SO00000260,1,B004,PT02336,2023-01-09,Counter,7,7,0,0,,0,Filled
DM00000367,SO00000260,2,B004,PT04014,2023-01-09,Counter,7,7,0,0,,0,Filled
DM00000368,SO00000261,1,B013,PT02376,2023-01-09,Online,6,6,0,0,,0,Filled
DM00000369,SO00000261,2,B013,PT01980,2023-01-09,Online,3,2,1,1,2023-01-24,0,Backorder Filled
DM00000370,SO00000262,1,B018,PT04040,2023-01-09,Online,13,9,0,0,,4,Partial - Balance Lost
DM00000371,SO00000263,1,B024,PT00557,2023-01-09,Counter,2,2,0,0,,0,Filled
DM00000372,SO00000264,1,B024,PT01771,2023-01-09,Phone,1,1,0,0,,0,Filled
DM00000373,SO00000265,1,B005,PT04187,2023-01-09,Counter,7,7,0,0,,0,Filled
DM00000374,SO00000266,1,B011,PT01176,2023-01-09,Service Work Order,1,1,0,0,,0,Filled
DM00000375,SO00000267,1,B011,PT04201,2023-01-09,Service Work Order,12,12,0,0,,0,Filled
DM00000376,SO00000267,2,B011,PT03980,2023-01-09,Service Work Order,6,6,0,0,,0,Filled
DM00000377,SO00000268,1,B011,PT04008,2023-01-09,Online,8,8,0,0,,0,Filled
DM00000378,SO00000269,1,B010,PT02301,2023-01-09,Counter,6,6,0,0,,0,Filled
DM00000379,SO00000269,2,B010,PT04235,2023-01-09,Counter,9,9,0,0,,0,Filled
DM00000380,SO00000270,1,B010,PT04061,2023-01-09,Phone,9,9,0,0,,0,Filled
DM00000381,SO00000271,1,B028,PT01661,2023-01-09,Phone,3,3,0,0,,0,Filled
DM00000382,SO00000271,2,B028,PT01691,2023-01-09,Phone,4,4,0,0,,0,Filled
DM00000383,SO00000272,1,B028,PT04158,2023-01-09,Service Work Order,8,8,0,0,,0,Filled
DM00000384,SO00000273,1,B023,PT00428,2023-01-09,Online,6,6,0,0,,0,Filled
DM00000385,SO00000273,2,B023,PT01520,2023-01-09,Online,2,2,0,0,,0,Filled
DM00000386,SO00000273,3,B023,PT04224,2023-01-09,Online,9,9,0,0,,0,Filled
DM00000387,SO00000274,1,B023,PT02441,2023-01-09,Counter,5,5,0,0,,0,Filled
DM00000388,SO00000275,1,B012,PT04124,2023-01-09,Counter,11,11,0,0,,0,Filled
DM00000389,SO00000276,1,B012,PT02311,2023-01-09,Online,7,7,0,0,,0,Filled
DM00000390,SO00000276,2,B012,PT02221,2023-01-09,Online,9,2,0,0,,7,Partial - Balance Lost
DM00000391,SO00000276,3,B012,PT04082,2023-01-09,Online,8,8,0,0,,0,Filled
DM00000392,SO00000277,1,B002,PT01729,2023-01-09,Online,1,1,0,0,,0,Filled
DM00000393,SO00000278,1,B002,PT03961,2023-01-09,Counter,6,6,0,0,,0,Filled
DM00000394,SO00000279,1,B002,PT00403,2023-01-09,Counter,5,5,0,0,,0,Filled
DM00000395,SO00000280,1,B002,PT04030,2023-01-09,Counter,10,10,0,0,,0,Filled
DM00000396,SO00000280,2,B002,PT04201,2023-01-09,Counter,4,4,0,0,,0,Filled
DM00000397,SO00000280,3,B002,PT04216,2023-01-09,Counter,8,8,0,0,,0,Filled
DM00000398,SO00000281,1,B019,PT02202,2023-01-09,Counter,6,6,0,0,,0,Filled
DM00000399,SO00000281,2,B019,PT01731,2023-01-09,Counter,1,1,0,0,,0,Filled
DM00000400,SO00000282,1,B015,PT04014,2023-01-09,Counter,13,13,0,0,,0,Filled
DM00000401,SO00000283,1,B015,PT02298,2023-01-09,Counter,5,5,0,0,,0,Filled
DM00000402,SO00000284,1,B015,PT04103,2023-01-09,Counter,12,10,0,0,,2,Partial - Balance Lost
DM00000403,SO00000285,1,B022,PT04414,2023-01-09,Counter,15,15,0,0,,0,Filled
DM00000404,SO00000285,2,B022,PT02396,2023-01-09,Counter,2,2,0,0,,0,Filled
DM00000405,SO00000286,1,B022,PT00460,2023-01-09,Phone,5,5,0,0,,0,Filled
DM00000406,SO00000287,1,B020,PT02290,2023-01-09,Service Work Order,6,6,0,0,,0,Filled
DM00000407,SO00000287,2,B020,PT03993,2023-01-09,Service Work Order,9,9,0,0,,0,Filled
DM00000408,SO00000288,1,B014,PT01701,2023-01-09,Counter,2,2,0,0,,0,Filled
DM00000409,SO00000289,1,B001,PT00383,2023-01-09,Service Work Order,8,8,0,0,,0,Filled
DM00000410,SO00000289,2,B001,PT04131,2023-01-09,Service Work Order,9,9,0,0,,0,Filled
DM00000411,SO00000289,3,B001,PT04168,2023-01-09,Service Work Order,7,7,0,0,,0,Filled
DM00000412,SO00000289,4,B001,PT00468,2023-01-09,Service Work Order,5,5,0,0,,0,Filled
DM00000413,SO00000290,1,B001,PT01792,2023-01-09,Counter,1,1,0,0,,0,Filled
DM00000414,SO00000290,2,B001,PT02102,2023-01-09,Counter,1,1,0,0,,0,Filled
DM00000415,SO00000290,3,B001,PT04218,2023-01-09,Counter,7,7,0,0,,0,Filled
DM00000416,SO00000290,4,B001,PT04005,2023-01-09,Counter,7,7,0,0,,0,Filled
DM00000417,SO00000291,1,B009,PT03975,2023-01-09,Counter,4,4,0,0,,0,Filled
DM00000418,SO00000291,2,B009,PT02531,2023-01-09,Counter,1,1,0,0,,0,Filled
DM00000419,SO00000292,1,B021,PT01758,2023-01-09,Counter,3,3,0,0,,0,Filled
DM00000420,SO00000293,1,B017,PT02327,2023-01-09,Online,5,5,0,0,,0,Filled
DM00000421,SO00000294,1,B008,PT00240,2023-01-09,Counter,3,3,0,0,,0,Filled
DM00000422,SO00000295,1,B006,PT02324,2023-01-09,Service Work Order,5,5,0,0,,0,Filled
DM00000423,SO00000296,1,B016,PT00395,2023-01-09,Online,11,2,9,9,2023-01-25,0,Backorder Filled
DM00000424,SO00000297,1,B026,PT00566,2023-01-09,Online,6,6,0,0,,0,Filled
DM00000425,SO00000298,1,B007,PT01787,2023-01-09,Online,2,2,0,0,,0,Filled
DM00000426,SO00000298,2,B007,PT04181,2023-01-09,Online,9,9,0,0,,0,Filled
DM00000427,SO00000299,1,B007,PT01745,2023-01-09,Online,2,2,0,0,,0,Filled
DM00000428,SO00000300,1,B025,PT02192,2023-01-09,Counter,11,11,0,0,,0,Filled
DM00000429,SO00000301,1,B003,PT02448,2023-01-09,Counter,7,7,0,0,,0,Filled
DM00000430,SO00000302,1,B022,PT01775,2023-01-10,Counter,3,3,0,0,,0,Filled
DM00000431,SO00000302,2,B022,PT01756,2023-01-10,Counter,2,2,0,0,,0,Filled
DM00000432,SO00000303,1,B022,PT04205,2023-01-10,Service Work Order,7,5,0,0,,2,Partial - Balance Lost
DM00000433,SO00000303,2,B022,PT01668,2023-01-10,Service Work Order,2,2,0,0,,0,Filled
DM00000434,SO00000304,1,B022,PT02180,2023-01-10,Counter,2,2,0,0,,0,Filled
DM00000435,SO00000305,1,B022,PT03966,2023-01-10,Counter,6,6,0,0,,0,Filled
DM00000436,SO00000305,2,B022,PT00572,2023-01-10,Counter,4,4,0,0,,0,Filled
DM00000437,SO00000306,1,B022,PT01405,2023-01-10,Counter,1,1,0,0,,0,Filled
DM00000438,SO00000307,1,B022,PT02399,2023-01-10,Online,5,5,0,0,,0,Filled
DM00000439,SO00000308,1,B022,PT02229,2023-01-10,Online,7,7,0,0,,0,Filled
DM00000440,SO00000308,2,B022,PT02362,2023-01-10,Online,6,6,0,0,,0,Filled
DM00000441,SO00000309,1,B023,PT03400,2023-01-10,Counter,1,1,0,0,,0,Filled
DM00000442,SO00000310,1,B023,PT04185,2023-01-10,Online,9,9,0,0,,0,Filled
DM00000443,SO00000311,1,B004,PT01749,2023-01-10,Online,2,2,0,0,,0,Filled
DM00000444,SO00000311,2,B004,PT01795,2023-01-10,Online,6,5,1,1,2023-01-11,0,Backorder Filled
DM00000445,SO00000312,1,B004,PT00530,2023-01-10,Counter,3,3,0,0,,0,Filled
DM00000446,SO00000312,2,B004,PT02339,2023-01-10,Counter,8,7,0,0,,1,Partial - Balance Lost
DM00000447,SO00000313,1,B001,PT02454,2023-01-10,Counter,3,3,0,0,,0,Filled
DM00000448,SO00000314,1,B001,PT00703,2023-01-10,Online,1,1,0,0,,0,Filled
DM00000449,SO00000315,1,B001,PT00948,2023-01-10,Counter,1,1,0,0,,0,Filled
DM00000450,SO00000316,1,B001,PT04023,2023-01-10,Service Work Order,3,3,0,0,,0,Filled
DM00000451,SO00000317,1,B003,PT04137,2023-01-10,Phone,3,3,0,0,,0,Filled
DM00000452,SO00000317,2,B003,PT00223,2023-01-10,Phone,1,1,0,0,,0,Filled
DM00000453,SO00000318,1,B010,PT04026,2023-01-10,Counter,8,8,0,0,,0,Filled
DM00000454,SO00000318,2,B010,PT04061,2023-01-10,Counter,8,8,0,0,,0,Filled
DM00000455,SO00000319,1,B010,PT04059,2023-01-10,Counter,11,10,0,0,,1,Partial - Balance Lost
DM00000456,SO00000319,2,B010,PT04162,2023-01-10,Counter,10,10,0,0,,0,Filled
DM00000457,SO00000320,1,B006,PT00837,2023-01-10,Phone,1,1,0,0,,0,Filled
DM00000458,SO00000320,2,B006,PT03998,2023-01-10,Phone,14,9,0,0,,5,Partial - Balance Lost
DM00000459,SO00000321,1,B002,PT04016,2023-01-10,Counter,11,11,0,0,,0,Filled
DM00000460,SO00000321,2,B002,PT01790,2023-01-10,Counter,4,4,0,0,,0,Filled
DM00000461,SO00000321,3,B002,PT04415,2023-01-10,Counter,55,44,0,0,,11,Partial - Balance Lost
DM00000462,SO00000321,4,B002,PT04080,2023-01-10,Counter,6,6,0,0,,0,Filled
DM00000463,SO00000322,1,B015,PT03987,2023-01-10,Counter,10,10,0,0,,0,Filled
DM00000464,SO00000322,2,B015,PT04232,2023-01-10,Counter,3,3,0,0,,0,Filled
DM00000465,SO00000323,1,B013,PT04199,2023-01-10,Service Work Order,9,9,0,0,,0,Filled
DM00000466,SO00000323,2,B013,PT04009,2023-01-10,Service Work Order,10,10,0,0,,0,Filled
DM00000467,SO00000324,1,B011,PT01771,2023-01-10,Counter,1,1,0,0,,0,Filled
DM00000468,SO00000325,1,B021,PT02326,2023-01-10,Service Work Order,3,3,0,0,,0,Filled
DM00000469,SO00000326,1,B021,PT03967,2023-01-10,Service Work Order,7,7,0,0,,0,Filled
DM00000470,SO00000326,2,B021,PT01772,2023-01-10,Service Work Order,3,3,0,0,,0,Filled
DM00000471,SO00000326,3,B021,PT01952,2023-01-10,Service Work Order,3,2,1,1,2023-01-24,0,Backorder Filled
DM00000472,SO00000326,4,B021,PT04168,2023-01-10,Service Work Order,8,8,0,0,,0,Filled
DM00000473,SO00000327,1,B012,PT04415,2023-01-10,Online,55,55,0,0,,0,Filled
DM00000474,SO00000328,1,B012,PT02062,2023-01-10,Counter,2,2,0,0,,0,Filled
DM00000475,SO00000329,1,B012,PT04196,2023-01-10,Online,8,8,0,0,,0,Filled
DM00000476,SO00000329,2,B012,PT04214,2023-01-10,Online,6,6,0,0,,0,Filled
DM00000477,SO00000330,1,B012,PT03426,2023-01-10,Online,2,2,0,0,,0,Filled
DM00000478,SO00000331,1,B012,PT02394,2023-01-10,Service Work Order,3,3,0,0,,0,Filled
DM00000479,SO00000331,2,B012,PT04017,2023-01-10,Service Work Order,11,11,0,0,,0,Filled
DM00000480,SO00000332,1,B009,PT04103,2023-01-10,Online,8,8,0,0,,0,Filled
DM00000481,SO00000333,1,B026,PT04073,2023-01-10,Counter,5,5,0,0,,0,Filled
DM00000482,SO00000333,2,B026,PT01713,2023-01-10,Counter,1,1,0,0,,0,Filled
DM00000483,SO00000333,3,B026,PT04046,2023-01-10,Counter,11,11,0,0,,0,Filled
DM00000484,SO00000333,4,B026,PT04160,2023-01-10,Counter,6,6,0,0,,0,Filled
DM00000485,SO00000334,1,B026,PT01794,2023-01-10,Counter,4,4,0,0,,0,Filled
DM00000486,SO00000335,1,B026,PT00359,2023-01-10,Online,5,5,0,0,,0,Filled
DM00000487,SO00000336,1,B020,PT02213,2023-01-10,Counter,4,4,0,0,,0,Filled
DM00000488,SO00000336,2,B020,PT04004,2023-01-10,Counter,11,11,0,0,,0,Filled
DM00000489,SO00000337,1,B020,PT04133,2023-01-10,Counter,5,5,0,0,,0,Filled
DM00000490,SO00000338,1,B018,PT02417,2023-01-10,Online,6,6,0,0,,0,Filled
DM00000491,SO00000338,2,B018,PT04414,2023-01-10,Online,55,51,4,4,2023-01-11,0,Backorder Filled
DM00000492,SO00000338,3,B018,PT00004,2023-01-10,Online,3,3,0,0,,0,Filled
DM00000493,SO00000339,1,B014,PT01778,2023-01-10,Counter,5,5,0,0,,0,Filled
DM00000494,SO00000339,2,B014,PT00834,2023-01-10,Counter,2,2,0,0,,0,Filled
DM00000495,SO00000340,1,B025,PT04111,2023-01-10,Online,8,8,0,0,,0,Filled
DM00000496,SO00000341,1,B028,PT02461,2023-01-10,Service Work Order,3,3,0,0,,0,Filled
DM00000497,SO00000341,2,B028,PT04076,2023-01-10,Service Work Order,12,12,0,0,,0,Filled
DM00000498,SO00000342,1,B028,PT01716,2023-01-10,Counter,4,4,0,0,,0,Filled
DM00000499,SO00000343,1,B028,PT04158,2023-01-10,Service Work Order,8,8,0,0,,0,Filled
DM00000500,SO00000344,1,B028,PT02420,2023-01-10,Online,13,7,0,0,,6,Partial - Balance Lost
DM00000501,SO00000345,1,B005,PT01727,2023-01-10,Online,2,2,0,0,,0,Filled
DM00000502,SO00000346,1,B005,PT04136,2023-01-10,Online,7,7,0,0,,0,Filled
DM00000503,SO00000347,1,B007,PT04145,2023-01-10,Service Work Order,6,6,0,0,,0,Filled
DM00000504,SO00000348,1,B026,PT04048,2023-01-11,Service Work Order,4,4,0,0,,0,Filled
DM00000505,SO00000349,1,B026,PT04046,2023-01-11,Service Work Order,6,2,0,0,,4,Partial - Balance Lost
DM00000506,SO00000349,2,B026,PT04075,2023-01-11,Service Work Order,13,13,0,0,,0,Filled
DM00000507,SO00000350,1,B026,PT00264,2023-01-11,Service Work Order,1,1,0,0,,0,Filled
DM00000508,SO00000350,2,B026,PT04137,2023-01-11,Service Work Order,4,4,0,0,,0,Filled
DM00000509,SO00000351,1,B002,PT04205,2023-01-11,Counter,8,8,0,0,,0,Filled
DM00000510,SO00000351,2,B002,PT00371,2023-01-11,Counter,6,6,0,0,,0,Filled
DM00000511,SO00000352,1,B002,PT04155,2023-01-11,Counter,6,2,0,0,,4,Partial - Balance Lost
DM00000512,SO00000353,1,B002,PT01729,2023-01-11,Counter,6,6,0,0,,0,Filled
DM00000513,SO00000354,1,B022,PT01679,2023-01-11,Service Work Order,2,2,0,0,,0,Filled
DM00000514,SO00000354,2,B022,PT04072,2023-01-11,Service Work Order,7,7,0,0,,0,Filled
DM00000515,SO00000354,3,B022,PT03966,2023-01-11,Service Work Order,6,6,0,0,,0,Filled
DM00000516,SO00000355,1,B022,PT02313,2023-01-11,Counter,5,5,0,0,,0,Filled
DM00000517,SO00000355,2,B022,PT02229,2023-01-11,Counter,6,6,0,0,,0,Filled
DM00000518,SO00000355,3,B022,PT04193,2023-01-11,Counter,10,9,0,0,,1,Partial - Balance Lost
DM00000519,SO00000356,1,B022,PT02241,2023-01-11,Online,8,8,0,0,,0,Filled
DM00000520,SO00000356,2,B022,PT04060,2023-01-11,Online,7,7,0,0,,0,Filled
DM00000521,SO00000357,1,B022,PT00261,2023-01-11,Online,5,4,1,1,2023-02-27,0,Backorder Filled
DM00000522,SO00000358,1,B022,PT04414,2023-01-11,Counter,5,5,0,0,,0,Filled
DM00000523,SO00000359,1,B011,PT03972,2023-01-11,Counter,8,8,0,0,,0,Filled
DM00000524,SO00000359,2,B011,PT00502,2023-01-11,Counter,3,3,0,0,,0,Filled
DM00000525,SO00000360,1,B011,PT02311,2023-01-11,Phone,4,4,0,0,,0,Filled
DM00000526,SO00000361,1,B004,PT01742,2023-01-11,Phone,1,1,0,0,,0,Filled
DM00000527,SO00000362,1,B004,PT00006,2023-01-11,Service Work Order,5,5,0,0,,0,Filled
DM00000528,SO00000363,1,B014,PT04220,2023-01-11,Online,8,8,0,0,,0,Filled
DM00000529,SO00000364,1,B014,PT04172,2023-01-11,Counter,8,8,0,0,,0,Filled
DM00000530,SO00000365,1,B014,PT04089,2023-01-11,Phone,8,8,0,0,,0,Filled
DM00000531,SO00000366,1,B014,PT04107,2023-01-11,Phone,9,9,0,0,,0,Filled
DM00000532,SO00000367,1,B028,PT00627,2023-01-11,Phone,2,2,0,0,,0,Filled
DM00000533,SO00000367,2,B028,PT00010,2023-01-11,Phone,2,2,0,0,,0,Filled
DM00000534,SO00000368,1,B028,PT00484,2023-01-11,Counter,4,4,0,0,,0,Filled
DM00000535,SO00000368,2,B028,PT02348,2023-01-11,Counter,6,6,0,0,,0,Filled
DM00000536,SO00000368,3,B028,PT03000,2023-01-11,Counter,1,1,0,0,,0,Filled
DM00000537,SO00000369,1,B016,PT04066,2023-01-11,Counter,12,12,0,0,,0,Filled
DM00000538,SO00000370,1,B024,PT01798,2023-01-11,Online,1,1,0,0,,0,Filled
DM00000539,SO00000371,1,B024,PT01989,2023-01-11,Phone,2,2,0,0,,0,Filled
DM00000540,SO00000372,1,B025,PT02410,2023-01-11,Service Work Order,3,3,0,0,,0,Filled
DM00000541,SO00000373,1,B025,PT01800,2023-01-11,Online,2,2,0,0,,0,Filled
DM00000542,SO00000373,2,B025,PT04416,2023-01-11,Online,15,15,0,0,,0,Filled
DM00000543,SO00000373,3,B025,PT02194,2023-01-11,Online,3,3,0,0,,0,Filled
DM00000544,SO00000374,1,B007,PT01356,2023-01-11,Phone,2,2,0,0,,0,Filled
DM00000545,SO00000375,1,B007,PT02324,2023-01-11,Counter,5,5,0,0,,0,Filled
DM00000546,SO00000376,1,B012,PT04124,2023-01-11,Service Work Order,9,0,0,0,,9,Lost Sale
DM00000547,SO00000376,2,B012,PT03779,2023-01-11,Service Work Order,1,1,0,0,,0,Filled
DM00000548,SO00000376,3,B012,PT00146,2023-01-11,Service Work Order,2,2,0,0,,0,Filled
DM00000549,SO00000377,1,B012,PT01773,2023-01-11,Service Work Order,4,4,0,0,,0,Filled
DM00000550,SO00000378,1,B020,PT04202,2023-01-11,Phone,8,8,0,0,,0,Filled
DM00000551,SO00000379,1,B020,PT04165,2023-01-11,Counter,10,10,0,0,,0,Filled
DM00000552,SO00000379,2,B020,PT03352,2023-01-11,Counter,1,1,0,0,,0,Filled
DM00000553,SO00000380,1,B023,PT04149,2023-01-11,Online,7,7,0,0,,0,Filled
DM00000554,SO00000381,1,B023,PT02183,2023-01-11,Online,5,5,0,0,,0,Filled
DM00000555,SO00000382,1,B005,PT00224,2023-01-11,Online,2,2,0,0,,0,Filled
DM00000556,SO00000382,2,B005,PT01759,2023-01-11,Online,7,7,0,0,,0,Filled
DM00000557,SO00000383,1,B006,PT02193,2023-01-11,Service Work Order,5,5,0,0,,0,Filled
DM00000558,SO00000383,2,B006,PT00628,2023-01-11,Service Work Order,1,1,0,0,,0,Filled
DM00000559,SO00000383,3,B006,PT02337,2023-01-11,Service Work Order,4,4,0,0,,0,Filled
DM00000560,SO00000384,1,B021,PT04102,2023-01-11,Counter,6,6,0,0,,0,Filled
DM00000561,SO00000385,1,B008,PT00736,2023-01-11,Service Work Order,1,1,0,0,,0,Filled
DM00000562,SO00000386,1,B013,PT01750,2023-01-11,Online,4,4,0,0,,0,Filled
DM00000563,SO00000387,1,B013,PT04214,2023-01-11,Phone,6,6,0,0,,0,Filled
DM00000564,SO00000387,2,B013,PT01727,2023-01-11,Phone,6,6,0,0,,0,Filled
DM00000565,SO00000388,1,B027,PT01662,2023-01-11,Phone,3,3,0,0,,0,Filled
DM00000566,SO00000388,2,B027,PT02397,2023-01-11,Phone,7,7,0,0,,0,Filled
DM00000567,SO00000389,1,B018,PT04061,2023-01-11,Online,13,10,0,0,,3,Partial - Balance Lost
DM00000568,SO00000390,1,B001,PT03988,2023-01-11,Counter,4,4,0,0,,0,Filled
DM00000569,SO00000390,2,B001,PT04415,2023-01-11,Counter,5,5,0,0,,0,Filled
DM00000570,SO00000391,1,B001,PT01758,2023-01-11,Counter,4,4,0,0,,0,Filled
DM00000571,SO00000392,1,B001,PT03963,2023-01-11,Online,13,12,0,0,,1,Partial - Balance Lost
DM00000572,SO00000393,1,B015,PT01115,2023-01-11,Counter,1,1,0,0,,0,Filled
DM00000573,SO00000393,2,B015,PT01676,2023-01-11,Counter,5,4,0,0,,1,Partial - Balance Lost
DM00000574,SO00000394,1,B010,PT01743,2023-01-11,Online,6,4,2,2,2023-01-12,0,Backorder Filled
DM00000575,SO00000394,2,B010,PT03989,2023-01-11,Online,8,8,0,0,,0,Filled
DM00000576,SO00000395,1,B010,PT02619,2023-01-11,Service Work Order,2,2,0,0,,0,Filled
DM00000577,SO00000396,1,B010,PT01680,2023-01-11,Service Work Order,4,4,0,0,,0,Filled
DM00000578,SO00000397,1,B002,PT04016,2023-01-12,Online,8,8,0,0,,0,Filled
DM00000579,SO00000397,2,B002,PT04113,2023-01-12,Online,3,3,0,0,,0,Filled
DM00000580,SO00000398,1,B002,PT04205,2023-01-12,Phone,7,7,0,0,,0,Filled
DM00000581,SO00000399,1,B002,PT02402,2023-01-12,Counter,6,6,0,0,,0,Filled
DM00000582,SO00000399,2,B002,PT04054,2023-01-12,Counter,5,5,0,0,,0,Filled
DM00000583,SO00000400,1,B002,PT01661,2023-01-12,Counter,4,4,0,0,,0,Filled
DM00000584,SO00000401,1,B002,PT02366,2023-01-12,Service Work Order,9,7,0,0,,2,Partial - Balance Lost
DM00000585,SO00000401,2,B002,PT01772,2023-01-12,Service Work Order,5,5,0,0,,0,Filled
DM00000586,SO00000402,1,B012,PT01772,2023-01-12,Counter,2,2,0,0,,0,Filled
DM00000587,SO00000402,2,B012,PT01780,2023-01-12,Counter,2,2,0,0,,0,Filled
DM00000588,SO00000402,3,B012,PT01663,2023-01-12,Counter,2,2,0,0,,0,Filled
DM00000589,SO00000403,1,B011,PT01785,2023-01-12,Online,2,2,0,0,,0,Filled
DM00000590,SO00000404,1,B011,PT03317,2023-01-12,Online,1,1,0,0,,0,Filled
DM00000591,SO00000405,1,B011,PT01771,2023-01-12,Counter,5,5,0,0,,0,Filled
DM00000592,SO00000405,2,B011,PT01652,2023-01-12,Counter,5,5,0,0,,0,Filled
DM00000593,SO00000406,1,B011,PT03980,2023-01-12,Online,8,5,0,0,,3,Partial - Balance Lost
DM00000594,SO00000407,1,B011,PT04223,2023-01-12,Counter,10,10,0,0,,0,Filled
DM00000595,SO00000408,1,B007,PT04169,2023-01-12,Online,8,8,0,0,,0,Filled
DM00000596,SO00000408,2,B007,PT04416,2023-01-12,Online,5,5,0,0,,0,Filled
DM00000597,SO00000409,1,B023,PT04039,2023-01-12,Online,11,11,0,0,,0,Filled
DM00000598,SO00000410,1,B023,PT01668,2023-01-12,Counter,2,2,0,0,,0,Filled
DM00000599,SO00000411,1,B027,PT01671,2023-01-12,Online,1,1,0,0,,0,Filled
DM00000600,SO00000411,2,B027,PT01711,2023-01-12,Online,5,5,0,0,,0,Filled
DM00000601,SO00000411,3,B027,PT03970,2023-01-12,Online,4,4,0,0,,0,Filled
DM00000602,SO00000412,1,B027,PT01898,2023-01-12,Online,2,2,0,0,,0,Filled
DM00000603,SO00000413,1,B027,PT02309,2023-01-12,Counter,7,7,0,0,,0,Filled
DM00000604,SO00000414,1,B027,PT01662,2023-01-12,Service Work Order,3,3,0,0,,0,Filled
DM00000605,SO00000415,1,B014,PT04134,2023-01-12,Counter,9,9,0,0,,0,Filled
DM00000606,SO00000416,1,B010,PT04225,2023-01-12,Service Work Order,5,5,0,0,,0,Filled
DM00000607,SO00000416,2,B010,PT03989,2023-01-12,Service Work Order,11,5,0,0,,6,Partial - Balance Lost
DM00000608,SO00000417,1,B010,PT04413,2023-01-12,Counter,55,44,11,11,2023-01-16,0,Backorder Filled
DM00000609,SO00000417,2,B010,PT01787,2023-01-12,Counter,4,4,0,0,,0,Filled
DM00000610,SO00000418,1,B026,PT02130,2023-01-12,Phone,2,2,0,0,,0,Filled
DM00000611,SO00000419,1,B026,PT02453,2023-01-12,Counter,10,10,0,0,,0,Filled
DM00000612,SO00000419,2,B026,PT01713,2023-01-12,Counter,3,3,0,0,,0,Filled
DM00000613,SO00000420,1,B025,PT02016,2023-01-12,Online,3,2,1,1,2023-01-25,0,Backorder Filled
DM00000614,SO00000421,1,B025,PT04136,2023-01-12,Online,9,9,0,0,,0,Filled
DM00000615,SO00000421,2,B025,PT01545,2023-01-12,Online,1,1,0,0,,0,Filled
DM00000616,SO00000421,3,B025,PT02207,2023-01-12,Online,3,3,0,0,,0,Filled
DM00000617,SO00000422,1,B001,PT02269,2023-01-12,Service Work Order,8,8,0,0,,0,Filled
DM00000618,SO00000423,1,B001,PT04016,2023-01-12,Counter,7,7,0,0,,0,Filled
DM00000619,SO00000424,1,B001,PT04190,2023-01-12,Service Work Order,11,11,0,0,,0,Filled
DM00000620,SO00000425,1,B001,PT02343,2023-01-12,Service Work Order,7,7,0,0,,0,Filled
DM00000621,SO00000426,1,B006,PT01703,2023-01-12,Online,4,4,0,0,,0,Filled
DM00000622,SO00000426,2,B006,PT00884,2023-01-12,Online,1,1,0,0,,0,Filled
DM00000623,SO00000427,1,B006,PT04109,2023-01-12,Online,13,11,0,0,,2,Partial - Balance Lost
DM00000624,SO00000427,2,B006,PT01773,2023-01-12,Online,3,0,3,3,2023-01-13,0,Backorder Filled
DM00000625,SO00000428,1,B006,PT00516,2023-01-12,Counter,4,4,0,0,,0,Filled
DM00000626,SO00000428,2,B006,PT01704,2023-01-12,Counter,1,1,0,0,,0,Filled
DM00000627,SO00000429,1,B009,PT04033,2023-01-12,Service Work Order,5,5,0,0,,0,Filled
DM00000628,SO00000430,1,B021,PT03967,2023-01-12,Service Work Order,6,6,0,0,,0,Filled
DM00000629,SO00000431,1,B021,PT02155,2023-01-12,Counter,2,2,0,0,,0,Filled
DM00000630,SO00000431,2,B021,PT01776,2023-01-12,Counter,3,3,0,0,,0,Filled
DM00000631,SO00000432,1,B021,PT04196,2023-01-12,Phone,8,8,0,0,,0,Filled
DM00000632,SO00000432,2,B021,PT04216,2023-01-12,Phone,6,6,0,0,,0,Filled
DM00000633,SO00000432,3,B021,PT01790,2023-01-12,Phone,2,2,0,0,,0,Filled
DM00000634,SO00000432,4,B021,PT01656,2023-01-12,Phone,1,1,0,0,,0,Filled
DM00000635,SO00000433,1,B018,PT04068,2023-01-12,Counter,6,6,0,0,,0,Filled
DM00000636,SO00000434,1,B018,PT02238,2023-01-12,Phone,4,4,0,0,,0,Filled
DM00000637,SO00000435,1,B018,PT04416,2023-01-12,Service Work Order,15,15,0,0,,0,Filled
DM00000638,SO00000436,1,B018,PT01667,2023-01-12,Counter,4,4,0,0,,0,Filled
DM00000639,SO00000437,1,B028,PT01723,2023-01-12,Service Work Order,2,2,0,0,,0,Filled
DM00000640,SO00000437,2,B028,PT01769,2023-01-12,Service Work Order,1,1,0,0,,0,Filled
DM00000641,SO00000438,1,B005,PT00506,2023-01-12,Counter,3,3,0,0,,0,Filled
DM00000642,SO00000439,1,B005,PT00647,2023-01-12,Service Work Order,2,2,0,0,,0,Filled
DM00000643,SO00000440,1,B022,PT04086,2023-01-12,Counter,13,9,0,0,,4,Partial - Balance Lost
DM00000644,SO00000441,1,B022,PT04072,2023-01-12,Counter,10,10,0,0,,0,Filled
DM00000645,SO00000442,1,B015,PT00480,2023-01-12,Service Work Order,4,4,0,0,,0,Filled
DM00000646,SO00000442,2,B015,PT01743,2023-01-12,Service Work Order,2,2,0,0,,0,Filled
DM00000647,SO00000443,1,B013,PT02306,2023-01-12,Counter,4,4,0,0,,0,Filled
DM00000648,SO00000443,2,B013,PT00572,2023-01-12,Counter,8,7,1,1,2023-01-16,0,Backorder Filled
DM00000649,SO00000443,3,B013,PT01732,2023-01-12,Counter,5,5,0,0,,0,Filled
DM00000650,SO00000444,1,B020,PT00561,2023-01-12,Counter,7,7,0,0,,0,Filled
DM00000651,SO00000445,1,B022,PT02181,2023-01-13,Service Work Order,5,5,0,0,,0,Filled
DM00000652,SO00000446,1,B022,PT00003,2023-01-13,Counter,3,3,0,0,,0,Filled
DM00000653,SO00000446,2,B022,PT00572,2023-01-13,Counter,2,2,0,0,,0,Filled
DM00000654,SO00000447,1,B022,PT01692,2023-01-13,Online,3,3,0,0,,0,Filled
DM00000655,SO00000448,1,B022,PT04072,2023-01-13,Counter,4,1,0,0,,3,Partial - Balance Lost
DM00000656,SO00000449,1,B022,PT00561,2023-01-13,Service Work Order,7,7,0,0,,0,Filled
DM00000657,SO00000450,1,B027,PT01662,2023-01-13,Service Work Order,7,7,0,0,,0,Filled
DM00000658,SO00000451,1,B027,PT01680,2023-01-13,Service Work Order,3,3,0,0,,0,Filled
DM00000659,SO00000452,1,B027,PT02322,2023-01-13,Online,10,7,0,0,,3,Partial - Balance Lost
DM00000660,SO00000453,1,B024,PT02214,2023-01-13,Phone,7,7,0,0,,0,Filled
DM00000661,SO00000454,1,B024,PT02419,2023-01-13,Counter,7,7,0,0,,0,Filled
DM00000662,SO00000455,1,B010,PT01766,2023-01-13,Online,4,4,0,0,,0,Filled
DM00000663,SO00000455,2,B010,PT01680,2023-01-13,Online,5,5,0,0,,0,Filled
DM00000664,SO00000456,1,B010,PT04061,2023-01-13,Counter,5,5,0,0,,0,Filled
DM00000665,SO00000457,1,B004,PT04062,2023-01-13,Phone,9,9,0,0,,0,Filled
DM00000666,SO00000457,2,B004,PT04076,2023-01-13,Phone,9,9,0,0,,0,Filled
DM00000667,SO00000458,1,B004,PT01750,2023-01-13,Phone,5,5,0,0,,0,Filled
DM00000668,SO00000458,2,B004,PT00431,2023-01-13,Phone,9,9,0,0,,0,Filled
DM00000669,SO00000459,1,B021,PT01741,2023-01-13,Counter,3,3,0,0,,0,Filled
DM00000670,SO00000459,2,B021,PT04011,2023-01-13,Counter,5,5,0,0,,0,Filled
DM00000671,SO00000459,3,B021,PT04168,2023-01-13,Counter,8,8,0,0,,0,Filled
DM00000672,SO00000459,4,B021,PT03967,2023-01-13,Counter,8,8,0,0,,0,Filled
DM00000673,SO00000460,1,B012,PT01771,2023-01-13,Phone,3,3,0,0,,0,Filled
DM00000674,SO00000460,2,B012,PT04181,2023-01-13,Phone,9,9,0,0,,0,Filled
DM00000675,SO00000461,1,B012,PT01708,2023-01-13,Service Work Order,6,6,0,0,,0,Filled
DM00000676,SO00000462,1,B012,PT02062,2023-01-13,Counter,3,3,0,0,,0,Filled
DM00000677,SO00000463,1,B012,PT02455,2023-01-13,Online,6,6,0,0,,0,Filled
DM00000678,SO00000463,2,B012,PT00572,2023-01-13,Online,6,6,0,0,,0,Filled
DM00000679,SO00000464,1,B025,PT01594,2023-01-13,Service Work Order,1,1,0,0,,0,Filled
DM00000680,SO00000465,1,B025,PT03542,2023-01-13,Counter,1,1,0,0,,0,Filled
DM00000681,SO00000465,2,B025,PT01681,2023-01-13,Counter,1,1,0,0,,0,Filled
DM00000682,SO00000466,1,B025,PT04085,2023-01-13,Phone,6,6,0,0,,0,Filled
DM00000683,SO00000466,2,B025,PT00354,2023-01-13,Phone,5,1,4,4,2023-01-23,0,Backorder Filled
DM00000684,SO00000467,1,B006,PT00408,2023-01-13,Service Work Order,11,6,5,5,2023-01-27,0,Backorder Filled
DM00000685,SO00000468,1,B023,PT03423,2023-01-13,Online,1,1,0,0,,0,Filled
DM00000686,SO00000469,1,B023,PT00434,2023-01-13,Service Work Order,6,6,0,0,,0,Filled
DM00000687,SO00000470,1,B023,PT01765,2023-01-13,Counter,5,5,0,0,,0,Filled
DM00000688,SO00000470,2,B023,PT04238,2023-01-13,Counter,10,9,0,0,,1,Partial - Balance Lost
DM00000689,SO00000471,1,B023,PT04054,2023-01-13,Online,8,8,0,0,,0,Filled
DM00000690,SO00000472,1,B015,PT00381,2023-01-13,Counter,5,5,0,0,,0,Filled
DM00000691,SO00000472,2,B015,PT03595,2023-01-13,Counter,2,2,0,0,,0,Filled
DM00000692,SO00000473,1,B015,PT02328,2023-01-13,Online,7,7,0,0,,0,Filled
DM00000693,SO00000474,1,B007,PT04163,2023-01-13,Service Work Order,4,4,0,0,,0,Filled
DM00000694,SO00000474,2,B007,PT04416,2023-01-13,Service Work Order,55,36,19,19,2023-01-16,0,Backorder Filled
DM00000695,SO00000475,1,B028,PT02230,2023-01-13,Online,4,4,0,0,,0,Filled
DM00000696,SO00000475,2,B028,PT03989,2023-01-13,Online,7,7,0,0,,0,Filled
DM00000697,SO00000476,1,B013,PT00556,2023-01-13,Online,5,5,0,0,,0,Filled
DM00000698,SO00000477,1,B013,PT02188,2023-01-13,Service Work Order,4,4,0,0,,0,Filled
DM00000699,SO00000478,1,B011,PT01679,2023-01-13,Counter,1,1,0,0,,0,Filled
DM00000700,SO00000479,1,B011,PT04014,2023-01-13,Counter,9,9,0,0,,0,Filled
DM00000701,SO00000480,1,B011,PT02357,2023-01-13,Phone,3,3,0,0,,0,Filled
DM00000702,SO00000481,1,B002,PT01729,2023-01-13,Online,2,2,0,0,,0,Filled
DM00000703,SO00000481,2,B002,PT01740,2023-01-13,Online,3,3,0,0,,0,Filled
DM00000704,SO00000482,1,B020,PT00391,2023-01-13,Service Work Order,7,7,0,0,,0,Filled
DM00000705,SO00000483,1,B020,PT03993,2023-01-13,Counter,8,8,0,0,,0,Filled
DM00000706,SO00000483,2,B020,PT04168,2023-01-13,Counter,6,6,0,0,,0,Filled
DM00000707,SO00000484,1,B005,PT00776,2023-01-13,Online,1,1,0,0,,0,Filled
DM00000708,SO00000484,2,B005,PT00470,2023-01-13,Online,6,6,0,0,,0,Filled
DM00000709,SO00000485,1,B001,PT02981,2023-01-13,Counter,1,1,0,0,,0,Filled
DM00000710,SO00000485,2,B001,PT04190,2023-01-13,Counter,9,5,0,0,,4,Partial - Balance Lost
DM00000711,SO00000486,1,B001,PT03465,2023-01-13,Online,1,1,0,0,,0,Filled
DM00000712,SO00000487,1,B014,PT01766,2023-01-13,Service Work Order,4,4,0,0,,0,Filled
DM00000713,SO00000488,1,B014,PT00298,2023-01-13,Counter,2,2,0,0,,0,Filled
DM00000714,SO00000489,1,B014,PT01654,2023-01-13,Phone,4,4,0,0,,0,Filled
DM00000715,SO00000490,1,B026,PT04146,2023-01-13,Service Work Order,8,8,0,0,,0,Filled
DM00000716,SO00000491,1,B026,PT04160,2023-01-13,Counter,8,8,0,0,,0,Filled
DM00000717,SO00000492,1,B026,PT02257,2023-01-13,Online,6,6,0,0,,0,Filled
DM00000718,SO00000493,1,B003,PT04137,2023-01-13,Counter,14,14,0,0,,0,Filled
DM00000719,SO00000494,1,B009,PT01748,2023-01-13,Counter,5,5,0,0,,0,Filled
DM00000720,SO00000495,1,B016,PT04414,2023-01-13,Counter,5,5,0,0,,0,Filled
DM00000721,SO00000496,1,B018,PT00482,2023-01-13,Service Work Order,9,7,0,0,,2,Partial - Balance Lost
DM00000722,SO00000497,1,B018,PT02271,2023-01-13,Counter,4,4,0,0,,0,Filled
DM00000723,SO00000497,2,B018,PT02328,2023-01-13,Counter,5,5,0,0,,0,Filled
DM00000724,SO00000498,1,B008,PT01685,2023-01-13,Service Work Order,3,3,0,0,,0,Filled
DM00000725,SO00000499,1,B021,PT02201,2023-01-14,Service Work Order,9,9,0,0,,0,Filled
DM00000726,SO00000499,2,B021,PT01693,2023-01-14,Service Work Order,2,2,0,0,,0,Filled
DM00000727,SO00000499,3,B021,PT01772,2023-01-14,Service Work Order,1,1,0,0,,0,Filled
DM00000728,SO00000500,1,B021,PT04413,2023-01-14,Online,15,15,0,0,,0,Filled
DM00000729,SO00000500,2,B021,PT02265,2023-01-14,Online,8,1,7,7,2023-02-01,0,Backorder Filled
DM00000730,SO00000500,3,B021,PT01796,2023-01-14,Online,4,4,0,0,,0,Filled
DM00000731,SO00000501,1,B021,PT04075,2023-01-14,Online,9,9,0,0,,0,Filled
DM00000732,SO00000502,1,B014,PT01447,2023-01-14,Phone,1,1,0,0,,0,Filled
DM00000733,SO00000503,1,B014,PT02352,2023-01-14,Online,2,2,0,0,,0,Filled
DM00000734,SO00000504,1,B019,PT01692,2023-01-14,Online,3,3,0,0,,0,Filled
DM00000735,SO00000504,2,B019,PT00406,2023-01-14,Online,5,5,0,0,,0,Filled
DM00000736,SO00000505,1,B013,PT00556,2023-01-14,Counter,7,1,6,6,2023-02-06,0,Backorder Filled
DM00000737,SO00000506,1,B005,PT01759,2023-01-14,Counter,6,6,0,0,,0,Filled
DM00000738,SO00000507,1,B028,PT01688,2023-01-14,Service Work Order,4,4,0,0,,0,Filled
DM00000739,SO00000507,2,B028,PT02271,2023-01-14,Service Work Order,7,7,0,0,,0,Filled
DM00000740,SO00000507,3,B028,PT04214,2023-01-14,Service Work Order,7,7,0,0,,0,Filled
DM00000741,SO00000508,1,B027,PT04198,2023-01-14,Service Work Order,9,9,0,0,,0,Filled
DM00000742,SO00000509,1,B011,PT03325,2023-01-14,Service Work Order,1,1,0,0,,0,Filled
DM00000743,SO00000509,2,B011,PT04176,2023-01-14,Service Work Order,11,9,0,0,,2,Partial - Balance Lost
DM00000744,SO00000510,1,B012,PT04368,2023-01-14,Service Work Order,1,1,0,0,,0,Filled
DM00000745,SO00000510,2,B012,PT02394,2023-01-14,Service Work Order,10,10,0,0,,0,Filled
DM00000746,SO00000511,1,B002,PT04113,2023-01-14,Online,11,10,0,0,,1,Partial - Balance Lost
DM00000747,SO00000512,1,B002,PT04006,2023-01-14,Service Work Order,8,8,0,0,,0,Filled
DM00000748,SO00000513,1,B026,PT00011,2023-01-14,Counter,8,7,1,1,2023-01-17,0,Backorder Filled
DM00000749,SO00000513,2,B026,PT04150,2023-01-14,Counter,8,8,0,0,,0,Filled
DM00000750,SO00000514,1,B010,PT02412,2023-01-14,Phone,7,7,0,0,,0,Filled
DM00000751,SO00000515,1,B015,PT01767,2023-01-14,Phone,1,1,0,0,,0,Filled
DM00000752,SO00000516,1,B001,PT04218,2023-01-14,Counter,10,10,0,0,,0,Filled
DM00000753,SO00000516,2,B001,PT02357,2023-01-14,Counter,5,5,0,0,,0,Filled
DM00000754,SO00000517,1,B001,PT04023,2023-01-14,Service Work Order,5,5,0,0,,0,Filled
DM00000755,SO00000518,1,B003,PT02298,2023-01-14,Counter,8,7,1,1,2023-01-17,0,Backorder Filled
DM00000756,SO00000519,1,B004,PT04190,2023-01-14,Online,7,7,0,0,,0,Filled
DM00000757,SO00000520,1,B023,PT04224,2023-01-15,Service Work Order,7,7,0,0,,0,Filled
DM00000758,SO00000521,1,B012,PT04072,2023-01-16,Service Work Order,15,15,0,0,,0,Filled
DM00000759,SO00000521,2,B012,PT01708,2023-01-16,Service Work Order,4,4,0,0,,0,Filled
DM00000760,SO00000522,1,B012,PT04040,2023-01-16,Counter,7,7,0,0,,0,Filled
DM00000761,SO00000523,1,B012,PT01183,2023-01-16,Counter,1,1,0,0,,0,Filled
DM00000762,SO00000524,1,B010,PT03959,2023-01-16,Service Work Order,6,6,0,0,,0,Filled
DM00000763,SO00000525,1,B011,PT04145,2023-01-16,Online,8,8,0,0,,0,Filled
DM00000764,SO00000525,2,B011,PT04361,2023-01-16,Online,1,1,0,0,,0,Filled
DM00000765,SO00000526,1,B011,PT03679,2023-01-16,Service Work Order,1,1,0,0,,0,Filled
DM00000766,SO00000526,2,B011,PT02357,2023-01-16,Service Work Order,5,5,0,0,,0,Filled
DM00000767,SO00000527,1,B002,PT00415,2023-01-16,Service Work Order,5,5,0,0,,0,Filled
DM00000768,SO00000527,2,B002,PT00552,2023-01-16,Service Work Order,4,4,0,0,,0,Filled
DM00000769,SO00000528,1,B002,PT00407,2023-01-16,Counter,10,10,0,0,,0,Filled
DM00000770,SO00000528,2,B002,PT01954,2023-01-16,Counter,2,2,0,0,,0,Filled
DM00000771,SO00000528,3,B002,PT01729,2023-01-16,Counter,5,5,0,0,,0,Filled
DM00000772,SO00000528,4,B002,PT00377,2023-01-16,Counter,5,5,0,0,,0,Filled
DM00000773,SO00000528,5,B002,PT04069,2023-01-16,Counter,10,10,0,0,,0,Filled
DM00000774,SO00000529,1,B002,PT04216,2023-01-16,Counter,8,8,0,0,,0,Filled
DM00000775,SO00000530,1,B023,PT00502,2023-01-16,Counter,5,5,0,0,,0,Filled
DM00000776,SO00000531,1,B023,PT01726,2023-01-16,Online,3,3,0,0,,0,Filled
DM00000777,SO00000531,2,B023,PT01899,2023-01-16,Online,1,1,0,0,,0,Filled
DM00000778,SO00000531,3,B023,PT04094,2023-01-16,Online,12,12,0,0,,0,Filled
DM00000779,SO00000531,4,B023,PT00230,2023-01-16,Online,1,1,0,0,,0,Filled
DM00000780,SO00000532,1,B023,PT02350,2023-01-16,Counter,5,5,0,0,,0,Filled
DM00000781,SO00000533,1,B013,PT01750,2023-01-16,Phone,1,1,0,0,,0,Filled
DM00000782,SO00000533,2,B013,PT01682,2023-01-16,Phone,3,3,0,0,,0,Filled
DM00000783,SO00000534,1,B001,PT00499,2023-01-16,Counter,6,6,0,0,,0,Filled
DM00000784,SO00000534,2,B001,PT04113,2023-01-16,Counter,10,10,0,0,,0,Filled
DM00000785,SO00000534,3,B001,PT00528,2023-01-16,Counter,3,3,0,0,,0,Filled
DM00000786,SO00000534,4,B001,PT01792,2023-01-16,Counter,3,3,0,0,,0,Filled
DM00000787,SO00000535,1,B009,PT00368,2023-01-16,Counter,2,2,0,0,,0,Filled
DM00000788,SO00000536,1,B009,PT02118,2023-01-16,Counter,1,1,0,0,,0,Filled
DM00000789,SO00000537,1,B007,PT04413,2023-01-16,Counter,5,5,0,0,,0,Filled
DM00000790,SO00000538,1,B007,PT04203,2023-01-16,Online,7,7,0,0,,0,Filled
DM00000791,SO00000539,1,B007,PT01082,2023-01-16,Counter,2,2,0,0,,0,Filled
DM00000792,SO00000539,2,B007,PT01728,2023-01-16,Counter,2,2,0,0,,0,Filled
DM00000793,SO00000540,1,B007,PT00459,2023-01-16,Counter,10,8,2,2,2023-01-17,0,Backorder Filled
DM00000794,SO00000541,1,B014,PT01705,2023-01-16,Counter,1,1,0,0,,0,Filled
DM00000795,SO00000542,1,B014,PT01769,2023-01-16,Phone,4,4,0,0,,0,Filled
DM00000796,SO00000543,1,B016,PT00395,2023-01-16,Counter,3,0,3,3,2023-01-25,0,Backorder Filled
DM00000797,SO00000544,1,B021,PT01772,2023-01-16,Phone,2,2,0,0,,0,Filled
DM00000798,SO00000545,1,B021,PT04223,2023-01-16,Online,6,6,0,0,,0,Filled
DM00000799,SO00000546,1,B021,PT04102,2023-01-16,Online,5,5,0,0,,0,Filled
DM00000800,SO00000547,1,B022,PT01756,2023-01-16,Counter,5,5,0,0,,0,Filled
DM00000801,SO00000548,1,B005,PT01798,2023-01-16,Service Work Order,2,2,0,0,,0,Filled
DM00000802,SO00000549,1,B005,PT00444,2023-01-16,Counter,7,7,0,0,,0,Filled
DM00000803,SO00000549,2,B005,PT01718,2023-01-16,Counter,3,3,0,0,,0,Filled
DM00000804,SO00000549,3,B005,PT02304,2023-01-16,Counter,2,2,0,0,,0,Filled
DM00000805,SO00000549,4,B005,PT02031,2023-01-16,Counter,4,4,0,0,,0,Filled
DM00000806,SO00000550,1,B005,PT04153,2023-01-16,Phone,5,5,0,0,,0,Filled
DM00000807,SO00000551,1,B003,PT01784,2023-01-16,Phone,1,1,0,0,,0,Filled
DM00000808,SO00000551,2,B003,PT03966,2023-01-16,Phone,6,6,0,0,,0,Filled
DM00000809,SO00000552,1,B026,PT04117,2023-01-16,Online,4,4,0,0,,0,Filled
DM00000810,SO00000552,2,B026,PT04168,2023-01-16,Online,6,6,0,0,,0,Filled
DM00000811,SO00000553,1,B018,PT04220,2023-01-16,Counter,8,8,0,0,,0,Filled
DM00000812,SO00000554,1,B018,PT04023,2023-01-16,Counter,10,10,0,0,,0,Filled
DM00000813,SO00000555,1,B015,PT04145,2023-01-16,Service Work Order,6,6,0,0,,0,Filled
DM00000814,SO00000556,1,B015,PT04019,2023-01-16,Online,6,6,0,0,,0,Filled
DM00000815,SO00000557,1,B006,PT00426,2023-01-16,Online,8,8,0,0,,0,Filled
DM00000816,SO00000558,1,B028,PT01745,2023-01-16,Phone,3,3,0,0,,0,Filled
DM00000817,SO00000559,1,B028,PT02190,2023-01-16,Counter,5,5,0,0,,0,Filled
DM00000818,SO00000560,1,B028,PT02351,2023-01-16,Counter,4,4,0,0,,0,Filled
DM00000819,SO00000560,2,B028,PT01791,2023-01-16,Counter,4,4,0,0,,0,Filled
DM00000820,SO00000561,1,B004,PT04100,2023-01-16,Counter,14,14,0,0,,0,Filled
DM00000821,SO00000562,1,B004,PT01988,2023-01-16,Counter,5,3,2,2,2023-01-17,0,Backorder Filled
DM00000822,SO00000563,1,B004,PT01691,2023-01-16,Phone,4,4,0,0,,0,Filled
DM00000823,SO00000563,2,B004,PT01688,2023-01-16,Phone,2,2,0,0,,0,Filled
DM00000824,SO00000563,3,B004,PT02070,2023-01-16,Phone,1,1,0,0,,0,Filled
DM00000825,SO00000564,1,B027,PT01700,2023-01-16,Online,4,4,0,0,,0,Filled
DM00000826,SO00000565,1,B027,PT02306,2023-01-16,Online,7,7,0,0,,0,Filled
DM00000827,SO00000566,1,B017,PT01691,2023-01-16,Online,1,1,0,0,,0,Filled
DM00000828,SO00000567,1,B025,PT01654,2023-01-16,Phone,3,3,0,0,,0,Filled
DM00000829,SO00000568,1,B024,PT04196,2023-01-16,Counter,7,7,0,0,,0,Filled
DM00000830,SO00000568,2,B024,PT01669,2023-01-16,Counter,5,5,0,0,,0,Filled
DM00000831,SO00000569,1,B020,PT03978,2023-01-16,Online,8,8,0,0,,0,Filled
DM00000832,SO00000570,1,B028,PT01688,2023-01-17,Counter,5,5,0,0,,0,Filled
DM00000833,SO00000570,2,B028,PT02797,2023-01-17,Counter,1,1,0,0,,0,Filled
DM00000834,SO00000570,3,B028,PT00002,2023-01-17,Counter,2,2,0,0,,0,Filled
DM00000835,SO00000571,1,B028,PT01779,2023-01-17,Online,3,3,0,0,,0,Filled
DM00000836,SO00000572,1,B028,PT01769,2023-01-17,Service Work Order,3,3,0,0,,0,Filled
DM00000837,SO00000573,1,B028,PT01691,2023-01-17,Online,1,1,0,0,,0,Filled
DM00000838,SO00000574,1,B010,PT04061,2023-01-17,Online,12,12,0,0,,0,Filled
DM00000839,SO00000575,1,B010,PT04060,2023-01-17,Online,4,4,0,0,,0,Filled
DM00000840,SO00000575,2,B010,PT01472,2023-01-17,Online,1,1,0,0,,0,Filled
DM00000841,SO00000576,1,B022,PT04415,2023-01-17,Counter,5,5,0,0,,0,Filled
DM00000842,SO00000576,2,B022,PT02313,2023-01-17,Counter,3,3,0,0,,0,Filled
DM00000843,SO00000577,1,B022,PT01833,2023-01-17,Service Work Order,2,2,0,0,,0,Filled
DM00000844,SO00000578,1,B022,PT04006,2023-01-17,Phone,11,11,0,0,,0,Filled
DM00000845,SO00000578,2,B022,PT01785,2023-01-17,Phone,1,1,0,0,,0,Filled
DM00000846,SO00000579,1,B022,PT01652,2023-01-17,Counter,2,2,0,0,,0,Filled
DM00000847,SO00000580,1,B026,PT02198,2023-01-17,Counter,5,5,0,0,,0,Filled
DM00000848,SO00000581,1,B001,PT01681,2023-01-17,Service Work Order,4,4,0,0,,0,Filled
DM00000849,SO00000582,1,B021,PT03570,2023-01-17,Counter,1,1,0,0,,0,Filled
DM00000850,SO00000583,1,B021,PT04075,2023-01-17,Counter,6,6,0,0,,0,Filled
DM00000851,SO00000584,1,B027,PT04231,2023-01-17,Phone,10,10,0,0,,0,Filled
DM00000852,SO00000584,2,B027,PT04086,2023-01-17,Phone,7,7,0,0,,0,Filled
DM00000853,SO00000585,1,B004,PT04100,2023-01-17,Phone,11,10,0,0,,1,Partial - Balance Lost
DM00000854,SO00000586,1,B004,PT04229,2023-01-17,Counter,4,4,0,0,,0,Filled
DM00000855,SO00000587,1,B018,PT04211,2023-01-17,Service Work Order,11,9,0,0,,2,Partial - Balance Lost
DM00000856,SO00000588,1,B014,PT02230,2023-01-17,Online,10,8,0,0,,2,Partial - Balance Lost
DM00000857,SO00000588,2,B014,PT01651,2023-01-17,Online,4,4,0,0,,0,Filled
DM00000858,SO00000589,1,B014,PT02260,2023-01-17,Service Work Order,5,5,0,0,,0,Filled
DM00000859,SO00000590,1,B015,PT00571,2023-01-17,Counter,8,8,0,0,,0,Filled
DM00000860,SO00000590,2,B015,PT02030,2023-01-17,Counter,1,1,0,0,,0,Filled
DM00000861,SO00000591,1,B025,PT00051,2023-01-17,Counter,2,2,0,0,,0,Filled
DM00000862,SO00000592,1,B025,PT04086,2023-01-17,Counter,7,7,0,0,,0,Filled
DM00000863,SO00000592,2,B025,PT01453,2023-01-17,Counter,1,1,0,0,,0,Filled
DM00000864,SO00000593,1,B013,PT04189,2023-01-17,Online,9,9,0,0,,0,Filled
DM00000865,SO00000594,1,B013,PT01696,2023-01-17,Counter,2,2,0,0,,0,Filled
DM00000866,SO00000594,2,B013,PT04042,2023-01-17,Counter,5,5,0,0,,0,Filled
DM00000867,SO00000595,1,B013,PT03966,2023-01-17,Online,13,9,0,0,,4,Partial - Balance Lost
DM00000868,SO00000596,1,B023,PT01899,2023-01-17,Counter,3,3,0,0,,0,Filled
DM00000869,SO00000597,1,B012,PT02394,2023-01-17,Phone,3,3,0,0,,0,Filled
DM00000870,SO00000598,1,B012,PT04414,2023-01-17,Service Work Order,55,47,8,8,2023-01-18,0,Backorder Filled
DM00000871,SO00000598,2,B012,PT04201,2023-01-17,Service Work Order,7,7,0,0,,0,Filled
DM00000872,SO00000599,1,B012,PT01687,2023-01-17,Online,3,3,0,0,,0,Filled
DM00000873,SO00000600,1,B007,PT02324,2023-01-17,Phone,5,5,0,0,,0,Filled
DM00000874,SO00000601,1,B011,PT04201,2023-01-17,Counter,10,9,0,0,,1,Partial - Balance Lost
DM00000875,SO00000602,1,B009,PT02480,2023-01-17,Counter,1,1,0,0,,0,Filled
DM00000876,SO00000603,1,B016,PT03968,2023-01-17,Online,4,4,0,0,,0,Filled
DM00000877,SO00000604,1,B016,PT01663,2023-01-17,Service Work Order,1,1,0,0,,0,Filled
DM00000878,SO00000605,1,B020,PT00719,2023-01-17,Counter,1,1,0,0,,0,Filled
DM00000879,SO00000605,2,B020,PT04042,2023-01-17,Counter,8,8,0,0,,0,Filled
DM00000880,SO00000605,3,B020,PT00488,2023-01-17,Counter,7,7,0,0,,0,Filled
DM00000881,SO00000606,1,B006,PT01749,2023-01-17,Service Work Order,1,1,0,0,,0,Filled
DM00000882,SO00000606,2,B006,PT01659,2023-01-17,Service Work Order,2,2,0,0,,0,Filled
DM00000883,SO00000607,1,B002,PT04415,2023-01-17,Service Work Order,10,10,0,0,,0,Filled
DM00000884,SO00000608,1,B002,PT01729,2023-01-17,Counter,3,3,0,0,,0,Filled
DM00000885,SO00000609,1,B019,PT01669,2023-01-17,Service Work Order,2,2,0,0,,0,Filled
DM00000886,SO00000610,1,B021,PT03978,2023-01-18,Counter,9,9,0,0,,0,Filled
DM00000887,SO00000610,2,B021,PT00624,2023-01-18,Counter,1,1,0,0,,0,Filled
DM00000888,SO00000611,1,B021,PT04107,2023-01-18,Service Work Order,6,6,0,0,,0,Filled
DM00000889,SO00000611,2,B021,PT01777,2023-01-18,Service Work Order,4,4,0,0,,0,Filled
DM00000890,SO00000612,1,B021,PT04168,2023-01-18,Counter,8,8,0,0,,0,Filled
DM00000891,SO00000612,2,B021,PT04102,2023-01-18,Counter,8,8,0,0,,0,Filled
DM00000892,SO00000612,3,B021,PT01741,2023-01-18,Counter,7,7,0,0,,0,Filled
DM00000893,SO00000613,1,B021,PT01772,2023-01-18,Service Work Order,4,4,0,0,,0,Filled
DM00000894,SO00000614,1,B004,PT01737,2023-01-18,Counter,3,3,0,0,,0,Filled
DM00000895,SO00000615,1,B004,PT04100,2023-01-18,Counter,7,7,0,0,,0,Filled
DM00000896,SO00000615,2,B004,PT04046,2023-01-18,Counter,8,8,0,0,,0,Filled
DM00000897,SO00000616,1,B004,PT00431,2023-01-18,Phone,5,5,0,0,,0,Filled
DM00000898,SO00000617,1,B012,PT00009,2023-01-18,Counter,4,4,0,0,,0,Filled
DM00000899,SO00000618,1,B012,PT02221,2023-01-18,Service Work Order,6,6,0,0,,0,Filled
DM00000900,SO00000619,1,B012,PT01780,2023-01-18,Service Work Order,1,1,0,0,,0,Filled
DM00000901,SO00000620,1,B012,PT02204,2023-01-18,Counter,4,4,0,0,,0,Filled
DM00000902,SO00000621,1,B012,PT04201,2023-01-18,Online,9,9,0,0,,0,Filled
DM00000903,SO00000622,1,B012,PT04415,2023-01-18,Online,55,55,0,0,,0,Filled
DM00000904,SO00000623,1,B012,PT04414,2023-01-18,Phone,55,47,8,8,2023-01-19,0,Backorder Filled
DM00000905,SO00000624,1,B012,PT01756,2023-01-18,Counter,4,4,0,0,,0,Filled
DM00000906,SO00000625,1,B012,PT02114,2023-01-18,Online,3,3,0,0,,0,Filled
DM00000907,SO00000625,2,B012,PT02403,2023-01-18,Online,6,6,0,0,,0,Filled
DM00000908,SO00000626,1,B012,PT02413,2023-01-18,Counter,7,7,0,0,,0,Filled
DM00000909,SO00000627,1,B001,PT00501,2023-01-18,Online,6,6,0,0,,0,Filled
DM00000910,SO00000627,2,B001,PT02453,2023-01-18,Online,7,7,0,0,,0,Filled
DM00000911,SO00000628,1,B001,PT01545,2023-01-18,Counter,1,1,0,0,,0,Filled
DM00000912,SO00000628,2,B001,PT00468,2023-01-18,Counter,7,7,0,0,,0,Filled
DM00000913,SO00000629,1,B001,PT04131,2023-01-18,Service Work Order,5,5,0,0,,0,Filled
DM00000914,SO00000629,2,B001,PT04224,2023-01-18,Service Work Order,11,9,0,0,,2,Partial - Balance Lost
DM00000915,SO00000629,3,B001,PT00591,2023-01-18,Service Work Order,1,1,0,0,,0,Filled
DM00000916,SO00000630,1,B001,PT03632,2023-01-18,Online,1,1,0,0,,0,Filled
DM00000917,SO00000631,1,B002,PT00507,2023-01-18,Service Work Order,7,7,0,0,,0,Filled
DM00000918,SO00000632,1,B002,PT04159,2023-01-18,Online,9,9,0,0,,0,Filled
DM00000919,SO00000632,2,B002,PT00442,2023-01-18,Online,5,5,0,0,,0,Filled
DM00000920,SO00000632,3,B002,PT04080,2023-01-18,Online,10,10,0,0,,0,Filled
DM00000921,SO00000632,4,B002,PT01771,2023-01-18,Online,3,3,0,0,,0,Filled
DM00000922,SO00000633,1,B022,PT00409,2023-01-18,Online,7,7,0,0,,0,Filled
DM00000923,SO00000634,1,B022,PT00414,2023-01-18,Phone,7,7,0,0,,0,Filled
DM00000924,SO00000635,1,B022,PT04414,2023-01-18,Counter,15,15,0,0,,0,Filled
DM00000925,SO00000635,2,B022,PT00280,2023-01-18,Counter,2,2,0,0,,0,Filled
DM00000926,SO00000635,3,B022,PT01729,2023-01-18,Counter,5,5,0,0,,0,Filled
DM00000927,SO00000635,4,B022,PT02396,2023-01-18,Counter,5,5,0,0,,0,Filled
DM00000928,SO00000635,5,B022,PT00415,2023-01-18,Counter,6,6,0,0,,0,Filled
DM00000929,SO00000636,1,B028,PT02463,2023-01-18,Service Work Order,4,4,0,0,,0,Filled
DM00000930,SO00000637,1,B028,PT01769,2023-01-18,Service Work Order,3,3,0,0,,0,Filled
DM00000931,SO00000638,1,B028,PT02415,2023-01-18,Counter,7,7,0,0,,0,Filled
DM00000932,SO00000639,1,B019,PT04075,2023-01-18,Counter,12,12,0,0,,0,Filled
DM00000933,SO00000640,1,B014,PT02252,2023-01-18,Counter,5,5,0,0,,0,Filled
DM00000934,SO00000641,1,B014,PT02298,2023-01-18,Phone,7,7,0,0,,0,Filled
DM00000935,SO00000642,1,B025,PT04176,2023-01-18,Service Work Order,11,11,0,0,,0,Filled
DM00000936,SO00000643,1,B025,PT04086,2023-01-18,Service Work Order,8,8,0,0,,0,Filled
DM00000937,SO00000644,1,B006,PT04168,2023-01-18,Service Work Order,8,8,0,0,,0,Filled
DM00000938,SO00000645,1,B006,PT01749,2023-01-18,Counter,4,4,0,0,,0,Filled
DM00000939,SO00000645,2,B006,PT00413,2023-01-18,Counter,8,8,0,0,,0,Filled
DM00000940,SO00000646,1,B006,PT03344,2023-01-18,Phone,1,1,0,0,,0,Filled
DM00000941,SO00000646,2,B006,PT01671,2023-01-18,Phone,3,3,0,0,,0,Filled
DM00000942,SO00000647,1,B015,PT01746,2023-01-18,Counter,3,3,0,0,,0,Filled
DM00000943,SO00000648,1,B026,PT04033,2023-01-18,Online,4,4,0,0,,0,Filled
DM00000944,SO00000649,1,B003,PT00384,2023-01-18,Service Work Order,6,6,0,0,,0,Filled
DM00000945,SO00000649,2,B003,PT02198,2023-01-18,Service Work Order,5,5,0,0,,0,Filled
DM00000946,SO00000649,3,B003,PT04413,2023-01-18,Service Work Order,55,39,16,16,2023-01-19,0,Backorder Filled
DM00000947,SO00000650,1,B008,PT00554,2023-01-18,Service Work Order,5,5,0,0,,0,Filled
DM00000948,SO00000651,1,B008,PT01799,2023-01-18,Service Work Order,1,1,0,0,,0,Filled
DM00000949,SO00000652,1,B011,PT04223,2023-01-18,Service Work Order,6,6,0,0,,0,Filled
DM00000950,SO00000652,2,B011,PT00549,2023-01-18,Service Work Order,4,4,0,0,,0,Filled
DM00000951,SO00000653,1,B027,PT01662,2023-01-18,Online,2,2,0,0,,0,Filled
DM00000952,SO00000654,1,B018,PT00482,2023-01-18,Phone,8,8,0,0,,0,Filled
DM00000953,SO00000654,2,B018,PT02253,2023-01-18,Phone,8,8,0,0,,0,Filled
DM00000954,SO00000655,1,B018,PT02202,2023-01-18,Service Work Order,8,7,1,1,2023-01-19,0,Backorder Filled
DM00000955,SO00000656,1,B023,PT04224,2023-01-18,Service Work Order,7,7,0,0,,0,Filled
DM00000956,SO00000657,1,B005,PT00361,2023-01-18,Online,4,4,0,0,,0,Filled
DM00000957,SO00000658,1,B010,PT04413,2023-01-18,Counter,5,5,0,0,,0,Filled
DM00000958,SO00000659,1,B007,PT02273,2023-01-18,Counter,8,6,2,2,2023-01-20,0,Backorder Filled
DM00000959,SO00000660,1,B027,PT03991,2023-01-19,Online,8,8,0,0,,0,Filled
DM00000960,SO00000660,2,B027,PT04027,2023-01-19,Online,11,11,0,0,,0,Filled
DM00000961,SO00000660,3,B027,PT01762,2023-01-19,Online,7,5,2,2,2023-01-30,0,Backorder Filled
DM00000962,SO00000661,1,B012,PT01781,2023-01-19,Counter,4,4,0,0,,0,Filled
DM00000963,SO00000662,1,B012,PT02403,2023-01-19,Service Work Order,6,5,0,0,,1,Partial - Balance Lost
DM00000964,SO00000662,2,B012,PT01569,2023-01-19,Service Work Order,2,2,0,0,,0,Filled
DM00000965,SO00000663,1,B012,PT03358,2023-01-19,Counter,1,1,0,0,,0,Filled
DM00000966,SO00000664,1,B021,PT01772,2023-01-19,Service Work Order,4,4,0,0,,0,Filled
DM00000967,SO00000665,1,B021,PT01693,2023-01-19,Service Work Order,6,3,0,0,,3,Partial - Balance Lost
DM00000968,SO00000666,1,B021,PT04416,2023-01-19,Counter,5,5,0,0,,0,Filled
DM00000969,SO00000667,1,B021,PT02326,2023-01-19,Counter,6,6,0,0,,0,Filled
DM00000970,SO00000668,1,B001,PT03963,2023-01-19,Phone,6,6,0,0,,0,Filled
DM00000971,SO00000668,2,B001,PT04415,2023-01-19,Phone,5,5,0,0,,0,Filled
DM00000972,SO00000668,3,B001,PT02343,2023-01-19,Phone,8,2,0,0,,6,Partial - Balance Lost
DM00000973,SO00000668,4,B001,PT00409,2023-01-19,Phone,8,7,0,0,,1,Partial - Balance Lost
DM00000974,SO00000668,5,B001,PT01726,2023-01-19,Phone,3,3,0,0,,0,Filled
DM00000975,SO00000669,1,B001,PT00421,2023-01-19,Counter,3,3,0,0,,0,Filled
DM00000976,SO00000670,1,B018,PT04146,2023-01-19,Online,6,6,0,0,,0,Filled
DM00000977,SO00000670,2,B018,PT02376,2023-01-19,Online,7,7,0,0,,0,Filled
DM00000978,SO00000671,1,B018,PT04164,2023-01-19,Online,5,5,0,0,,0,Filled
DM00000979,SO00000672,1,B018,PT00482,2023-01-19,Counter,5,2,0,0,,3,Partial - Balance Lost
DM00000980,SO00000673,1,B010,PT01686,2023-01-19,Counter,4,4,0,0,,0,Filled
DM00000981,SO00000674,1,B010,PT01775,2023-01-19,Service Work Order,2,2,0,0,,0,Filled
DM00000982,SO00000675,1,B010,PT01789,2023-01-19,Counter,2,2,0,0,,0,Filled
DM00000983,SO00000675,2,B010,PT00048,2023-01-19,Counter,3,3,0,0,,0,Filled
DM00000984,SO00000676,1,B010,PT04178,2023-01-19,Online,3,3,0,0,,0,Filled
DM00000985,SO00000677,1,B022,PT04185,2023-01-19,Online,5,5,0,0,,0,Filled
DM00000986,SO00000678,1,B022,PT00008,2023-01-19,Service Work Order,4,4,0,0,,0,Filled
DM00000987,SO00000679,1,B022,PT00567,2023-01-19,Counter,7,7,0,0,,0,Filled
DM00000988,SO00000680,1,B022,PT00280,2023-01-19,Counter,3,2,1,1,2023-01-20,0,Backorder Filled
DM00000989,SO00000681,1,B007,PT02391,2023-01-19,Service Work Order,5,5,0,0,,0,Filled
DM00000990,SO00000681,2,B007,PT04416,2023-01-19,Service Work Order,5,5,0,0,,0,Filled
DM00000991,SO00000682,1,B011,PT00502,2023-01-19,Counter,6,6,0,0,,0,Filled
DM00000992,SO00000682,2,B011,PT04124,2023-01-19,Counter,14,14,0,0,,0,Filled
DM00000993,SO00000683,1,B011,PT01652,2023-01-19,Online,4,4,0,0,,0,Filled
DM00000994,SO00000684,1,B009,PT04153,2023-01-19,Service Work Order,6,6,0,0,,0,Filled
DM00000995,SO00000685,1,B026,PT04075,2023-01-19,Counter,9,9,0,0,,0,Filled
DM00000996,SO00000686,1,B006,PT04020,2023-01-19,Counter,10,10,0,0,,0,Filled
DM00000997,SO00000686,2,B006,PT03982,2023-01-19,Counter,9,9,0,0,,0,Filled
DM00000998,SO00000687,1,B006,PT04160,2023-01-19,Service Work Order,9,9,0,0,,0,Filled
DM00000999,SO00000688,1,B002,PT03988,2023-01-19,Service Work Order,5,5,0,0,,0,Filled
DM00001000,SO00000688,2,B002,PT04030,2023-01-19,Service Work Order,7,7,0,0,,0,Filled
