branch_id,part_id,part_number,safety_stock_qty,reorder_point_qty,max_qty,service_level_target,effective_date,approved_by
B001,PT03632,117-3730,1,2,3,0.93,2026-01-01,R. Alvarez
B001,PT00073,122-2117,3,4,7,0.94,2026-01-01,R. Alvarez
B001,PT00454,134-6660,4,5,6,0.95,2026-01-01,D. Carter-Lee
B001,PT03773,143-4160,2,3,4,0.88,2026-01-01,R. Alvarez
B001,PT04113,146-9671,6,7,12,0.9,2026-01-01,R. Alvarez
B001,PT00409,155-7536,3,4,5,0.95,2026-01-01,M. Patel
B001,PT01476,167-5351,1,2,3,0.93,2026-01-01,K. Nguyen
B001,PT00476,175-2965,5,6,8,0.95,2026-01-01,D. Carter-Lee
B001,PT01801,176-0602,5,6,10,0.95,2026-01-01,J. Thompson
B001,PT00478,179-8618,5,6,8,0.95,2026-01-01,S. Brooks
B001,PT03603,1B-7385,1,2,3,0.88,2026-01-01,M. Patel
B001,PT02278,1L-5505,5,6,8,0.95,2026-01-01,D. Carter-Lee
B001,PT02603,1T-3810,1,2,3,0.97,2026-01-01,M. Patel
B001,PT04413,1X-9099,11,12,17,0.95,2026-01-01,J. Thompson
B001,PT04116,202-9021,7,8,13,0.9,2026-01-01,K. Nguyen
B001,PT00563,225-2219,4,5,7,0.95,2026-01-01,S. Brooks
B001,PT00468,250-4496,6,7,10,0.95,2026-01-01,S. Brooks
B001,PT01783,258-3573,4,6,8,0.95,2026-01-01,J. Thompson
B001,PT00544,274-6169,5,6,8,0.95,2026-01-01,S. Brooks
B001,PT01726,283-0099,4,5,7,0.95,2026-01-01,J. Thompson
B001,PT00551,292-4745,4,5,7,0.95,2026-01-01,R. Alvarez
B001,PT02277,2G-6572,5,6,8,0.95,2026-01-01,K. Nguyen
B001,PT02285,2V-6923,7,8,12,0.95,2026-01-01,S. Brooks
B001,PT00420,343-6869,6,7,9,0.95,2026-01-01,D. Carter-Lee
B001,PT01681,360-4865,3,4,6,0.9,2026-01-01,D. Carter-Lee
B001,PT00459,369-5880,5,6,8,0.95,2026-01-01,R. Alvarez
B001,PT00499,394-0225,5,6,8,0.95,2026-01-01,S. Brooks
B001,PT00383,397-6076,5,6,8,0.95,2026-01-01,M. Patel
B001,PT00531,3A-4948,4,5,7,0.95,2026-01-01,D. Carter-Lee
B001,PT01789,3G-3233,5,6,8,0.95,2026-01-01,K. Nguyen
B001,PT00025,3H-5164,3,4,6,0.94,2026-01-01,S. Brooks
B001,PT00942,3Y-1763,1,2,3,0.97,2026-01-01,J. Thompson
B001,PT02314,402-5446,5,6,8,0.95,2026-01-01,K. Nguyen
B001,PT00152,404-7957,3,4,6,0.94,2026-01-01,D. Carter-Lee
B001,PT02174,413-0540,6,8,10,0.95,2026-01-01,D. Carter-Lee
B001,PT02192,424-1351,8,11,14,0.95,2026-01-01,R. Alvarez
B001,PT00395,427-3872,5,7,9,0.95,2026-01-01,K. Nguyen
B001,PT00116,428-1642,3,4,6,0.94,2026-01-01,D. Carter-Lee
B001,PT00412,428-6776,4,5,6,0.95,2026-01-01,S. Brooks
B001,PT02202,431-9871,5,6,9,0.95,2026-01-01,R. Alvarez
B001,PT00556,437-7715,9,13,16,0.95,2026-01-01,J. Thompson
B001,PT03993,442-4472,9,11,24,0.9,2026-01-01,J. Thompson
B001,PT01952,445-2745,3,4,7,0.9,2026-01-01,R. Alvarez
B001,PT01758,448-1152,5,6,9,0.95,2026-01-01,K. Nguyen
B001,PT00919,453-3186,1,2,3,0.97,2026-01-01,J. Thompson
B001,PT00703,4C-9061,2,3,4,0.97,2026-01-01,D. Carter-Lee
B001,PT01787,4K-0418,2,3,4,0.95,2026-01-01,K. Nguyen
B001,PT03799,4P-3717,1,2,3,0.88,2026-01-01,D. Carter-Lee
B001,PT04414,4S-5275,16,17,23,0.95,2026-01-01,J. Thompson
B001,PT01606,4W-7872,1,2,3,0.93,2026-01-01,M. Patel
B001,PT01663,4X-2943,4,5,7,0.9,2026-01-01,D. Carter-Lee
B001,PT00421,4X-4483,4,5,7,0.95,2026-01-01,D. Carter-Lee
B001,PT03024,504-5624,1,2,3,0.97,2026-01-01,R. Alvarez
B001,PT04216,517-9888,15,23,39,0.9,2026-01-01,D. Carter-Lee
B001,PT02289,523-3493,5,6,7,0.95,2026-01-01,J. Thompson
B001,PT00528,524-2290,9,12,15,0.95,2026-01-01,D. Carter-Lee
B001,PT00377,527-1509,7,8,12,0.95,2026-01-01,R. Alvarez
B001,PT00291,537-6108,2,3,5,0.94,2026-01-01,D. Carter-Lee
B001,PT01717,560-6984,3,4,6,0.9,2026-01-01,J. Thompson
B001,PT01664,560-8743,3,4,5,0.9,2026-01-01,M. Patel
B001,PT00495,567-9162,10,13,16,0.95,2026-01-01,K. Nguyen
B001,PT04415,576-2232,32,36,52,0.95,2026-01-01,K. Nguyen
B001,PT01689,592-5818,3,4,6,0.9,2026-01-01,J. Thompson
B001,PT01713,5G-7485,2,3,4,0.9,2026-01-01,K. Nguyen
B001,PT01699,5T-5716,4,6,8,0.9,2026-01-01,J. Thompson
B001,PT00501,5Y-0341,7,8,11,0.95,2026-01-01,R. Alvarez
B001,PT02533,6G-1530,1,2,3,0.97,2026-01-01,J. Thompson
B001,PT00008,6I-2502,2,3,4,0.95,2026-01-01,R. Alvarez
B001,PT01792,6X-0708,4,5,7,0.95,2026-01-01,D. Carter-Lee
B001,PT01744,6Y-5381,3,4,5,0.95,2026-01-01,D. Carter-Lee
B001,PT02454,7A-9604,3,4,6,0.95,2026-01-01,J. Thompson
B001,PT00185,7K-5370,3,4,6,0.94,2026-01-01,K. Nguyen
B001,PT00472,7N-8871,4,5,7,0.95,2026-01-01,D. Carter-Lee
B001,PT02102,7S-3797,2,3,5,0.94,2026-01-01,J. Thompson
B001,PT02269,7Y-6571,10,13,16,0.95,2026-01-01,M. Patel
B001,PT00591,8F-9785,2,3,5,0.97,2026-01-01,J. Thompson
B001,PT01527,8G-9643,2,3,4,0.93,2026-01-01,J. Thompson
B001,PT01760,8I-6396,4,5,6,0.95,2026-01-01,K. Nguyen
B001,PT00435,8U-1633,8,10,18,0.95,2026-01-01,S. Brooks
B001,PT02453,8X-8177,7,8,12,0.95,2026-01-01,K. Nguyen
B001,PT02205,8X-8484,6,7,10,0.95,2026-01-01,S. Brooks
B001,PT01376,9A-4193,1,2,3,0.93,2026-01-01,S. Brooks
B001,PT04416,9I-8063,16,17,21,0.95,2026-01-01,S. Brooks
B001,PT02458,9M-7845,8,10,16,0.95,2026-01-01,R. Alvarez
B002,PT00371,102-2838,6,7,10,0.95,2026-01-01,R. Alvarez
B002,PT01954,108-3407,4,5,10,0.9,2026-01-01,S. Brooks
B002,PT00422,123-9229,5,6,8,0.95,2026-01-01,R. Alvarez
B002,PT00454,134-6660,3,4,5,0.95,2026-01-01,S. Brooks
B002,PT00518,164-5043,7,8,11,0.95,2026-01-01,R. Alvarez
B002,PT00565,170-6202,7,8,12,0.95,2026-01-01,M. Patel
B002,PT00213,186-4111,3,4,7,0.94,2026-01-01,J. Thompson
B002,PT00238,1B-7019,2,3,4,0.94,2026-01-01,J. Thompson
B002,PT02209,1E-5433,6,7,8,0.95,2026-01-01,D. Carter-Lee
B002,PT02556,1H-5446,1,2,3,0.97,2026-01-01,D. Carter-Lee
B002,PT01779,1P-9928,5,7,9,0.95,2026-01-01,D. Carter-Lee
B002,PT04413,1X-9099,16,17,21,0.95,2026-01-01,K. Nguyen
B002,PT01740,221-0325,4,5,8,0.95,2026-01-01,S. Brooks
B002,PT00552,225-7273,6,7,10,0.95,2026-01-01,J. Thompson
B002,PT00507,239-6082,7,8,13,0.95,2026-01-01,S. Brooks
B002,PT02487,271-9742,2,3,4,0.97,2026-01-01,R. Alvarez
B002,PT00572,276-9821,6,7,10,0.95,2026-01-01,M. Patel
B002,PT02428,2G-5056,3,4,5,0.95,2026-01-01,J. Thompson
B002,PT01104,2K-3661,1,2,3,0.97,2026-01-01,D. Carter-Lee
B002,PT02212,313-7717,3,4,5,0.95,2026-01-01,K. Nguyen
B002,PT01796,330-2553,3,4,5,0.95,2026-01-01,D. Carter-Lee
B002,PT00530,348-4841,6,7,10,0.95,2026-01-01,M. Patel
B002,PT01003,377-8276,1,2,3,0.97,2026-01-01,D. Carter-Lee
B002,PT00425,378-1493,6,8,10,0.95,2026-01-01,K. Nguyen
B002,PT00485,3A-7154,3,4,5,0.95,2026-01-01,J. Thompson
B002,PT00407,3U-2694,14,20,25,0.95,2026-01-01,S. Brooks
B002,PT00415,407-1817,13,19,25,0.95,2026-01-01,J. Thompson
B002,PT02466,4I-7263,6,8,10,0.95,2026-01-01,J. Thompson
B002,PT00393,4X-9465,6,8,10,0.95,2026-01-01,J. Thompson
B002,PT04016,4Y-7805,10,13,24,0.9,2026-01-01,M. Patel
B002,PT00447,503-1305,3,4,5,0.95,2026-01-01,M. Patel
B002,PT00377,527-1509,7,8,12,0.95,2026-01-01,K. Nguyen
B002,PT00438,548-2215,4,5,7,0.95,2026-01-01,D. Carter-Lee
B002,PT02190,554-3221,13,22,29,0.95,2026-01-01,R. Alvarez
B002,PT00403,558-2292,6,7,10,0.95,2026-01-01,R. Alvarez
B002,PT01717,560-6984,3,4,5,0.9,2026-01-01,D. Carter-Lee
B002,PT01660,567-9985,3,4,5,0.9,2026-01-01,S. Brooks
B002,PT04415,576-2232,34,37,48,0.95,2026-01-01,K. Nguyen
B002,PT01790,5A-3871,5,6,10,0.95,2026-01-01,J. Thompson
B002,PT00479,5B-0021,5,6,8,0.95,2026-01-01,D. Carter-Lee
B002,PT00442,5C-1953,5,6,8,0.95,2026-01-01,R. Alvarez
B002,PT02237,5C-7935,5,6,8,0.95,2026-01-01,M. Patel
B002,PT01771,5I-5122,3,4,6,0.95,2026-01-01,S. Brooks
B002,PT01772,5J-4540,3,4,5,0.95,2026-01-01,D. Carter-Lee
B002,PT02229,5U-3503,5,6,8,0.95,2026-01-01,R. Alvarez
B002,PT01617,5V-9595,1,2,3,0.93,2026-01-01,S. Brooks
B002,PT01149,6H-9176,1,2,3,0.93,2026-01-01,M. Patel
B002,PT01729,6L-2618,6,8,15,0.95,2026-01-01,S. Brooks
B002,PT00408,6M-3360,6,8,9,0.95,2026-01-01,S. Brooks
B002,PT02425,6U-8135,5,6,7,0.95,2026-01-01,D. Carter-Lee
B002,PT03673,7F-5710,2,3,4,0.93,2026-01-01,M. Patel
B002,PT00372,7G-4384,3,4,5,0.95,2026-01-01,S. Brooks
B002,PT01668,7I-4229,2,3,4,0.9,2026-01-01,R. Alvarez
B002,PT01002,7N-5337,2,3,4,0.97,2026-01-01,K. Nguyen
B002,PT00492,8J-2111,7,8,11,0.95,2026-01-01,S. Brooks
B002,PT03983,8L-7331,10,13,25,0.9,2026-01-01,R. Alvarez
B002,PT00065,8M-6687,3,4,6,0.94,2026-01-01,K. Nguyen
B002,PT01718,8X-5006,3,4,6,0.9,2026-01-01,J. Thompson
B002,PT01949,9J-2877,5,7,13,0.9,2026-01-01,D. Carter-Lee
B002,PT00985,9W-8569,2,3,4,0.97,2026-01-01,K. Nguyen
B002,PT01765,9X-5779,5,6,10,0.95,2026-01-01,S. Brooks
B003,PT00356,118-1689,4,5,6,0.95,2026-01-01,D. Carter-Lee
B003,PT00754,121-0223,2,3,4,0.97,2026-01-01,K. Nguyen
B003,PT02307,125-3557,6,7,9,0.95,2026-01-01,J. Thompson
B003,PT00454,134-6660,5,6,7,0.95,2026-01-01,R. Alvarez
B003,PT01714,158-7122,2,3,5,0.9,2026-01-01,J. Thompson
B003,PT00536,1G-1984,4,5,6,0.95,2026-01-01,M. Patel
B003,PT02278,1L-5505,5,6,8,0.95,2026-01-01,S. Brooks
B003,PT04413,1X-9099,17,19,26,0.95,2026-01-01,S. Brooks
B003,PT01770,221-8133,3,4,5,0.95,2026-01-01,M. Patel
B003,PT02198,254-2360,10,14,17,0.95,2026-01-01,K. Nguyen
B003,PT02448,286-8338,5,6,9,0.95,2026-01-01,M. Patel
B003,PT01766,287-9188,3,4,5,0.95,2026-01-01,D. Carter-Lee
B003,PT00562,297-7828,5,6,8,0.95,2026-01-01,K. Nguyen
B003,PT00527,298-3708,7,9,10,0.95,2026-01-01,S. Brooks
B003,PT00399,2A-4011,5,6,8,0.95,2026-01-01,K. Nguyen
B003,PT00473,2R-2221,4,5,7,0.95,2026-01-01,K. Nguyen
B003,PT00508,304-5215,4,5,7,0.95,2026-01-01,R. Alvarez
B003,PT00096,316-0499,2,3,4,0.94,2026-01-01,J. Thompson
B003,PT02426,318-8514,4,5,6,0.95,2026-01-01,K. Nguyen
B003,PT00006,326-1644,3,4,5,0.97,2026-01-01,M. Patel
B003,PT02187,341-0871,6,8,10,0.95,2026-01-01,R. Alvarez
B003,PT02438,399-9891,5,6,8,0.95,2026-01-01,R. Alvarez
B003,PT02417,3D-0476,8,12,16,0.95,2026-01-01,D. Carter-Lee
B003,PT00450,428-2486,6,7,11,0.95,2026-01-01,S. Brooks
B003,PT01678,465-4365,3,4,6,0.9,2026-01-01,M. Patel
B003,PT02175,496-4225,5,6,7,0.95,2026-01-01,M. Patel
B003,PT02125,4B-4433,2,3,5,0.94,2026-01-01,D. Carter-Lee
B003,PT02312,4I-6960,8,11,14,0.95,2026-01-01,D. Carter-Lee
B003,PT02506,4R-6737,2,3,4,0.97,2026-01-01,K. Nguyen
B003,PT01761,4U-9900,4,5,8,0.95,2026-01-01,K. Nguyen
B003,PT00515,510-0149,6,8,9,0.95,2026-01-01,K. Nguyen
B003,PT00373,514-9557,9,13,17,0.95,2026-01-01,R. Alvarez
B003,PT01631,550-1989,1,2,3,0.93,2026-01-01,J. Thompson
B003,PT04133,578-6538,8,9,15,0.9,2026-01-01,K. Nguyen
B003,PT02479,5C-5763,1,2,3,0.97,2026-01-01,S. Brooks
B003,PT01722,5J-5427,3,4,5,0.9,2026-01-01,K. Nguyen
B003,PT00384,5M-7115,7,9,11,0.95,2026-01-01,M. Patel
B003,PT04137,6A-4811,13,16,35,0.9,2026-01-01,D. Carter-Lee
B003,PT00008,6I-2502,3,4,6,0.95,2026-01-01,R. Alvarez
B003,PT00432,6J-9068,7,9,11,0.95,2026-01-01,M. Patel
B003,PT01746,6U-6664,3,4,5,0.95,2026-01-01,S. Brooks
B003,PT01794,7K-3204,3,4,5,0.95,2026-01-01,K. Nguyen
B003,PT02208,7L-5944,3,4,5,0.95,2026-01-01,D. Carter-Lee
B003,PT01784,8Y-3449,5,7,10,0.95,2026-01-01,J. Thompson
B003,PT00270,9I-4590,3,4,6,0.94,2026-01-01,S. Brooks
B003,PT04416,9I-8063,26,28,37,0.95,2026-01-01,K. Nguyen
B003,PT01753,9U-7614,3,4,5,0.95,2026-01-01,D. Carter-Lee
B004,PT03393,101-2273,2,3,4,0.97,2026-01-01,J. Thompson
B004,PT00451,124-1247,6,7,10,0.95,2026-01-01,D. Carter-Lee
B004,PT00433,130-3432,4,5,7,0.95,2026-01-01,R. Alvarez
B004,PT00870,158-9831,3,4,5,0.97,2026-01-01,K. Nguyen
B004,PT00431,162-3286,8,11,14,0.95,2026-01-01,D. Carter-Lee
B004,PT00497,174-1594,9,12,15,0.95,2026-01-01,K. Nguyen
B004,PT00259,175-9658,2,3,5,0.94,2026-01-01,S. Brooks
B004,PT01737,192-7585,4,6,8,0.95,2026-01-01,J. Thompson
B004,PT00057,195-1954,2,3,4,0.94,2026-01-01,J. Thompson
B004,PT02038,196-1917,5,7,10,0.94,2026-01-01,D. Carter-Lee
B004,PT00436,1C-5307,4,5,7,0.95,2026-01-01,S. Brooks
B004,PT00505,1M-1092,5,6,8,0.95,2026-01-01,S. Brooks
B004,PT04413,1X-9099,15,16,19,0.95,2026-01-01,D. Carter-Lee
B004,PT02395,247-9557,6,7,11,0.9,2026-01-01,M. Patel
B004,PT01707,255-8810,2,3,4,0.9,2026-01-01,S. Brooks
B004,PT04361,277-4413,3,4,6,0.9,2026-01-01,K. Nguyen
B004,PT00562,297-7828,4,5,7,0.95,2026-01-01,K. Nguyen
B004,PT02215,2A-3786,9,11,13,0.95,2026-01-01,S. Brooks
B004,PT00481,2H-6111,6,7,9,0.95,2026-01-01,J. Thompson
B004,PT01742,2T-7074,4,5,8,0.95,2026-01-01,J. Thompson
B004,PT01655,310-3495,3,4,6,0.9,2026-01-01,J. Thompson
B004,PT04121,312-7347,9,11,20,0.9,2026-01-01,J. Thompson
B004,PT02426,318-8514,9,12,15,0.95,2026-01-01,R. Alvarez
B004,PT04076,322-3983,10,13,18,0.9,2026-01-01,M. Patel
B004,PT00006,326-1644,6,7,11,0.97,2026-01-01,K. Nguyen
B004,PT00530,348-4841,6,7,10,0.95,2026-01-01,M. Patel
B004,PT04100,397-8445,8,10,18,0.9,2026-01-01,S. Brooks
B004,PT01686,3I-7396,2,3,4,0.9,2026-01-01,K. Nguyen
B004,PT01573,3K-6199,2,3,4,0.93,2026-01-01,M. Patel
B004,PT01533,3N-1765,1,2,3,0.93,2026-01-01,D. Carter-Lee
B004,PT01730,3X-9055,5,6,8,0.95,2026-01-01,K. Nguyen
B004,PT01453,404-0325,2,3,4,0.97,2026-01-01,D. Carter-Lee
B004,PT02202,431-9871,2,3,4,0.95,2026-01-01,R. Alvarez
B004,PT02222,439-6029,8,11,14,0.95,2026-01-01,S. Brooks
B004,PT01748,448-3086,3,4,5,0.95,2026-01-01,R. Alvarez
B004,PT01795,455-5423,2,3,4,0.95,2026-01-01,R. Alvarez
B004,PT00200,455-5452,3,4,6,0.94,2026-01-01,J. Thompson
B004,PT00714,457-4201,2,3,4,0.97,2026-01-01,S. Brooks
B004,PT02179,462-9141,6,7,10,0.95,2026-01-01,R. Alvarez
B004,PT01769,464-9313,3,4,5,0.95,2026-01-01,J. Thompson
B004,PT02336,467-2416,7,9,16,0.9,2026-01-01,R. Alvarez
B004,PT01793,491-2264,3,4,6,0.95,2026-01-01,S. Brooks
B004,PT01751,492-1705,3,4,5,0.95,2026-01-01,J. Thompson
B004,PT02451,4F-8010,2,3,4,0.95,2026-01-01,M. Patel
B004,PT02092,4M-8299,2,3,4,0.94,2026-01-01,M. Patel
B004,PT01712,4X-4451,2,3,4,0.9,2026-01-01,K. Nguyen
B004,PT02218,564-7237,5,6,7,0.95,2026-01-01,R. Alvarez
B004,PT01660,567-9985,3,4,5,0.9,2026-01-01,K. Nguyen
B004,PT04001,596-9178,9,11,20,0.9,2026-01-01,D. Carter-Lee
B004,PT00479,5B-0021,6,7,10,0.95,2026-01-01,K. Nguyen
B004,PT00312,5F-0525,2,3,4,0.94,2026-01-01,R. Alvarez
B004,PT00448,5V-1821,3,4,5,0.95,2026-01-01,J. Thompson
B004,PT03059,5X-3168,1,2,3,0.97,2026-01-01,S. Brooks
B004,PT00376,6F-7731,8,11,13,0.95,2026-01-01,S. Brooks
B004,PT01943,6S-6575,3,4,7,0.9,2026-01-01,J. Thompson
B004,PT01746,6U-6664,2,3,4,0.95,2026-01-01,M. Patel
B004,PT02305,7T-0793,3,4,5,0.95,2026-01-01,D. Carter-Lee
B004,PT02280,7T-7176,3,4,5,0.95,2026-01-01,J. Thompson
B004,PT00900,7W-0875,1,2,3,0.97,2026-01-01,J. Thompson
B004,PT01688,8A-3578,2,3,4,0.9,2026-01-01,S. Brooks
B004,PT01522,8L-1120,1,2,3,0.93,2026-01-01,J. Thompson
B004,PT01773,8M-9527,2,3,4,0.95,2026-01-01,S. Brooks
B004,PT01750,8N-2339,2,3,4,0.95,2026-01-01,D. Carter-Lee
B004,PT01692,9B-5922,3,4,6,0.9,2026-01-01,R. Alvarez
B004,PT01778,9G-8449,6,8,10,0.95,2026-01-01,S. Brooks
B004,PT01749,9H-0300,5,7,10,0.95,2026-01-01,M. Patel
B004,PT04416,9I-8063,23,25,31,0.95,2026-01-01,K. Nguyen
B004,PT02505,9J-1678,1,2,3,0.97,2026-01-01,J. Thompson
B004,PT00411,9X-1309,6,7,9,0.95,2026-01-01,R. Alvarez
B005,PT01757,103-8421,3,4,5,0.95,2026-01-01,D. Carter-Lee
B005,PT04251,105-9875,2,3,4,0.94,2026-01-01,R. Alvarez
B005,PT01224,124-1798,2,3,4,0.93,2026-01-01,M. Patel
B005,PT02307,125-3557,8,9,14,0.95,2026-01-01,D. Carter-Lee
B005,PT01798,138-4784,3,4,6,0.95,2026-01-01,K. Nguyen
B005,PT03453,144-8669,1,2,3,0.93,2026-01-01,M. Patel
B005,PT02256,157-3058,4,5,7,0.95,2026-01-01,J. Thompson
B005,PT00504,178-8516,3,4,5,0.95,2026-01-01,D. Carter-Lee
B005,PT04413,1X-9099,26,28,35,0.95,2026-01-01,J. Thompson
B005,PT01733,1Y-5014,3,4,5,0.95,2026-01-01,D. Carter-Lee
B005,PT00419,215-3794,7,9,11,0.95,2026-01-01,M. Patel
B005,PT02460,239-8129,7,8,12,0.95,2026-01-01,D. Carter-Lee
B005,PT00405,246-6524,5,6,8,0.95,2026-01-01,J. Thompson
B005,PT01393,265-1287,2,3,4,0.93,2026-01-01,K. Nguyen
B005,PT02226,292-3628,6,8,10,0.95,2026-01-01,M. Patel
B005,PT02176,295-3720,6,7,11,0.95,2026-01-01,S. Brooks
B005,PT00427,2A-0779,4,5,6,0.95,2026-01-01,S. Brooks
B005,PT02304,2A-9546,10,14,17,0.95,2026-01-01,D. Carter-Lee
B005,PT02031,2F-8086,2,3,4,0.94,2026-01-01,D. Carter-Lee
B005,PT00564,2T-5828,3,4,5,0.95,2026-01-01,K. Nguyen
B005,PT00444,2V-3491,6,8,10,0.95,2026-01-01,D. Carter-Lee
B005,PT00491,2W-4303,4,5,7,0.95,2026-01-01,M. Patel
B005,PT03065,302-7155,2,3,4,0.97,2026-01-01,M. Patel
B005,PT01658,311-4289,2,3,4,0.9,2026-01-01,D. Carter-Lee
B005,PT00506,315-7531,4,5,6,0.95,2026-01-01,J. Thompson
B005,PT00561,344-8963,5,6,8,0.95,2026-01-01,J. Thompson
B005,PT00567,354-1372,5,6,8,0.95,2026-01-01,J. Thompson
B005,PT02252,361-9349,6,7,8,0.95,2026-01-01,K. Nguyen
B005,PT02096,390-5802,3,4,7,0.94,2026-01-01,K. Nguyen
B005,PT00224,392-6885,2,3,5,0.94,2026-01-01,J. Thompson
B005,PT02287,395-5783,6,7,8,0.95,2026-01-01,R. Alvarez
B005,PT02254,3I-3642,5,7,8,0.95,2026-01-01,J. Thompson
B005,PT01727,412-6683,3,4,6,0.95,2026-01-01,K. Nguyen
B005,PT01657,422-3659,4,6,8,0.9,2026-01-01,D. Carter-Lee
B005,PT00559,439-1215,7,9,11,0.95,2026-01-01,K. Nguyen
B005,PT02596,447-3888,2,3,4,0.97,2026-01-01,S. Brooks
B005,PT01748,448-3086,3,4,6,0.95,2026-01-01,R. Alvarez
B005,PT01769,464-9313,4,5,7,0.95,2026-01-01,K. Nguyen
B005,PT01754,487-1786,2,3,4,0.95,2026-01-01,K. Nguyen
B005,PT01764,4G-8533,2,3,4,0.95,2026-01-01,M. Patel
B005,PT01666,4P-9554,2,3,4,0.9,2026-01-01,J. Thompson
B005,PT00361,4U-2137,5,6,8,0.95,2026-01-01,J. Thompson
B005,PT02236,4X-7684,7,10,12,0.95,2026-01-01,J. Thompson
B005,PT02283,535-3342,4,5,7,0.95,2026-01-01,S. Brooks
B005,PT01763,564-5379,3,4,6,0.95,2026-01-01,M. Patel
B005,PT01142,574-2261,2,3,4,0.93,2026-01-01,S. Brooks
B005,PT01713,5G-7485,2,3,4,0.9,2026-01-01,R. Alvarez
B005,PT02407,5P-2189,5,6,8,0.95,2026-01-01,J. Thompson
B005,PT01685,6L-1105,2,3,4,0.9,2026-01-01,S. Brooks
B005,PT02425,6U-8135,5,6,8,0.95,2026-01-01,R. Alvarez
B005,PT00470,7F-4270,7,8,12,0.95,2026-01-01,M. Patel
B005,PT01659,7V-3911,3,4,6,0.9,2026-01-01,S. Brooks
B005,PT01688,8A-3578,3,4,7,0.9,2026-01-01,R. Alvarez
B005,PT01683,8P-3725,4,6,9,0.9,2026-01-01,J. Thompson
B005,PT01718,8X-5006,4,5,8,0.9,2026-01-01,K. Nguyen
B005,PT03407,8Y-7156,2,3,4,0.93,2026-01-01,M. Patel
B005,PT00537,9B-4949,6,7,9,0.95,2026-01-01,S. Brooks
B005,PT01778,9G-8449,3,4,6,0.95,2026-01-01,S. Brooks
B005,PT00647,9I-6968,2,3,4,0.97,2026-01-01,M. Patel
B005,PT04416,9I-8063,4,5,6,0.95,2026-01-01,R. Alvarez
B005,PT01759,9U-3723,6,7,13,0.95,2026-01-01,J. Thompson
B005,PT01753,9U-7614,2,3,4,0.95,2026-01-01,D. Carter-Lee
B006,PT00422,123-9229,4,5,6,0.95,2026-01-01,S. Brooks
B006,PT00451,124-1247,3,4,5,0.95,2026-01-01,D. Carter-Lee
B006,PT00695,125-1414,2,3,4,0.97,2026-01-01,D. Carter-Lee
B006,PT00352,127-3031,3,4,5,0.95,2026-01-01,R. Alvarez
B006,PT00589,156-2342,2,3,4,0.97,2026-01-01,S. Brooks
B006,PT00497,174-1594,6,8,9,0.95,2026-01-01,J. Thompson
B006,PT01914,193-8176,3,4,6,0.9,2026-01-01,M. Patel
B006,PT00505,1M-1092,4,5,6,0.95,2026-01-01,K. Nguyen
B006,PT00001,1R-0750,4,5,6,0.97,2026-01-01,D. Carter-Lee
B006,PT04413,1X-9099,26,28,36,0.95,2026-01-01,D. Carter-Lee
B006,PT02987,201-9880,1,2,3,0.97,2026-01-01,S. Brooks
B006,PT00426,244-9475,8,9,14,0.95,2026-01-01,M. Patel
B006,PT01783,258-3573,5,7,9,0.95,2026-01-01,M. Patel
B006,PT01800,276-7397,2,3,4,0.95,2026-01-01,R. Alvarez
B006,PT02304,2A-9546,7,9,11,0.95,2026-01-01,K. Nguyen
B006,PT01671,2J-3646,5,6,10,0.9,2026-01-01,D. Carter-Lee
B006,PT00417,2M-4045,3,4,5,0.95,2026-01-01,J. Thompson
B006,PT02178,304-7841,5,6,8,0.95,2026-01-01,S. Brooks
B006,PT01655,310-3495,3,4,5,0.9,2026-01-01,K. Nguyen
B006,PT00555,315-7012,4,5,7,0.95,2026-01-01,R. Alvarez
B006,PT02447,321-5006,2,3,4,0.95,2026-01-01,M. Patel
B006,PT01484,348-8468,1,2,3,0.93,2026-01-01,D. Carter-Lee
B006,PT02223,362-8037,5,6,8,0.95,2026-01-01,M. Patel
B006,PT00344,373-6759,3,4,6,0.94,2026-01-01,J. Thompson
B006,PT01752,381-9338,4,5,7,0.95,2026-01-01,K. Nguyen
B006,PT02301,3B-7031,5,6,9,0.95,2026-01-01,R. Alvarez
B006,PT01755,3F-1905,2,3,4,0.95,2026-01-01,R. Alvarez
B006,PT01662,3H-9460,2,3,4,0.9,2026-01-01,D. Carter-Lee
B006,PT03078,3R-3413,2,3,4,0.97,2026-01-01,M. Patel
B006,PT02184,3S-3782,5,6,8,0.95,2026-01-01,S. Brooks
B006,PT01747,406-9949,3,4,6,0.95,2026-01-01,J. Thompson
B006,PT00524,436-2365,4,5,7,0.95,2026-01-01,M. Patel
B006,PT02196,437-6318,4,5,6,0.95,2026-01-01,R. Alvarez
B006,PT00575,437-9072,7,8,10,0.95,2026-01-01,R. Alvarez
B006,PT00357,478-9647,4,5,7,0.95,2026-01-01,M. Patel
B006,PT01793,491-2264,3,4,5,0.95,2026-01-01,M. Patel
B006,PT01751,492-1705,4,5,8,0.95,2026-01-01,M. Patel
B006,PT00569,4P-5515,4,5,7,0.95,2026-01-01,R. Alvarez
B006,PT04414,4S-5275,15,16,20,0.95,2026-01-01,M. Patel
B006,PT02236,4X-7684,9,12,15,0.95,2026-01-01,J. Thompson
B006,PT02446,510-2969,6,7,11,0.95,2026-01-01,K. Nguyen
B006,PT00892,531-1290,2,3,4,0.97,2026-01-01,K. Nguyen
B006,PT01763,564-5379,2,3,4,0.95,2026-01-01,R. Alvarez
B006,PT02188,5E-3401,7,8,12,0.95,2026-01-01,R. Alvarez
B006,PT01691,5F-3363,3,4,6,0.9,2026-01-01,D. Carter-Lee
B006,PT02496,5Y-7750,1,2,3,0.97,2026-01-01,M. Patel
B006,PT00008,6I-2502,3,4,5,0.95,2026-01-01,M. Patel
B006,PT02435,6J-8612,3,4,5,0.95,2026-01-01,D. Carter-Lee
B006,PT01728,7D-3197,3,4,5,0.95,2026-01-01,J. Thompson
B006,PT00472,7N-8871,4,5,7,0.95,2026-01-01,M. Patel
B006,PT01670,7S-1850,2,3,4,0.9,2026-01-01,R. Alvarez
B006,PT02280,7T-7176,4,5,6,0.95,2026-01-01,S. Brooks
B006,PT00503,7U-0800,4,5,6,0.95,2026-01-01,R. Alvarez
B006,PT01659,7V-3911,2,3,4,0.9,2026-01-01,K. Nguyen
B006,PT00308,7Y-3066,5,7,10,0.94,2026-01-01,D. Carter-Lee
B006,PT00413,8C-6717,6,7,10,0.95,2026-01-01,K. Nguyen
B006,PT00484,8E-2698,8,11,14,0.95,2026-01-01,D. Carter-Lee
B006,PT00284,8G-8169,3,4,5,0.94,2026-01-01,M. Patel
B006,PT01773,8M-9527,5,7,10,0.95,2026-01-01,D. Carter-Lee
B006,PT01703,8V-7043,3,4,6,0.9,2026-01-01,S. Brooks
B006,PT01651,8X-7638,1,2,3,0.9,2026-01-01,J. Thompson
B006,PT01749,9H-0300,7,10,15,0.95,2026-01-01,J. Thompson
B006,PT04416,9I-8063,17,19,25,0.95,2026-01-01,M. Patel
B006,PT00269,9R-9887,2,3,4,0.94,2026-01-01,K. Nguyen
B006,PT02591,9S-8950,2,3,4,0.97,2026-01-01,S. Brooks
B007,PT01719,100-4165,4,5,7,0.9,2026-01-01,S. Brooks
B007,PT00736,112-8995,1,2,3,0.97,2026-01-01,K. Nguyen
B007,PT02434,148-1228,3,4,5,0.95,2026-01-01,J. Thompson
B007,PT02273,1C-3020,7,10,12,0.95,2026-01-01,D. Carter-Lee
B007,PT00349,1E-7009,3,4,6,0.94,2026-01-01,S. Brooks
B007,PT00536,1G-1984,7,9,11,0.95,2026-01-01,D. Carter-Lee
B007,PT00863,1P-1870,1,2,3,0.97,2026-01-01,J. Thompson
B007,PT01082,204-6004,2,3,4,0.97,2026-01-01,K. Nguyen
B007,PT01040,229-0450,2,3,4,0.97,2026-01-01,D. Carter-Lee
B007,PT02529,235-0052,1,2,3,0.97,2026-01-01,S. Brooks
B007,PT02460,239-8129,5,6,9,0.95,2026-01-01,M. Patel
B007,PT01783,258-3573,3,4,5,0.95,2026-01-01,D. Carter-Lee
B007,PT00520,273-5166,7,8,12,0.95,2026-01-01,J. Thompson
B007,PT02086,2N-8831,3,4,7,0.94,2026-01-01,D. Carter-Lee
B007,PT02391,2R-8384,7,9,15,0.9,2026-01-01,R. Alvarez
B007,PT00444,2V-3491,4,5,6,0.95,2026-01-01,K. Nguyen
B007,PT00457,349-1065,4,5,7,0.95,2026-01-01,S. Brooks
B007,PT00459,369-5880,5,6,8,0.95,2026-01-01,J. Thompson
B007,PT00485,3A-7154,6,7,9,0.95,2026-01-01,D. Carter-Lee
B007,PT02301,3B-7031,5,6,8,0.95,2026-01-01,S. Brooks
B007,PT03610,3D-3295,1,2,3,0.88,2026-01-01,K. Nguyen
B007,PT00893,3E-9729,1,2,3,0.97,2026-01-01,K. Nguyen
B007,PT02254,3I-3642,10,15,19,0.95,2026-01-01,D. Carter-Lee
B007,PT01791,400-9896,2,3,4,0.95,2026-01-01,J. Thompson
B007,PT02429,404-1195,4,5,6,0.95,2026-01-01,J. Thompson
B007,PT00152,404-7957,2,3,4,0.94,2026-01-01,S. Brooks
B007,PT02207,404-8352,8,11,13,0.95,2026-01-01,M. Patel
B007,PT01727,412-6683,7,8,13,0.95,2026-01-01,K. Nguyen
B007,PT01657,422-3659,3,4,5,0.9,2026-01-01,R. Alvarez
B007,PT00395,427-3872,5,6,7,0.95,2026-01-01,D. Carter-Lee
B007,PT00973,446-0266,1,2,3,0.97,2026-01-01,J. Thompson
B007,PT02235,493-9136,5,6,7,0.95,2026-01-01,D. Carter-Lee
B007,PT02186,4D-0579,5,6,8,0.95,2026-01-01,R. Alvarez
B007,PT02286,4G-2301,4,5,6,0.95,2026-01-01,M. Patel
B007,PT00540,4G-6122,5,7,8,0.95,2026-01-01,J. Thompson
B007,PT02185,4R-2895,3,4,5,0.95,2026-01-01,M. Patel
B007,PT00181,550-2305,2,3,5,0.94,2026-01-01,J. Thompson
B007,PT04128,553-6981,6,8,14,0.9,2026-01-01,R. Alvarez
B007,PT02047,554-4079,2,3,5,0.94,2026-01-01,S. Brooks
B007,PT00375,563-3973,6,8,10,0.95,2026-01-01,J. Thompson
B007,PT01610,572-1520,2,3,5,0.93,2026-01-01,M. Patel
B007,PT02237,5C-7935,3,4,5,0.95,2026-01-01,J. Thompson
B007,PT00568,5G-0353,6,7,9,0.95,2026-01-01,K. Nguyen
B007,PT02463,5K-8490,3,4,5,0.95,2026-01-01,S. Brooks
B007,PT02241,5N-7132,4,5,6,0.95,2026-01-01,S. Brooks
B007,PT00406,5P-6502,6,8,10,0.95,2026-01-01,J. Thompson
B007,PT02324,5R-2277,7,8,12,0.9,2026-01-01,K. Nguyen
B007,PT01351,5X-0405,1,2,3,0.93,2026-01-01,D. Carter-Lee
B007,PT02008,6E-1010,3,4,7,0.9,2026-01-01,D. Carter-Lee
B007,PT01685,6L-1105,3,4,5,0.9,2026-01-01,D. Carter-Lee
B007,PT00486,6R-9118,7,9,11,0.95,2026-01-01,R. Alvarez
B007,PT01728,7D-3197,2,3,4,0.95,2026-01-01,S. Brooks
B007,PT02056,7G-0990,4,5,8,0.94,2026-01-01,K. Nguyen
B007,PT01918,8R-5417,2,3,6,0.9,2026-01-01,D. Carter-Lee
B007,PT00537,9B-4949,5,6,8,0.95,2026-01-01,S. Brooks
B007,PT01738,9F-6584,3,4,5,0.95,2026-01-01,J. Thompson
B007,PT04416,9I-8063,27,31,47,0.95,2026-01-01,J. Thompson
B007,PT00396,9X-1264,4,5,6,0.95,2026-01-01,M. Patel
B007,PT00411,9X-1309,4,5,7,0.95,2026-01-01,S. Brooks
B008,PT01373,1B-6267,1,2,3,0.93,2026-01-01,M. Patel
B008,PT02538,1U-3891,1,2,3,0.97,2026-01-01,R. Alvarez
B008,PT04413,1X-9099,15,16,19,0.95,2026-01-01,K. Nguyen
B008,PT00554,2C-7395,8,10,12,0.95,2026-01-01,D. Carter-Lee
B008,PT00006,326-1644,2,3,4,0.97,2026-01-01,R. Alvarez
B008,PT00240,443-9047,3,4,8,0.94,2026-01-01,K. Nguyen
B008,PT01754,487-1786,2,3,4,0.95,2026-01-01,S. Brooks
B008,PT01797,4E-2096,4,5,6,0.95,2026-01-01,D. Carter-Lee
B008,PT02234,7J-4984,5,6,8,0.95,2026-01-01,R. Alvarez
B008,PT00171,8B-5403,2,3,4,0.94,2026-01-01,K. Nguyen
B008,PT04416,9I-8063,6,7,9,0.95,2026-01-01,D. Carter-Lee
B009,PT03562,102-1209,1,2,3,0.88,2026-01-01,M. Patel
B009,PT00094,106-3845,3,4,6,0.94,2026-01-01,J. Thompson
B009,PT00565,170-6202,4,5,6,0.95,2026-01-01,K. Nguyen
B009,PT00488,1C-0388,4,5,6,0.95,2026-01-01,K. Nguyen
B009,PT01799,1U-3981,3,4,6,0.95,2026-01-01,R. Alvarez
B009,PT04413,1X-9099,16,17,22,0.95,2026-01-01,S. Brooks
B009,PT02201,205-2383,8,10,12,0.95,2026-01-01,S. Brooks
B009,PT00405,246-6524,4,5,7,0.95,2026-01-01,J. Thompson
B009,PT02409,253-5900,6,8,10,0.95,2026-01-01,D. Carter-Lee
B009,PT00353,271-5490,5,6,8,0.95,2026-01-01,J. Thompson
B009,PT02292,304-1740,5,6,8,0.95,2026-01-01,J. Thompson
B009,PT02462,317-5745,5,6,8,0.95,2026-01-01,K. Nguyen
B009,PT01676,346-8694,3,4,6,0.9,2026-01-01,M. Patel
B009,PT00458,377-9784,5,6,7,0.95,2026-01-01,S. Brooks
B009,PT02118,396-4662,3,4,7,0.94,2026-01-01,K. Nguyen
B009,PT02417,3D-0476,7,9,10,0.95,2026-01-01,J. Thompson
B009,PT01694,3W-4140,2,3,4,0.9,2026-01-01,M. Patel
B009,PT00395,427-3872,5,7,9,0.95,2026-01-01,K. Nguyen
B009,PT00493,428-8354,4,5,6,0.95,2026-01-01,K. Nguyen
B009,PT01748,448-3086,3,4,5,0.95,2026-01-01,K. Nguyen
B009,PT02451,4F-8010,5,6,9,0.95,2026-01-01,D. Carter-Lee
B009,PT01669,4W-7032,2,3,4,0.9,2026-01-01,R. Alvarez
B009,PT02533,6G-1530,1,2,3,0.97,2026-01-01,K. Nguyen
B009,PT00408,6M-3360,5,6,7,0.95,2026-01-01,S. Brooks
B009,PT00463,7G-5990,3,4,5,0.95,2026-01-01,J. Thompson
B009,PT02250,7S-5225,4,5,6,0.95,2026-01-01,J. Thompson
B009,PT01688,8A-3578,2,3,4,0.9,2026-01-01,M. Patel
B009,PT04102,8S-5339,7,9,15,0.9,2026-01-01,M. Patel
B009,PT02309,9A-4147,4,5,6,0.95,2026-01-01,M. Patel
B009,PT00537,9B-4949,3,4,5,0.95,2026-01-01,M. Patel
B009,PT00269,9R-9887,3,4,6,0.94,2026-01-01,R. Alvarez
B009,PT02044,9U-1511,2,3,4,0.94,2026-01-01,J. Thompson
B009,PT01767,9W-1718,3,4,5,0.95,2026-01-01,M. Patel
B010,PT01672,112-9912,2,3,5,0.9,2026-01-01,J. Thompson
B010,PT00454,134-6660,4,5,7,0.95,2026-01-01,R. Alvarez
B010,PT02572,186-7379,1,2,3,0.97,2026-01-01,R. Alvarez
B010,PT00214,1H-1474,3,4,6,0.94,2026-01-01,M. Patel
B010,PT03699,1H-1556,1,2,3,0.93,2026-01-01,M. Patel
B010,PT02240,1J-5735,5,7,8,0.95,2026-01-01,K. Nguyen
B010,PT00505,1M-1092,7,8,11,0.95,2026-01-01,D. Carter-Lee
B010,PT02294,1M-9697,5,6,8,0.95,2026-01-01,K. Nguyen
B010,PT01675,1W-6367,2,3,4,0.9,2026-01-01,S. Brooks
B010,PT00369,210-4985,3,4,5,0.95,2026-01-01,K. Nguyen
B010,PT00519,226-6526,4,5,7,0.95,2026-01-01,R. Alvarez
B010,PT00426,244-9475,6,7,9,0.95,2026-01-01,S. Brooks
B010,PT00354,267-2262,8,11,13,0.95,2026-01-01,K. Nguyen
B010,PT02177,275-2402,5,6,8,0.95,2026-01-01,M. Patel
B010,PT01766,287-9188,4,5,7,0.95,2026-01-01,K. Nguyen
B010,PT00527,298-3708,12,17,21,0.95,2026-01-01,J. Thompson
B010,PT00526,2K-8811,4,5,7,0.95,2026-01-01,K. Nguyen
B010,PT01557,320-0711,1,2,3,0.93,2026-01-01,D. Carter-Lee
B010,PT00420,343-6869,3,4,5,0.95,2026-01-01,D. Carter-Lee
B010,PT01676,346-8694,2,3,5,0.9,2026-01-01,M. Patel
B010,PT02252,361-9349,6,8,10,0.95,2026-01-01,K. Nguyen
B010,PT00249,362-7262,3,4,6,0.94,2026-01-01,S. Brooks
B010,PT00485,3A-7154,4,5,7,0.95,2026-01-01,J. Thompson
B010,PT02301,3B-7031,4,5,6,0.95,2026-01-01,D. Carter-Lee
B010,PT01789,3G-3233,4,5,7,0.95,2026-01-01,S. Brooks
B010,PT01686,3I-7396,3,4,6,0.9,2026-01-01,R. Alvarez
B010,PT01747,406-9949,4,5,7,0.95,2026-01-01,K. Nguyen
B010,PT02437,416-2560,8,10,12,0.95,2026-01-01,R. Alvarez
B010,PT02200,442-2577,3,4,5,0.95,2026-01-01,M. Patel
B010,PT00439,449-5069,4,5,7,0.95,2026-01-01,R. Alvarez
B010,PT01723,473-1556,2,3,4,0.9,2026-01-01,J. Thompson
B010,PT01787,4K-0418,2,3,4,0.95,2026-01-01,R. Alvarez
B010,PT02408,4V-3374,5,6,8,0.95,2026-01-01,J. Thompson
B010,PT01979,502-5624,3,4,6,0.9,2026-01-01,S. Brooks
B010,PT02619,513-8509,1,2,3,0.97,2026-01-01,M. Patel
B010,PT02300,547-8322,7,9,11,0.95,2026-01-01,S. Brooks
B010,PT01146,551-1304,2,3,4,0.93,2026-01-01,D. Carter-Lee
B010,PT01660,567-9985,3,4,6,0.9,2026-01-01,M. Patel
B010,PT03196,574-6415,1,2,3,0.97,2026-01-01,D. Carter-Lee
B010,PT02521,5B-9024,1,2,3,0.97,2026-01-01,J. Thompson
B010,PT01743,5E-2917,4,5,7,0.95,2026-01-01,R. Alvarez
B010,PT02095,5W-5157,2,3,4,0.94,2026-01-01,J. Thompson
B010,PT02435,6J-8612,6,7,10,0.95,2026-01-01,D. Carter-Lee
B010,PT02425,6U-8135,5,6,8,0.95,2026-01-01,S. Brooks
B010,PT02195,6X-1862,14,25,33,0.95,2026-01-01,K. Nguyen
B010,PT02257,7B-3852,5,6,9,0.95,2026-01-01,K. Nguyen
B010,PT01728,7D-3197,3,4,6,0.95,2026-01-01,R. Alvarez
B010,PT02251,7F-5298,3,4,5,0.95,2026-01-01,S. Brooks
B010,PT01680,7M-0368,4,5,8,0.9,2026-01-01,J. Thompson
B010,PT04061,8H-4723,14,18,35,0.9,2026-01-01,R. Alvarez
B010,PT02309,9A-4147,6,7,8,0.95,2026-01-01,S. Brooks
B010,PT01738,9F-6584,3,4,5,0.95,2026-01-01,R. Alvarez
B010,PT04416,9I-8063,7,8,11,0.95,2026-01-01,R. Alvarez
B010,PT01697,9S-3321,2,3,5,0.9,2026-01-01,J. Thompson
B010,PT02069,9Y-2316,2,3,5,0.94,2026-01-01,M. Patel
B011,PT00433,130-3432,4,5,7,0.95,2026-01-01,R. Alvarez
B011,PT01687,132-7855,2,3,4,0.9,2026-01-01,J. Thompson
B011,PT02231,163-0546,5,6,7,0.95,2026-01-01,J. Thompson
B011,PT01183,164-8590,2,3,4,0.93,2026-01-01,J. Thompson
B011,PT01710,166-3942,3,4,6,0.9,2026-01-01,D. Carter-Lee
B011,PT02209,1E-5433,4,5,6,0.95,2026-01-01,R. Alvarez
B011,PT00535,1M-3625,6,8,10,0.95,2026-01-01,R. Alvarez
B011,PT04116,202-9021,7,8,12,0.9,2026-01-01,K. Nguyen
B011,PT00682,278-9183,2,3,4,0.97,2026-01-01,M. Patel
B011,PT01766,287-9188,4,5,7,0.95,2026-01-01,D. Carter-Lee
B011,PT02592,2B-6038,2,3,4,0.97,2026-01-01,K. Nguyen
B011,PT00526,2K-8811,6,7,9,0.95,2026-01-01,K. Nguyen
B011,PT01161,2S-3577,2,3,4,0.93,2026-01-01,M. Patel
B011,PT00474,308-2760,6,8,10,0.95,2026-01-01,S. Brooks
B011,PT01652,311-5944,4,5,9,0.9,2026-01-01,M. Patel
B011,PT01739,327-4527,3,4,5,0.95,2026-01-01,D. Carter-Lee
B011,PT01796,330-2553,3,4,5,0.95,2026-01-01,J. Thompson
B011,PT02187,341-0871,5,7,8,0.95,2026-01-01,M. Patel
B011,PT00445,361-6037,6,8,9,0.95,2026-01-01,K. Nguyen
B011,PT00458,377-9784,6,8,9,0.95,2026-01-01,R. Alvarez
B011,PT01193,399-2527,1,2,3,0.93,2026-01-01,J. Thompson
B011,PT02228,3F-3350,5,6,8,0.95,2026-01-01,J. Thompson
B011,PT00132,3M-0943,4,5,7,0.94,2026-01-01,S. Brooks
B011,PT03679,3S-2468,1,2,3,0.93,2026-01-01,R. Alvarez
B011,PT01785,443-1603,6,8,10,0.95,2026-01-01,J. Thompson
B011,PT00164,458-1199,2,3,5,0.94,2026-01-01,K. Nguyen
B011,PT02299,4G-0971,5,6,8,0.95,2026-01-01,K. Nguyen
B011,PT01222,4J-1844,2,3,4,0.93,2026-01-01,R. Alvarez
B011,PT02189,4P-0182,9,11,17,0.95,2026-01-01,J. Thompson
B011,PT04414,4S-5275,15,16,20,0.95,2026-01-01,K. Nguyen
B011,PT01698,4Y-6992,3,4,5,0.9,2026-01-01,D. Carter-Lee
B011,PT00377,527-1509,5,6,8,0.95,2026-01-01,K. Nguyen
B011,PT04124,542-8531,11,15,22,0.9,2026-01-01,J. Thompson
B011,PT00502,558-0010,8,10,12,0.95,2026-01-01,J. Thompson
B011,PT02350,562-8818,6,7,11,0.9,2026-01-01,D. Carter-Lee
B011,PT00375,563-3973,6,8,9,0.95,2026-01-01,M. Patel
B011,PT01660,567-9985,4,6,9,0.9,2026-01-01,R. Alvarez
B011,PT04415,576-2232,22,24,32,0.95,2026-01-01,R. Alvarez
B011,PT01777,579-4245,4,5,6,0.95,2026-01-01,M. Patel
B011,PT01734,580-5568,2,3,4,0.95,2026-01-01,D. Carter-Lee
B011,PT01771,5I-5122,5,6,10,0.95,2026-01-01,M. Patel
B011,PT03325,5T-5761,1,2,3,0.97,2026-01-01,R. Alvarez
B011,PT04092,6H-3312,10,15,24,0.9,2026-01-01,M. Patel
B011,PT01176,6K-1178,2,3,4,0.93,2026-01-01,M. Patel
B011,PT01729,6L-2618,3,4,5,0.95,2026-01-01,S. Brooks
B011,PT00706,6Y-4565,1,2,3,0.97,2026-01-01,J. Thompson
B011,PT01674,6Y-5697,4,5,9,0.9,2026-01-01,D. Carter-Lee
B011,PT01690,7D-1694,2,3,4,0.9,2026-01-01,M. Patel
B011,PT01656,7J-1991,2,3,4,0.9,2026-01-01,S. Brooks
B011,PT01332,7P-7615,1,2,3,0.93,2026-01-01,J. Thompson
B011,PT00388,7R-9705,6,7,11,0.95,2026-01-01,K. Nguyen
B011,PT00414,7X-9022,8,9,13,0.95,2026-01-01,J. Thompson
B011,PT01679,8F-1904,2,3,5,0.9,2026-01-01,K. Nguyen
B011,PT00666,8R-1539,2,3,4,0.97,2026-01-01,D. Carter-Lee
B011,PT00460,9U-9795,7,9,11,0.95,2026-01-01,J. Thompson
B012,PT02282,105-5098,6,7,10,0.95,2026-01-01,R. Alvarez
B012,PT02062,113-9502,5,7,11,0.94,2026-01-01,R. Alvarez
B012,PT03986,124-3388,10,12,22,0.9,2026-01-01,R. Alvarez
B012,PT00523,131-3918,6,7,10,0.95,2026-01-01,J. Thompson
B012,PT00009,131-8822,3,4,5,0.95,2026-01-01,R. Alvarez
B012,PT01687,132-7855,3,4,6,0.9,2026-01-01,J. Thompson
B012,PT02114,143-7798,2,3,4,0.94,2026-01-01,K. Nguyen
B012,PT01183,164-8590,1,2,3,0.93,2026-01-01,R. Alvarez
B012,PT01801,176-0602,3,4,6,0.95,2026-01-01,R. Alvarez
B012,PT00213,186-4111,3,4,7,0.94,2026-01-01,J. Thompson
B012,PT02122,1B-1482,2,3,4,0.94,2026-01-01,K. Nguyen
B012,PT02204,1H-9883,7,10,12,0.95,2026-01-01,R. Alvarez
B012,PT00521,1M-2852,6,7,9,0.95,2026-01-01,S. Brooks
B012,PT01779,1P-9928,3,4,5,0.95,2026-01-01,S. Brooks
B012,PT01515,214-0471,1,2,3,0.93,2026-01-01,D. Carter-Lee
B012,PT00397,214-8193,7,9,10,0.95,2026-01-01,R. Alvarez
B012,PT01555,234-1675,2,3,5,0.93,2026-01-01,D. Carter-Lee
B012,PT00205,239-5515,3,4,6,0.94,2026-01-01,M. Patel
B012,PT00572,276-9821,4,5,7,0.95,2026-01-01,R. Alvarez
B012,PT00562,297-7828,4,5,7,0.95,2026-01-01,K. Nguyen
B012,PT02413,2F-3315,5,6,7,0.95,2026-01-01,S. Brooks
B012,PT00006,326-1644,4,5,7,0.97,2026-01-01,K. Nguyen
B012,PT00389,343-1340,8,11,14,0.95,2026-01-01,J. Thompson
B012,PT02455,360-9041,8,9,13,0.95,2026-01-01,M. Patel
B012,PT00249,362-7262,2,3,4,0.94,2026-01-01,M. Patel
B012,PT02326,365-5245,14,22,28,0.9,2026-01-01,S. Brooks
B012,PT00459,369-5880,7,9,14,0.95,2026-01-01,R. Alvarez
B012,PT01673,387-8186,4,5,9,0.9,2026-01-01,J. Thompson
B012,PT00383,397-6076,6,7,10,0.95,2026-01-01,R. Alvarez
B012,PT03358,3C-6134,2,3,4,0.97,2026-01-01,D. Carter-Lee
B012,PT01755,3F-1905,4,5,8,0.95,2026-01-01,M. Patel
B012,PT01789,3G-3233,2,3,4,0.95,2026-01-01,S. Brooks
B012,PT02067,3H-7669,3,4,6,0.94,2026-01-01,D. Carter-Lee
B012,PT01708,3N-2833,6,11,17,0.9,2026-01-01,S. Brooks
B012,PT02167,3S-1686,4,5,10,0.94,2026-01-01,M. Patel
B012,PT00407,3U-2694,10,16,21,0.95,2026-01-01,D. Carter-Lee
B012,PT00415,407-1817,7,9,11,0.95,2026-01-01,R. Alvarez
B012,PT00712,425-7030,1,2,3,0.97,2026-01-01,R. Alvarez
B012,PT00542,430-0355,7,8,12,0.95,2026-01-01,R. Alvarez
B012,PT01711,434-8666,2,3,4,0.9,2026-01-01,D. Carter-Lee
B012,PT02281,438-8068,7,10,13,0.95,2026-01-01,S. Brooks
B012,PT02994,448-9576,1,2,3,0.97,2026-01-01,M. Patel
B012,PT01756,463-8547,3,4,6,0.95,2026-01-01,D. Carter-Lee
B012,PT04072,482-9758,10,13,24,0.9,2026-01-01,D. Carter-Lee
B012,PT01781,487-3653,5,7,9,0.95,2026-01-01,S. Brooks
B012,PT03360,4M-2807,2,3,4,0.97,2026-01-01,D. Carter-Lee
B012,PT04414,4S-5275,21,23,32,0.95,2026-01-01,K. Nguyen
B012,PT01663,4X-2943,4,5,8,0.9,2026-01-01,S. Brooks
B012,PT02518,4X-6389,1,2,3,0.97,2026-01-01,S. Brooks
B012,PT02221,503-4685,11,15,19,0.95,2026-01-01,M. Patel
B012,PT02446,510-2969,3,4,5,0.95,2026-01-01,J. Thompson
B012,PT02279,516-9717,6,7,10,0.95,2026-01-01,K. Nguyen
B012,PT00359,534-8508,4,5,6,0.95,2026-01-01,M. Patel
B012,PT00483,536-5151,6,7,10,0.95,2026-01-01,M. Patel
B012,PT03590,541-3175,2,3,4,0.88,2026-01-01,S. Brooks
B012,PT01717,560-6984,4,5,8,0.9,2026-01-01,J. Thompson
B012,PT02394,570-3597,7,8,12,0.9,2026-01-01,R. Alvarez
B012,PT04415,576-2232,33,38,58,0.95,2026-01-01,K. Nguyen
B012,PT00758,5A-5351,1,2,3,0.97,2026-01-01,S. Brooks
B012,PT01771,5I-5122,4,5,7,0.95,2026-01-01,S. Brooks
B012,PT01772,5J-4540,5,6,10,0.95,2026-01-01,K. Nguyen
B012,PT02463,5K-8490,4,5,6,0.95,2026-01-01,J. Thompson
B012,PT02419,5T-3694,4,5,7,0.95,2026-01-01,D. Carter-Lee
B012,PT01729,6L-2618,4,5,7,0.95,2026-01-01,S. Brooks
B012,PT01008,6N-6693,2,3,4,0.97,2026-01-01,S. Brooks
B012,PT01744,6Y-5381,4,5,7,0.95,2026-01-01,R. Alvarez
B012,PT01656,7J-1991,3,4,5,0.9,2026-01-01,J. Thompson
B012,PT01780,7L-8294,5,7,12,0.95,2026-01-01,R. Alvarez
B012,PT00146,7R-6010,3,4,7,0.94,2026-01-01,R. Alvarez
B012,PT01659,7V-3911,2,3,4,0.9,2026-01-01,S. Brooks
B012,PT02311,8D-4205,5,6,8,0.95,2026-01-01,R. Alvarez
B012,PT04080,8L-6283,10,13,19,0.9,2026-01-01,D. Carter-Lee
B012,PT01773,8M-9527,4,6,8,0.95,2026-01-01,D. Carter-Lee
B012,PT03337,8P-0657,2,3,4,0.97,2026-01-01,R. Alvarez
B012,PT00600,9E-1533,2,3,4,0.97,2026-01-01,D. Carter-Lee
B012,PT00221,9F-3300,2,3,5,0.94,2026-01-01,M. Patel
B012,PT04416,9I-8063,17,19,24,0.95,2026-01-01,S. Brooks
B012,PT01695,9P-3656,2,3,4,0.9,2026-01-01,J. Thompson
B012,PT00460,9U-9795,9,12,14,0.95,2026-01-01,M. Patel
B013,PT00024,113-7273,4,5,9,0.94,2026-01-01,S. Brooks
B013,PT00433,130-3432,3,4,5,0.95,2026-01-01,M. Patel
B013,PT02461,176-8028,4,5,6,0.95,2026-01-01,S. Brooks
B013,PT00504,178-8516,4,5,7,0.95,2026-01-01,K. Nguyen
B013,PT02038,196-1917,2,3,4,0.94,2026-01-01,J. Thompson
B013,PT00005,1R-0716,4,5,7,0.97,2026-01-01,D. Carter-Lee
B013,PT00750,1R-4509,1,2,3,0.97,2026-01-01,K. Nguyen
B013,PT02238,1V-3241,5,6,7,0.95,2026-01-01,R. Alvarez
B013,PT04413,1X-9099,6,7,9,0.95,2026-01-01,R. Alvarez
B013,PT00419,215-3794,7,9,11,0.95,2026-01-01,D. Carter-Lee
B013,PT01770,221-8133,6,8,11,0.95,2026-01-01,D. Carter-Lee
B013,PT00552,225-7273,4,5,7,0.95,2026-01-01,D. Carter-Lee
B013,PT04078,242-3883,8,9,16,0.9,2026-01-01,M. Patel
B013,PT02306,276-2675,5,6,9,0.95,2026-01-01,K. Nguyen
B013,PT02376,284-9898,10,14,32,0.9,2026-01-01,M. Patel
B013,PT00461,289-1736,5,6,8,0.95,2026-01-01,J. Thompson
B013,PT02176,295-3720,5,6,8,0.95,2026-01-01,K. Nguyen
B013,PT02215,2A-3786,7,9,11,0.95,2026-01-01,J. Thompson
B013,PT02413,2F-3315,7,10,12,0.95,2026-01-01,S. Brooks
B013,PT00962,2G-7658,2,3,4,0.97,2026-01-01,J. Thompson
B013,PT02285,2V-6923,5,6,9,0.95,2026-01-01,M. Patel
B013,PT02206,2Y-6099,4,5,7,0.95,2026-01-01,J. Thompson
B013,PT01655,310-3495,3,4,6,0.9,2026-01-01,R. Alvarez
B013,PT02447,321-5006,3,4,5,0.95,2026-01-01,S. Brooks
B013,PT01732,327-4983,3,4,5,0.95,2026-01-01,R. Alvarez
B013,PT02187,341-0871,6,8,10,0.95,2026-01-01,K. Nguyen
B013,PT02261,344-6592,4,5,6,0.95,2026-01-01,K. Nguyen
B013,PT01676,346-8694,3,4,7,0.9,2026-01-01,J. Thompson
B013,PT01696,3D-0644,2,3,4,0.9,2026-01-01,R. Alvarez
B013,PT01755,3F-1905,2,3,4,0.95,2026-01-01,K. Nguyen
B013,PT02564,3J-9614,2,3,4,0.97,2026-01-01,M. Patel
B013,PT01682,3V-5234,2,3,4,0.9,2026-01-01,M. Patel
B013,PT01747,406-9949,4,5,7,0.95,2026-01-01,D. Carter-Lee
B013,PT01727,412-6683,4,5,7,0.95,2026-01-01,K. Nguyen
B013,PT00513,413-6517,4,5,7,0.95,2026-01-01,K. Nguyen
B013,PT02297,429-1039,4,5,6,0.95,2026-01-01,J. Thompson
B013,PT00556,437-7715,7,9,11,0.95,2026-01-01,M. Patel
B013,PT01785,443-1603,2,3,4,0.95,2026-01-01,M. Patel
B013,PT02199,456-8837,4,5,7,0.95,2026-01-01,J. Thompson
B013,PT01751,492-1705,3,4,6,0.95,2026-01-01,K. Nguyen
B013,PT01454,493-2679,2,3,4,0.97,2026-01-01,K. Nguyen
B013,PT01764,4G-8533,3,4,5,0.95,2026-01-01,K. Nguyen
B013,PT00733,4K-9266,1,2,3,0.97,2026-01-01,M. Patel
B013,PT01014,4T-5303,1,2,3,0.97,2026-01-01,R. Alvarez
B013,PT02321,534-3121,10,16,22,0.9,2026-01-01,M. Patel
B013,PT02300,547-8322,7,9,11,0.95,2026-01-01,J. Thompson
B013,PT01724,584-6764,2,3,4,0.95,2026-01-01,S. Brooks
B013,PT02188,5E-3401,6,7,10,0.95,2026-01-01,J. Thompson
B013,PT00392,5N-8987,5,6,8,0.95,2026-01-01,K. Nguyen
B013,PT04119,6B-7429,11,16,25,0.9,2026-01-01,K. Nguyen
B013,PT02435,6J-8612,3,4,5,0.95,2026-01-01,S. Brooks
B013,PT01746,6U-6664,3,4,5,0.95,2026-01-01,R. Alvarez
B013,PT02251,7F-5298,5,6,8,0.95,2026-01-01,J. Thompson
B013,PT01794,7K-3204,2,3,4,0.95,2026-01-01,R. Alvarez
B013,PT01716,7Y-6494,3,4,6,0.9,2026-01-01,S. Brooks
B013,PT01786,8M-1538,3,4,6,0.95,2026-01-01,J. Thompson
B013,PT01750,8N-2339,4,5,7,0.95,2026-01-01,S. Brooks
B013,PT00828,8R-1944,2,3,4,0.93,2026-01-01,M. Patel
B013,PT00050,9B-7077,4,5,8,0.94,2026-01-01,K. Nguyen
B013,PT04416,9I-8063,7,8,11,0.95,2026-01-01,R. Alvarez
B013,PT01741,9S-0114,2,3,4,0.95,2026-01-01,D. Carter-Lee
B013,PT01753,9U-7614,3,4,6,0.95,2026-01-01,K. Nguyen
B014,PT01719,100-4165,4,6,9,0.9,2026-01-01,K. Nguyen
B014,PT01725,101-9606,3,4,6,0.95,2026-01-01,J. Thompson
B014,PT00467,104-7805,7,8,11,0.95,2026-01-01,M. Patel
B014,PT01701,111-9017,3,4,7,0.9,2026-01-01,J. Thompson
B014,PT02275,128-6304,4,5,6,0.95,2026-01-01,K. Nguyen
B014,PT00523,131-3918,4,5,6,0.95,2026-01-01,D. Carter-Lee
B014,PT01798,138-4784,2,3,4,0.95,2026-01-01,S. Brooks
B014,PT01045,145-1245,2,3,4,0.97,2026-01-01,S. Brooks
B014,PT00497,174-1594,9,12,15,0.95,2026-01-01,S. Brooks
B014,PT00465,179-6385,4,5,6,0.95,2026-01-01,R. Alvarez
B014,PT02443,1M-7441,6,7,10,0.95,2026-01-01,R. Alvarez
B014,PT00004,1R-1808,7,8,10,0.97,2026-01-01,K. Nguyen
B014,PT03035,1S-2447,1,2,3,0.97,2026-01-01,R. Alvarez
B014,PT04413,1X-9099,29,32,43,0.95,2026-01-01,K. Nguyen
B014,PT01770,221-8133,4,5,6,0.95,2026-01-01,K. Nguyen
B014,PT00903,245-9529,1,2,3,0.97,2026-01-01,D. Carter-Lee
B014,PT00500,265-5643,5,7,8,0.95,2026-01-01,M. Patel
B014,PT01766,287-9188,4,5,7,0.95,2026-01-01,M. Patel
B014,PT00481,2H-6111,6,7,9,0.95,2026-01-01,J. Thompson
B014,PT00475,2L-2643,8,9,14,0.95,2026-01-01,K. Nguyen
B014,PT02462,317-5745,5,6,8,0.95,2026-01-01,S. Brooks
B014,PT03045,322-0049,2,3,4,0.97,2026-01-01,D. Carter-Lee
B014,PT02609,326-9730,2,3,4,0.97,2026-01-01,R. Alvarez
B014,PT00227,346-4792,4,5,10,0.94,2026-01-01,K. Nguyen
B014,PT01676,346-8694,3,4,5,0.9,2026-01-01,J. Thompson
B014,PT02252,361-9349,6,8,10,0.95,2026-01-01,R. Alvarez
B014,PT01654,371-8961,3,4,5,0.9,2026-01-01,R. Alvarez
B014,PT00224,392-6885,2,3,5,0.94,2026-01-01,K. Nguyen
B014,PT01755,3F-1905,2,3,4,0.95,2026-01-01,M. Patel
B014,PT02528,3H-5869,2,3,4,0.97,2026-01-01,K. Nguyen
B014,PT03248,3R-4014,2,3,4,0.97,2026-01-01,D. Carter-Lee
B014,PT01730,3X-9055,3,4,5,0.95,2026-01-01,S. Brooks
B014,PT00152,404-7957,2,3,5,0.94,2026-01-01,R. Alvarez
B014,PT00559,439-1215,5,7,8,0.95,2026-01-01,J. Thompson
B014,PT02230,441-6413,5,6,8,0.95,2026-01-01,S. Brooks
B014,PT01795,455-5423,3,4,5,0.95,2026-01-01,D. Carter-Lee
B014,PT01929,461-2167,2,3,5,0.9,2026-01-01,D. Carter-Lee
B014,PT02179,462-9141,3,4,5,0.95,2026-01-01,D. Carter-Lee
B014,PT01971,463-2674,3,4,7,0.9,2026-01-01,D. Carter-Lee
B014,PT01769,464-9313,5,6,8,0.95,2026-01-01,K. Nguyen
B014,PT01793,491-2264,3,4,5,0.95,2026-01-01,J. Thompson
B014,PT00701,4A-1464,1,2,3,0.97,2026-01-01,S. Brooks
B014,PT02312,4I-6960,9,13,16,0.95,2026-01-01,R. Alvarez
B014,PT01669,4W-7032,3,4,5,0.9,2026-01-01,M. Patel
B014,PT00953,504-5079,2,3,4,0.97,2026-01-01,K. Nguyen
B014,PT01731,528-8982,4,5,6,0.95,2026-01-01,K. Nguyen
B014,PT03118,540-4123,1,2,3,0.97,2026-01-01,D. Carter-Lee
B014,PT00529,563-9831,4,5,6,0.95,2026-01-01,J. Thompson
B014,PT01970,573-7342,2,3,5,0.9,2026-01-01,M. Patel
B014,PT04134,578-5732,7,9,15,0.9,2026-01-01,D. Carter-Lee
B014,PT00443,5K-2239,3,4,5,0.95,2026-01-01,S. Brooks
B014,PT01699,5T-5716,3,4,5,0.9,2026-01-01,D. Carter-Lee
B014,PT01705,6L-5439,2,3,4,0.9,2026-01-01,J. Thompson
B014,PT01670,7S-1850,2,3,4,0.9,2026-01-01,J. Thompson
B014,PT02250,7S-5225,3,4,5,0.95,2026-01-01,D. Carter-Lee
B014,PT01659,7V-3911,4,5,8,0.9,2026-01-01,K. Nguyen
B014,PT00171,8B-5403,2,3,5,0.94,2026-01-01,S. Brooks
B014,PT02450,8D-5964,6,7,10,0.95,2026-01-01,M. Patel
B014,PT00400,8E-6218,9,12,15,0.95,2026-01-01,D. Carter-Lee
B014,PT01474,8F-0900,2,3,4,0.97,2026-01-01,K. Nguyen
B014,PT01651,8X-7638,2,3,4,0.9,2026-01-01,D. Carter-Lee
B014,PT02309,9A-4147,7,9,11,0.95,2026-01-01,K. Nguyen
B014,PT00381,9B-6824,7,9,11,0.95,2026-01-01,S. Brooks
B014,PT01778,9G-8449,5,7,10,0.95,2026-01-01,S. Brooks
B014,PT04416,9I-8063,6,7,9,0.95,2026-01-01,M. Patel
B014,PT02243,9P-8996,4,5,6,0.95,2026-01-01,K. Nguyen
B015,PT01333,131-0153,1,2,3,0.93,2026-01-01,S. Brooks
B015,PT03717,139-1108,1,2,3,0.93,2026-01-01,J. Thompson
B015,PT00871,140-3871,1,2,3,0.97,2026-01-01,K. Nguyen
B015,PT02434,148-1228,4,5,6,0.95,2026-01-01,J. Thompson
B015,PT02294,1M-9697,4,5,6,0.95,2026-01-01,M. Patel
B015,PT04413,1X-9099,29,32,43,0.95,2026-01-01,R. Alvarez
B015,PT00319,225-5741,2,3,5,0.94,2026-01-01,K. Nguyen
B015,PT00481,2H-6111,4,5,7,0.95,2026-01-01,J. Thompson
B015,PT01671,2J-3646,3,4,5,0.9,2026-01-01,R. Alvarez
B015,PT02442,2K-7884,3,4,5,0.95,2026-01-01,J. Thompson
B015,PT00382,342-6053,6,7,10,0.95,2026-01-01,R. Alvarez
B015,PT00420,343-6869,4,5,6,0.95,2026-01-01,S. Brooks
B015,PT00530,348-4841,4,5,7,0.95,2026-01-01,J. Thompson
B015,PT00418,399-0555,8,10,12,0.95,2026-01-01,J. Thompson
B015,PT02298,3X-3768,5,6,8,0.95,2026-01-01,J. Thompson
B015,PT00450,428-2486,7,8,12,0.95,2026-01-01,S. Brooks
B015,PT00480,484-9080,8,11,13,0.95,2026-01-01,D. Carter-Lee
B015,PT00548,499-5638,4,5,6,0.95,2026-01-01,K. Nguyen
B015,PT00571,4Y-1198,2,3,4,0.95,2026-01-01,J. Thompson
B015,PT01664,560-8743,5,7,9,0.9,2026-01-01,J. Thompson
B015,PT00328,574-8971,2,3,5,0.94,2026-01-01,S. Brooks
B015,PT02589,580-3974,2,3,4,0.97,2026-01-01,J. Thompson
B015,PT01150,5J-1202,1,2,3,0.93,2026-01-01,K. Nguyen
B015,PT00406,5P-6502,9,13,16,0.95,2026-01-01,J. Thompson
B015,PT01746,6U-6664,5,6,8,0.95,2026-01-01,J. Thompson
B015,PT01792,6X-0708,2,3,4,0.95,2026-01-01,J. Thompson
B015,PT00372,7G-4384,5,6,8,0.95,2026-01-01,J. Thompson
B015,PT04112,8F-4554,8,11,16,0.9,2026-01-01,K. Nguyen
B015,PT04416,9I-8063,16,17,21,0.95,2026-01-01,J. Thompson
B015,PT01086,9L-2749,1,2,3,0.97,2026-01-01,R. Alvarez
B015,PT01767,9W-1718,5,6,9,0.95,2026-01-01,S. Brooks
B016,PT01687,132-7855,3,4,6,0.9,2026-01-01,K. Nguyen
B016,PT00331,172-2958,3,4,6,0.94,2026-01-01,K. Nguyen
B016,PT00005,1R-0716,4,5,7,0.97,2026-01-01,M. Patel
B016,PT00551,292-4745,5,6,8,0.95,2026-01-01,K. Nguyen
B016,PT03274,381-9745,1,2,3,0.97,2026-01-01,D. Carter-Lee
B016,PT02979,390-8717,2,3,4,0.97,2026-01-01,K. Nguyen
B016,PT01721,397-7607,3,4,6,0.9,2026-01-01,J. Thompson
B016,PT00428,3B-2466,5,6,7,0.95,2026-01-01,J. Thompson
B016,PT00251,403-6539,2,3,4,0.94,2026-01-01,J. Thompson
B016,PT00395,427-3872,6,8,10,0.95,2026-01-01,M. Patel
B016,PT01542,443-0973,2,3,4,0.93,2026-01-01,K. Nguyen
B016,PT02558,457-3446,2,3,4,0.97,2026-01-01,J. Thompson
B016,PT00570,485-8812,7,9,11,0.95,2026-01-01,M. Patel
B016,PT04414,4S-5275,23,24,31,0.95,2026-01-01,M. Patel
B016,PT00658,4T-2734,2,3,4,0.97,2026-01-01,M. Patel
B016,PT01663,4X-2943,3,4,6,0.9,2026-01-01,R. Alvarez
B016,PT04415,576-2232,17,19,27,0.95,2026-01-01,J. Thompson
B016,PT01689,592-5818,3,4,6,0.9,2026-01-01,D. Carter-Lee
B016,PT00394,7T-2410,3,4,5,0.95,2026-01-01,M. Patel
B016,PT00498,8I-3924,6,7,8,0.95,2026-01-01,J. Thompson
B016,PT04416,9I-8063,16,17,21,0.95,2026-01-01,M. Patel
B017,PT02260,100-4909,4,5,7,0.95,2026-01-01,K. Nguyen
B017,PT00378,296-6623,4,5,7,0.95,2026-01-01,M. Patel
B017,PT01391,318-0136,2,3,4,0.93,2026-01-01,R. Alvarez
B017,PT00179,417-7287,4,5,7,0.94,2026-01-01,D. Carter-Lee
B017,PT01657,422-3659,2,3,4,0.9,2026-01-01,R. Alvarez
B017,PT02200,442-2577,3,4,5,0.95,2026-01-01,R. Alvarez
B017,PT02076,455-3856,2,3,4,0.94,2026-01-01,D. Carter-Lee
B017,PT02179,462-9141,4,5,6,0.95,2026-01-01,M. Patel
B017,PT02237,5C-7935,4,5,6,0.95,2026-01-01,R. Alvarez
B017,PT01691,5F-3363,3,4,6,0.9,2026-01-01,K. Nguyen
B017,PT02465,8C-5715,3,4,5,0.95,2026-01-01,K. Nguyen
B017,PT04416,9I-8063,16,17,21,0.95,2026-01-01,J. Thompson
B018,PT02595,124-0540,2,3,4,0.97,2026-01-01,D. Carter-Lee
B018,PT00454,134-6660,5,6,8,0.95,2026-01-01,K. Nguyen
B018,PT00482,159-4034,4,5,6,0.95,2026-01-01,J. Thompson
B018,PT02271,1F-9603,5,6,9,0.95,2026-01-01,K. Nguyen
B018,PT00010,1R-0777,4,5,6,0.97,2026-01-01,S. Brooks
B018,PT02238,1V-3241,7,9,10,0.95,2026-01-01,M. Patel
B018,PT04413,1X-9099,26,28,37,0.95,2026-01-01,S. Brooks
B018,PT03242,1X-9258,1,2,3,0.97,2026-01-01,K. Nguyen
B018,PT00387,227-2524,5,6,8,0.95,2026-01-01,M. Patel
B018,PT02344,239-6086,5,6,10,0.9,2026-01-01,D. Carter-Lee
B018,PT00500,265-5643,7,9,11,0.95,2026-01-01,M. Patel
B018,PT00544,274-6169,3,4,5,0.95,2026-01-01,K. Nguyen
B018,PT02226,292-3628,10,14,17,0.95,2026-01-01,M. Patel
B018,PT01855,298-6517,1,2,3,0.97,2026-01-01,D. Carter-Lee
B018,PT02215,2A-3786,7,10,13,0.95,2026-01-01,M. Patel
B018,PT00491,2W-4303,3,4,5,0.95,2026-01-01,R. Alvarez
B018,PT02447,321-5006,5,6,8,0.95,2026-01-01,J. Thompson
B018,PT00420,343-6869,4,5,6,0.95,2026-01-01,M. Patel
B018,PT02182,352-7118,8,11,13,0.95,2026-01-01,S. Brooks
B018,PT03607,393-0531,1,2,3,0.88,2026-01-01,D. Carter-Lee
B018,PT02298,3X-3768,4,5,6,0.95,2026-01-01,D. Carter-Lee
B018,PT00493,428-8354,3,4,5,0.95,2026-01-01,K. Nguyen
B018,PT03311,475-0113,1,2,3,0.97,2026-01-01,K. Nguyen
B018,PT00015,4R-5173,2,3,5,0.94,2026-01-01,K. Nguyen
B018,PT01669,4W-7032,2,3,4,0.9,2026-01-01,D. Carter-Lee
B018,PT01544,579-3703,1,2,3,0.93,2026-01-01,D. Carter-Lee
B018,PT04075,590-9845,9,10,15,0.9,2026-01-01,K. Nguyen
B018,PT00363,591-0759,6,8,10,0.95,2026-01-01,S. Brooks
B018,PT00443,5K-2239,5,6,9,0.95,2026-01-01,M. Patel
B018,PT01702,5X-1136,2,3,4,0.9,2026-01-01,J. Thompson
B018,PT01667,6F-3055,3,4,6,0.9,2026-01-01,S. Brooks
B018,PT01745,6V-2966,4,5,7,0.95,2026-01-01,S. Brooks
B018,PT01609,7B-0598,1,2,3,0.93,2026-01-01,K. Nguyen
B018,PT02253,7I-6443,5,6,8,0.95,2026-01-01,J. Thompson
B018,PT02382,7J-5775,5,6,10,0.9,2026-01-01,K. Nguyen
B018,PT01683,8P-3725,4,5,6,0.9,2026-01-01,M. Patel
B018,PT00537,9B-4949,5,6,8,0.95,2026-01-01,R. Alvarez
B018,PT02962,9I-5397,1,2,3,0.97,2026-01-01,S. Brooks
B018,PT04416,9I-8063,5,6,8,0.95,2026-01-01,R. Alvarez
B018,PT02243,9P-8996,3,4,5,0.95,2026-01-01,M. Patel
B018,PT01767,9W-1718,4,5,7,0.95,2026-01-01,M. Patel
B019,PT02307,125-3557,3,4,5,0.95,2026-01-01,R. Alvarez
B019,PT01845,1P-0059,1,2,3,0.97,2026-01-01,J. Thompson
B019,PT02238,1V-3241,8,11,13,0.95,2026-01-01,R. Alvarez
B019,PT01707,255-8810,2,3,5,0.9,2026-01-01,S. Brooks
B019,PT00481,2H-6111,5,6,8,0.95,2026-01-01,D. Carter-Lee
B019,PT01653,2V-2269,5,6,11,0.9,2026-01-01,J. Thompson
B019,PT01658,311-4289,2,3,4,0.9,2026-01-01,D. Carter-Lee
B019,PT00700,315-3556,2,3,4,0.97,2026-01-01,J. Thompson
B019,PT00127,316-3094,2,3,5,0.94,2026-01-01,M. Patel
B019,PT02426,318-8514,5,6,7,0.95,2026-01-01,M. Patel
B019,PT01739,327-4527,5,7,10,0.95,2026-01-01,S. Brooks
B019,PT01732,327-4983,3,4,6,0.95,2026-01-01,M. Patel
B019,PT02287,395-5783,18,31,43,0.95,2026-01-01,J. Thompson
B019,PT01789,3G-3233,5,6,8,0.95,2026-01-01,S. Brooks
B019,PT00305,3T-6636,2,3,4,0.94,2026-01-01,R. Alvarez
B019,PT01791,400-9896,2,3,4,0.95,2026-01-01,M. Patel
B019,PT00260,410-3784,2,3,4,0.94,2026-01-01,K. Nguyen
B019,PT02437,416-2560,7,9,11,0.95,2026-01-01,M. Patel
B019,PT01657,422-3659,2,3,4,0.9,2026-01-01,R. Alvarez
B019,PT02202,431-9871,7,8,11,0.95,2026-01-01,S. Brooks
B019,PT02222,439-6029,5,6,7,0.95,2026-01-01,M. Patel
B019,PT00209,453-8063,3,4,6,0.94,2026-01-01,R. Alvarez
B019,PT02186,4D-0579,3,4,5,0.95,2026-01-01,D. Carter-Lee
B019,PT01669,4W-7032,2,3,4,0.9,2026-01-01,R. Alvarez
B019,PT01731,528-8982,3,4,6,0.95,2026-01-01,M. Patel
B019,PT00574,593-8771,5,6,8,0.95,2026-01-01,D. Carter-Lee
B019,PT00441,596-8532,3,4,5,0.95,2026-01-01,M. Patel
B019,PT00880,5J-6405,1,2,3,0.97,2026-01-01,D. Carter-Lee
B019,PT00406,5P-6502,7,9,11,0.95,2026-01-01,J. Thompson
B019,PT02126,5T-4617,3,4,6,0.94,2026-01-01,M. Patel
B019,PT03339,6H-5002,1,2,3,0.97,2026-01-01,J. Thompson
B019,PT01744,6Y-5381,3,4,5,0.95,2026-01-01,S. Brooks
B019,PT01665,7P-1666,3,4,5,0.9,2026-01-01,K. Nguyen
B019,PT02410,7U-2721,9,12,14,0.95,2026-01-01,R. Alvarez
B019,PT01688,8A-3578,2,3,4,0.9,2026-01-01,J. Thompson
B019,PT00400,8E-6218,5,6,7,0.95,2026-01-01,M. Patel
B019,PT00537,9B-4949,3,4,5,0.95,2026-01-01,R. Alvarez
B019,PT01692,9B-5922,3,4,5,0.9,2026-01-01,S. Brooks
B019,PT00050,9B-7077,2,3,4,0.94,2026-01-01,K. Nguyen
B019,PT01695,9P-3656,2,3,4,0.9,2026-01-01,K. Nguyen
B019,PT02193,9W-0207,4,5,7,0.95,2026-01-01,S. Brooks
B019,PT02284,9Y-5990,7,9,11,0.95,2026-01-01,K. Nguyen
B020,PT01798,138-4784,2,3,4,0.95,2026-01-01,R. Alvarez
B020,PT03352,139-9061,3,4,6,0.97,2026-01-01,D. Carter-Lee
B020,PT00131,143-5378,3,4,6,0.94,2026-01-01,S. Brooks
B020,PT00565,170-6202,5,6,8,0.95,2026-01-01,J. Thompson
B020,PT00887,228-6361,1,2,3,0.97,2026-01-01,S. Brooks
B020,PT00087,246-5396,3,4,6,0.94,2026-01-01,D. Carter-Lee
B020,PT02259,258-6874,7,8,11,0.95,2026-01-01,D. Carter-Lee
B020,PT00490,270-2068,4,5,7,0.95,2026-01-01,J. Thompson
B020,PT00544,274-6169,4,5,6,0.95,2026-01-01,R. Alvarez
B020,PT01776,281-9306,10,16,26,0.95,2026-01-01,K. Nguyen
B020,PT02215,2A-3786,9,13,16,0.95,2026-01-01,R. Alvarez
B020,PT00561,344-8963,6,7,9,0.95,2026-01-01,M. Patel
B020,PT02223,362-8037,3,4,5,0.95,2026-01-01,K. Nguyen
B020,PT02213,390-9453,7,9,11,0.95,2026-01-01,S. Brooks
B020,PT00499,394-0225,4,5,6,0.95,2026-01-01,D. Carter-Lee
B020,PT01755,3F-1905,3,4,5,0.95,2026-01-01,M. Patel
B020,PT01694,3W-4140,3,4,5,0.9,2026-01-01,M. Patel
B020,PT00534,409-3439,5,7,8,0.95,2026-01-01,S. Brooks
B020,PT00512,470-6528,5,6,8,0.95,2026-01-01,R. Alvarez
B020,PT01684,4V-5881,2,3,4,0.9,2026-01-01,K. Nguyen
B020,PT03685,535-8845,1,2,3,0.93,2026-01-01,S. Brooks
B020,PT02218,564-7237,4,5,7,0.95,2026-01-01,S. Brooks
B020,PT02976,565-4480,2,3,4,0.97,2026-01-01,S. Brooks
B020,PT01743,5E-2917,5,6,10,0.95,2026-01-01,R. Alvarez
B020,PT00510,5U-9041,3,4,5,0.95,2026-01-01,M. Patel
B020,PT03641,6H-7415,1,2,3,0.93,2026-01-01,M. Patel
B020,PT02472,6I-9076,1,2,3,0.97,2026-01-01,K. Nguyen
B020,PT01775,6J-3805,3,4,5,0.95,2026-01-01,D. Carter-Lee
B020,PT01685,6L-1105,2,3,4,0.9,2026-01-01,M. Patel
B020,PT00462,6N-7396,5,6,8,0.95,2026-01-01,M. Patel
B020,PT02195,6X-1862,5,7,8,0.95,2026-01-01,D. Carter-Lee
B020,PT02457,6X-9911,9,12,15,0.95,2026-01-01,R. Alvarez
B020,PT02310,7B-8865,3,4,5,0.95,2026-01-01,R. Alvarez
B020,PT02234,7J-4984,2,3,4,0.95,2026-01-01,K. Nguyen
B020,PT01794,7K-3204,3,4,6,0.95,2026-01-01,R. Alvarez
B020,PT02208,7L-5944,2,3,4,0.95,2026-01-01,M. Patel
B020,PT01665,7P-1666,4,5,9,0.9,2026-01-01,D. Carter-Lee
B020,PT02464,7V-4248,4,5,6,0.95,2026-01-01,S. Brooks
B020,PT01688,8A-3578,3,4,5,0.9,2026-01-01,K. Nguyen
B020,PT01750,8N-2339,4,5,7,0.95,2026-01-01,M. Patel
B020,PT02290,8R-5950,5,6,8,0.95,2026-01-01,R. Alvarez
B020,PT01784,8Y-3449,4,5,7,0.95,2026-01-01,K. Nguyen
B020,PT01738,9F-6584,3,4,5,0.95,2026-01-01,D. Carter-Lee
B020,PT00391,9H-5308,4,5,6,0.95,2026-01-01,S. Brooks
B020,PT04416,9I-8063,5,6,7,0.95,2026-01-01,J. Thompson
B020,PT01613,9J-9251,1,2,3,0.93,2026-01-01,R. Alvarez
B020,PT00396,9X-1264,6,8,10,0.95,2026-01-01,D. Carter-Lee
B021,PT04011,174-1935,10,15,25,0.9,2026-01-01,K. Nguyen
B021,PT02291,179-7355,4,5,7,0.95,2026-01-01,K. Nguyen
B021,PT02180,1B-5868,6,7,8,0.95,2026-01-01,K. Nguyen
B021,PT02209,1E-5433,4,5,6,0.95,2026-01-01,M. Patel
B021,PT00624,1J-1006,1,2,3,0.97,2026-01-01,D. Carter-Lee
B021,PT00505,1M-1092,4,5,7,0.95,2026-01-01,K. Nguyen
B021,PT01779,1P-9928,7,10,14,0.95,2026-01-01,J. Thompson
B021,PT04021,1R-1460,16,22,34,0.9,2026-01-01,M. Patel
B021,PT04413,1X-9099,18,20,26,0.95,2026-01-01,J. Thompson
B021,PT00026,1Y-7707,3,4,6,0.94,2026-01-01,S. Brooks
B021,PT00243,203-9721,4,6,9,0.94,2026-01-01,S. Brooks
B021,PT02201,205-2383,9,12,14,0.95,2026-01-01,S. Brooks
B021,PT01740,221-0325,3,4,5,0.95,2026-01-01,D. Carter-Lee
B021,PT01770,221-8133,3,4,5,0.95,2026-01-01,D. Carter-Lee
B021,PT00354,267-2262,5,6,7,0.95,2026-01-01,M. Patel
B021,PT02245,269-6373,7,8,12,0.95,2026-01-01,R. Alvarez
B021,PT02264,273-0725,8,9,14,0.95,2026-01-01,R. Alvarez
B021,PT00572,276-9821,6,7,10,0.95,2026-01-01,S. Brooks
B021,PT01776,281-9306,3,4,5,0.95,2026-01-01,D. Carter-Lee
B021,PT02046,2H-3374,3,4,6,0.94,2026-01-01,M. Patel
B021,PT01742,2T-7074,5,6,8,0.95,2026-01-01,D. Carter-Lee
B021,PT01053,310-7042,2,3,4,0.97,2026-01-01,M. Patel
B021,PT00446,319-3072,6,8,9,0.95,2026-01-01,J. Thompson
B021,PT01739,327-4527,6,8,11,0.95,2026-01-01,S. Brooks
B021,PT01796,330-2553,5,6,10,0.95,2026-01-01,K. Nguyen
B021,PT02326,365-5245,17,30,40,0.9,2026-01-01,J. Thompson
B021,PT00383,397-6076,5,6,8,0.95,2026-01-01,K. Nguyen
B021,PT02183,3E-8729,5,6,7,0.95,2026-01-01,J. Thompson
B021,PT02228,3F-3350,10,12,19,0.95,2026-01-01,R. Alvarez
B021,PT00585,3F-4565,2,3,4,0.97,2026-01-01,R. Alvarez
B021,PT01736,3K-5232,6,8,11,0.95,2026-01-01,D. Carter-Lee
B021,PT01708,3N-2833,3,4,5,0.9,2026-01-01,D. Carter-Lee
B021,PT01586,3P-5375,2,3,4,0.93,2026-01-01,K. Nguyen
B021,PT03395,3R-2704,1,2,3,0.93,2026-01-01,J. Thompson
B021,PT01730,3X-9055,4,5,6,0.95,2026-01-01,M. Patel
B021,PT02565,405-7699,1,2,3,0.97,2026-01-01,M. Patel
B021,PT00415,407-1817,5,6,7,0.95,2026-01-01,M. Patel
B021,PT00534,409-3439,10,14,17,0.95,2026-01-01,J. Thompson
B021,PT04223,434-5224,11,16,37,0.9,2026-01-01,K. Nguyen
B021,PT01758,448-1152,6,8,14,0.95,2026-01-01,M. Patel
B021,PT01795,455-5423,4,5,6,0.95,2026-01-01,K. Nguyen
B021,PT01723,473-1556,3,4,7,0.9,2026-01-01,M. Patel
B021,PT02224,478-1491,4,5,6,0.95,2026-01-01,K. Nguyen
B021,PT01693,480-8325,3,4,5,0.9,2026-01-01,R. Alvarez
B021,PT02155,481-7739,3,4,6,0.94,2026-01-01,M. Patel
B021,PT02532,4F-0421,2,3,4,0.97,2026-01-01,J. Thompson
B021,PT01787,4K-0418,2,3,4,0.95,2026-01-01,K. Nguyen
B021,PT04414,4S-5275,16,17,21,0.95,2026-01-01,J. Thompson
B021,PT02430,516-9099,9,11,17,0.95,2026-01-01,S. Brooks
B021,PT00528,524-2290,11,16,21,0.95,2026-01-01,S. Brooks
B021,PT04333,532-8114,2,3,4,0.94,2026-01-01,S. Brooks
B021,PT01129,561-0732,2,3,4,0.97,2026-01-01,J. Thompson
B021,PT04415,576-2232,24,26,33,0.95,2026-01-01,S. Brooks
B021,PT01777,579-4245,3,4,5,0.95,2026-01-01,M. Patel
B021,PT04075,590-9845,7,9,15,0.9,2026-01-01,S. Brooks
B021,PT00304,5A-2104,5,7,10,0.94,2026-01-01,M. Patel
B021,PT01790,5A-3871,2,3,4,0.95,2026-01-01,R. Alvarez
B021,PT00568,5G-0353,4,5,6,0.95,2026-01-01,M. Patel
B021,PT01772,5J-4540,7,9,22,0.95,2026-01-01,J. Thompson
B021,PT00880,5J-6405,1,2,3,0.97,2026-01-01,S. Brooks
B021,PT00384,5M-7115,7,9,11,0.95,2026-01-01,R. Alvarez
B021,PT00510,5U-9041,4,5,7,0.95,2026-01-01,J. Thompson
B021,PT03412,5X-8773,1,2,3,0.93,2026-01-01,M. Patel
B021,PT00538,6A-3030,4,5,7,0.95,2026-01-01,R. Alvarez
B021,PT00007,6I-2501,3,4,5,0.95,2026-01-01,J. Thompson
B021,PT02579,6L-5508,2,3,4,0.97,2026-01-01,D. Carter-Lee
B021,PT01123,6R-2121,2,3,5,0.97,2026-01-01,R. Alvarez
B021,PT00061,6Y-4563,2,3,5,0.94,2026-01-01,R. Alvarez
B021,PT01674,6Y-5697,2,3,4,0.9,2026-01-01,K. Nguyen
B021,PT01690,7D-1694,2,3,4,0.9,2026-01-01,R. Alvarez
B021,PT01728,7D-3197,4,5,7,0.95,2026-01-01,D. Carter-Lee
B021,PT01656,7J-1991,4,6,8,0.9,2026-01-01,D. Carter-Lee
B021,PT00388,7R-9705,8,9,13,0.95,2026-01-01,R. Alvarez
B021,PT02250,7S-5225,4,5,7,0.95,2026-01-01,K. Nguyen
B021,PT00394,7T-2410,5,6,8,0.95,2026-01-01,M. Patel
B021,PT00545,8C-8423,3,4,5,0.95,2026-01-01,D. Carter-Lee
B021,PT01679,8F-1904,3,4,6,0.9,2026-01-01,R. Alvarez
B021,PT00498,8I-3924,11,15,19,0.95,2026-01-01,R. Alvarez
B021,PT00487,8S-3936,7,9,11,0.95,2026-01-01,D. Carter-Lee
B021,PT04102,8S-5339,14,18,34,0.9,2026-01-01,K. Nguyen
B021,PT00336,8S-8471,4,5,7,0.94,2026-01-01,S. Brooks
B021,PT03967,8U-1407,12,18,43,0.9,2026-01-01,K. Nguyen
B021,PT04416,9I-8063,7,8,10,0.95,2026-01-01,S. Brooks
B021,PT02243,9P-8996,5,6,8,0.95,2026-01-01,J. Thompson
B021,PT01741,9S-0114,5,6,9,0.95,2026-01-01,J. Thompson
B021,PT00460,9U-9795,7,9,11,0.95,2026-01-01,S. Brooks
B022,PT00371,102-2838,4,5,7,0.95,2026-01-01,S. Brooks
B022,PT00352,127-3031,3,4,5,0.95,2026-01-01,M. Patel
B022,PT02434,148-1228,6,7,9,0.95,2026-01-01,K. Nguyen
B022,PT00409,155-7536,8,10,12,0.95,2026-01-01,S. Brooks
B022,PT02180,1B-5868,9,13,16,0.95,2026-01-01,J. Thompson
B022,PT02209,1E-5433,4,5,6,0.95,2026-01-01,R. Alvarez
B022,PT02271,1F-9603,3,4,5,0.95,2026-01-01,J. Thompson
B022,PT02204,1H-9883,7,9,11,0.95,2026-01-01,S. Brooks
B022,PT00521,1M-2852,4,5,7,0.95,2026-01-01,K. Nguyen
B022,PT00003,1R-0739,5,6,9,0.97,2026-01-01,K. Nguyen
B022,PT01799,1U-3981,4,5,7,0.95,2026-01-01,R. Alvarez
B022,PT04413,1X-9099,23,25,33,0.95,2026-01-01,K. Nguyen
B022,PT00114,224-7835,4,5,8,0.94,2026-01-01,D. Carter-Lee
B022,PT00572,276-9821,12,15,26,0.95,2026-01-01,S. Brooks
B022,PT02428,2G-5056,9,11,16,0.95,2026-01-01,S. Brooks
B022,PT01652,311-5944,3,4,6,0.9,2026-01-01,S. Brooks
B022,PT01782,313-9046,3,4,6,0.95,2026-01-01,S. Brooks
B022,PT02540,329-3563,1,2,3,0.97,2026-01-01,R. Alvarez
B022,PT01833,332-0887,1,2,3,0.97,2026-01-01,M. Patel
B022,PT00561,344-8963,4,5,7,0.95,2026-01-01,S. Brooks
B022,PT00567,354-1372,5,6,8,0.95,2026-01-01,R. Alvarez
B022,PT01372,358-5630,2,3,4,0.93,2026-01-01,M. Patel
B022,PT02313,389-5773,11,15,18,0.95,2026-01-01,R. Alvarez
B022,PT00175,394-9821,2,3,5,0.94,2026-01-01,M. Patel
B022,PT02417,3D-0476,4,5,6,0.95,2026-01-01,J. Thompson
B022,PT02604,3J-3053,2,3,4,0.97,2026-01-01,D. Carter-Lee
B022,PT00609,3M-4147,1,2,3,0.97,2026-01-01,D. Carter-Lee
B022,PT02362,3N-3493,8,12,16,0.9,2026-01-01,K. Nguyen
B022,PT01444,3P-3960,1,2,3,0.97,2026-01-01,J. Thompson
B022,PT02608,3R-9818,2,3,4,0.97,2026-01-01,S. Brooks
B022,PT03171,3S-0886,1,2,3,0.93,2026-01-01,K. Nguyen
B022,PT00415,407-1817,10,15,20,0.95,2026-01-01,D. Carter-Lee
B022,PT01785,443-1603,4,5,7,0.95,2026-01-01,K. Nguyen
B022,PT02994,448-9576,2,3,4,0.97,2026-01-01,J. Thompson
B022,PT01756,463-8547,7,8,13,0.95,2026-01-01,S. Brooks
B022,PT01405,476-8894,1,2,3,0.93,2026-01-01,S. Brooks
B022,PT01693,480-8325,6,10,15,0.9,2026-01-01,M. Patel
B022,PT04072,482-9758,8,10,17,0.9,2026-01-01,R. Alvarez
B022,PT02186,4D-0579,7,8,13,0.95,2026-01-01,S. Brooks
B022,PT00516,4E-4104,6,7,9,0.95,2026-01-01,J. Thompson
B022,PT02203,4I-2175,4,5,7,0.95,2026-01-01,M. Patel
B022,PT02185,4R-2895,4,5,6,0.95,2026-01-01,S. Brooks
B022,PT04414,4S-5275,44,49,79,0.95,2026-01-01,R. Alvarez
B022,PT03221,4Y-3586,2,3,4,0.97,2026-01-01,D. Carter-Lee
B022,PT00528,524-2290,6,8,10,0.95,2026-01-01,J. Thompson
B022,PT02283,535-3342,3,4,5,0.95,2026-01-01,D. Carter-Lee
B022,PT01399,542-1116,1,2,3,0.93,2026-01-01,R. Alvarez
B022,PT01828,570-6191,1,2,3,0.97,2026-01-01,M. Patel
B022,PT00328,574-8971,1,2,3,0.94,2026-01-01,M. Patel
B022,PT04415,576-2232,6,7,9,0.95,2026-01-01,S. Brooks
B022,PT00762,581-6105,2,3,4,0.97,2026-01-01,R. Alvarez
B022,PT00363,591-0759,7,9,11,0.95,2026-01-01,R. Alvarez
B022,PT00758,5A-5351,1,2,3,0.97,2026-01-01,S. Brooks
B022,PT00442,5C-1953,7,8,13,0.95,2026-01-01,D. Carter-Lee
B022,PT01743,5E-2917,2,3,4,0.95,2026-01-01,D. Carter-Lee
B022,PT03039,5L-2948,1,2,3,0.97,2026-01-01,R. Alvarez
B022,PT00553,5L-3208,6,8,10,0.95,2026-01-01,J. Thompson
B022,PT02241,5N-7132,10,12,23,0.95,2026-01-01,J. Thompson
B022,PT02229,5U-3503,7,8,11,0.95,2026-01-01,S. Brooks
B022,PT00538,6A-3030,5,6,8,0.95,2026-01-01,D. Carter-Lee
B022,PT00008,6I-2502,3,4,5,0.95,2026-01-01,S. Brooks
B022,PT00697,6I-3415,2,3,4,0.97,2026-01-01,J. Thompson
B022,PT02255,6I-8657,6,7,10,0.95,2026-01-01,D. Carter-Lee
B022,PT01775,6J-3805,7,9,11,0.95,2026-01-01,J. Thompson
B022,PT01729,6L-2618,4,5,7,0.95,2026-01-01,J. Thompson
B022,PT00408,6M-3360,9,12,14,0.95,2026-01-01,K. Nguyen
B022,PT00466,6M-6012,7,8,12,0.95,2026-01-01,J. Thompson
B022,PT00462,6N-7396,7,8,12,0.95,2026-01-01,M. Patel
B022,PT02454,7A-9604,5,6,8,0.95,2026-01-01,D. Carter-Lee
B022,PT02328,7C-1981,7,11,14,0.9,2026-01-01,J. Thompson
B022,PT01668,7I-4229,2,3,4,0.9,2026-01-01,R. Alvarez
B022,PT02181,7N-9838,5,6,9,0.95,2026-01-01,S. Brooks
B022,PT00982,7V-2188,1,2,3,0.97,2026-01-01,J. Thompson
B022,PT00414,7X-9022,9,11,19,0.95,2026-01-01,K. Nguyen
B022,PT03416,7Y-0247,2,3,4,0.93,2026-01-01,S. Brooks
B022,PT02311,8D-4205,5,6,8,0.95,2026-01-01,K. Nguyen
B022,PT01679,8F-1904,4,5,9,0.9,2026-01-01,S. Brooks
B022,PT04114,8X-0561,8,10,16,0.9,2026-01-01,S. Brooks
B022,PT00315,9H-6897,2,3,4,0.94,2026-01-01,K. Nguyen
B022,PT04416,9I-8063,16,17,21,0.95,2026-01-01,M. Patel
B022,PT00460,9U-9795,10,14,17,0.95,2026-01-01,K. Nguyen
B023,PT01512,100-9076,1,2,3,0.93,2026-01-01,R. Alvarez
B023,PT00371,102-2838,3,4,5,0.95,2026-01-01,K. Nguyen
B023,PT00699,129-3246,2,3,4,0.97,2026-01-01,D. Carter-Lee
B023,PT00434,131-7832,6,7,9,0.95,2026-01-01,R. Alvarez
B023,PT00454,134-6660,3,4,5,0.95,2026-01-01,S. Brooks
B023,PT01619,157-7825,1,2,3,0.93,2026-01-01,K. Nguyen
B023,PT02432,166-3145,6,7,11,0.95,2026-01-01,K. Nguyen
B023,PT02214,172-9167,5,6,8,0.95,2026-01-01,D. Carter-Lee
B023,PT02170,176-0999,2,3,5,0.94,2026-01-01,J. Thompson
B023,PT02271,1F-9603,4,5,6,0.95,2026-01-01,M. Patel
B023,PT00535,1M-3625,11,16,20,0.95,2026-01-01,K. Nguyen
B023,PT00003,1R-0739,5,6,10,0.97,2026-01-01,K. Nguyen
B023,PT01404,1R-8758,2,3,4,0.93,2026-01-01,M. Patel
B023,PT04413,1X-9099,16,18,23,0.95,2026-01-01,M. Patel
B023,PT00424,210-0617,8,11,14,0.95,2026-01-01,S. Brooks
B023,PT01369,216-0037,2,3,4,0.93,2026-01-01,K. Nguyen
B023,PT00552,225-7273,4,5,6,0.95,2026-01-01,J. Thompson
B023,PT03362,245-4520,2,3,4,0.97,2026-01-01,S. Brooks
B023,PT01707,255-8810,2,3,4,0.9,2026-01-01,K. Nguyen
B023,PT00520,273-5166,5,6,9,0.95,2026-01-01,K. Nguyen
B023,PT00572,276-9821,3,4,5,0.95,2026-01-01,D. Carter-Lee
B023,PT03423,278-9937,1,2,3,0.93,2026-01-01,S. Brooks
B023,PT01726,283-0099,5,6,10,0.95,2026-01-01,J. Thompson
B023,PT01766,287-9188,3,4,5,0.95,2026-01-01,J. Thompson
B023,PT02277,2G-6572,3,4,5,0.95,2026-01-01,S. Brooks
B023,PT00417,2M-4045,3,4,5,0.95,2026-01-01,M. Patel
B023,PT00474,308-2760,5,7,9,0.95,2026-01-01,D. Carter-Lee
B023,PT01774,318-2219,8,10,19,0.95,2026-01-01,J. Thompson
B023,PT02510,318-4379,2,3,4,0.97,2026-01-01,S. Brooks
B023,PT00990,334-2041,2,3,4,0.97,2026-01-01,R. Alvarez
B023,PT02232,365-7058,10,13,16,0.95,2026-01-01,D. Carter-Lee
B023,PT01654,371-8961,4,6,8,0.9,2026-01-01,R. Alvarez
B023,PT02287,395-5783,8,11,14,0.95,2026-01-01,K. Nguyen
B023,PT00383,397-6076,6,7,10,0.95,2026-01-01,D. Carter-Lee
B023,PT02984,398-1649,1,2,3,0.97,2026-01-01,M. Patel
B023,PT00418,399-0555,5,6,7,0.95,2026-01-01,S. Brooks
B023,PT00428,3B-2466,12,17,21,0.95,2026-01-01,K. Nguyen
B023,PT02183,3E-8729,8,11,13,0.95,2026-01-01,R. Alvarez
B023,PT00542,430-0355,4,5,6,0.95,2026-01-01,S. Brooks
B023,PT02558,457-3446,1,2,3,0.97,2026-01-01,R. Alvarez
B023,PT00745,460-2964,2,3,4,0.97,2026-01-01,S. Brooks
B023,PT01693,480-8325,4,5,6,0.9,2026-01-01,K. Nguyen
B023,PT01781,487-3653,6,8,11,0.95,2026-01-01,R. Alvarez
B023,PT02235,493-9136,5,6,7,0.95,2026-01-01,D. Carter-Lee
B023,PT00494,4A-6316,6,7,10,0.95,2026-01-01,S. Brooks
B023,PT02272,4S-0189,6,7,10,0.95,2026-01-01,D. Carter-Lee
B023,PT04414,4S-5275,8,9,13,0.95,2026-01-01,K. Nguyen
B023,PT00856,4X-1258,2,3,4,0.93,2026-01-01,S. Brooks
B023,PT02621,4X-2234,2,3,4,0.97,2026-01-01,R. Alvarez
B023,PT02221,503-4685,9,12,15,0.95,2026-01-01,S. Brooks
B023,PT00359,534-8508,4,5,6,0.95,2026-01-01,K. Nguyen
B023,PT01380,540-6951,1,2,3,0.93,2026-01-01,M. Patel
B023,PT00502,558-0010,10,14,17,0.95,2026-01-01,D. Carter-Lee
B023,PT02350,562-8818,5,6,10,0.9,2026-01-01,K. Nguyen
B023,PT00230,594-1416,4,5,8,0.94,2026-01-01,K. Nguyen
B023,PT01713,5G-7485,4,5,9,0.9,2026-01-01,D. Carter-Lee
B023,PT02441,5P-9922,9,12,15,0.95,2026-01-01,J. Thompson
B023,PT02239,5Y-5992,3,4,5,0.95,2026-01-01,M. Patel
B023,PT04092,6H-3312,11,15,23,0.9,2026-01-01,D. Carter-Lee
B023,PT02579,6L-5508,2,3,4,0.97,2026-01-01,R. Alvarez
B023,PT01744,6Y-5381,2,3,4,0.95,2026-01-01,K. Nguyen
B023,PT01668,7I-4229,4,5,8,0.9,2026-01-01,D. Carter-Lee
B023,PT01656,7J-1991,7,10,15,0.9,2026-01-01,M. Patel
B023,PT01659,7V-3911,3,4,7,0.9,2026-01-01,D. Carter-Lee
B023,PT02450,8D-5964,4,5,7,0.95,2026-01-01,J. Thompson
B023,PT01786,8M-1538,3,4,6,0.95,2026-01-01,D. Carter-Lee
B023,PT00550,8P-8756,6,7,10,0.95,2026-01-01,D. Carter-Lee
B023,PT01899,9L-1160,5,6,17,0.9,2026-01-01,D. Carter-Lee
B023,PT02191,9S-3449,6,7,11,0.95,2026-01-01,D. Carter-Lee
B023,PT01917,9S-7454,3,4,7,0.9,2026-01-01,K. Nguyen
B023,PT01572,9U-2033,2,3,5,0.93,2026-01-01,K. Nguyen
B023,PT02193,9W-0207,7,8,12,0.95,2026-01-01,K. Nguyen
B023,PT01765,9X-5779,4,5,8,0.95,2026-01-01,D. Carter-Lee
B024,PT01802,137-3187,2,3,4,0.97,2026-01-01,J. Thompson
B024,PT01798,138-4784,3,4,5,0.95,2026-01-01,D. Carter-Lee
B024,PT02256,157-3058,5,6,8,0.95,2026-01-01,D. Carter-Lee
B024,PT02214,172-9167,11,13,25,0.95,2026-01-01,S. Brooks
B024,PT00536,1G-1984,6,7,8,0.95,2026-01-01,K. Nguyen
B024,PT04413,1X-9099,8,9,12,0.95,2026-01-01,J. Thompson
B024,PT00419,215-3794,8,10,12,0.95,2026-01-01,J. Thompson
B024,PT00519,226-6526,3,4,5,0.95,2026-01-01,D. Carter-Lee
B024,PT01658,311-4289,2,3,4,0.9,2026-01-01,S. Brooks
B024,PT00464,3F-7344,3,4,5,0.95,2026-01-01,S. Brooks
B024,PT01682,3V-5234,2,3,4,0.9,2026-01-01,D. Carter-Lee
B024,PT01748,448-3086,4,5,7,0.95,2026-01-01,D. Carter-Lee
B024,PT02338,480-6394,5,6,9,0.9,2026-01-01,M. Patel
B024,PT00374,484-7435,5,6,8,0.95,2026-01-01,J. Thompson
B024,PT04414,4S-5275,21,22,28,0.95,2026-01-01,D. Carter-Lee
B024,PT01669,4W-7032,3,4,6,0.9,2026-01-01,S. Brooks
B024,PT00483,536-5151,6,7,10,0.95,2026-01-01,J. Thompson
B024,PT00502,558-0010,5,6,7,0.95,2026-01-01,M. Patel
B024,PT04415,576-2232,5,6,8,0.95,2026-01-01,S. Brooks
B024,PT02419,5T-3694,4,5,7,0.95,2026-01-01,J. Thompson
B024,PT01760,8I-6396,3,4,5,0.95,2026-01-01,D. Carter-Lee
B024,PT01765,9X-5779,3,4,5,0.95,2026-01-01,S. Brooks
B025,PT02194,151-9706,4,5,6,0.95,2026-01-01,D. Carter-Lee
B025,PT01370,166-3124,1,2,3,0.93,2026-01-01,S. Brooks
B025,PT00536,1G-1984,12,18,24,0.95,2026-01-01,K. Nguyen
B025,PT00234,1N-2502,2,3,5,0.94,2026-01-01,S. Brooks
B025,PT04413,1X-9099,22,24,30,0.95,2026-01-01,R. Alvarez
B025,PT03087,1Y-3367,1,2,3,0.97,2026-01-01,R. Alvarez
B025,PT01594,214-2749,1,2,3,0.93,2026-01-01,R. Alvarez
B025,PT01770,221-8133,2,3,4,0.95,2026-01-01,M. Patel
B025,PT00552,225-7273,7,8,11,0.95,2026-01-01,D. Carter-Lee
B025,PT00087,246-5396,2,3,5,0.94,2026-01-01,J. Thompson
B025,PT02259,258-6874,6,7,10,0.95,2026-01-01,J. Thompson
B025,PT00354,267-2262,7,9,11,0.95,2026-01-01,D. Carter-Lee
B025,PT02306,276-2675,5,6,8,0.95,2026-01-01,K. Nguyen
B025,PT01800,276-7397,3,4,6,0.95,2026-01-01,R. Alvarez
B025,PT01776,281-9306,4,5,7,0.95,2026-01-01,D. Carter-Lee
B025,PT01766,287-9188,3,4,5,0.95,2026-01-01,J. Thompson
B025,PT01671,2J-3646,4,5,8,0.9,2026-01-01,R. Alvarez
B025,PT00526,2K-8811,3,4,5,0.95,2026-01-01,J. Thompson
B025,PT03378,2S-3608,2,3,4,0.97,2026-01-01,K. Nguyen
B025,PT02206,2Y-6099,3,4,5,0.95,2026-01-01,M. Patel
B025,PT00474,308-2760,5,6,7,0.95,2026-01-01,R. Alvarez
B025,PT00006,326-1644,5,6,9,0.97,2026-01-01,S. Brooks
B025,PT01739,327-4527,4,5,6,0.95,2026-01-01,R. Alvarez
B025,PT02187,341-0871,4,5,6,0.95,2026-01-01,R. Alvarez
B025,PT02232,365-7058,5,6,7,0.95,2026-01-01,M. Patel
B025,PT01654,371-8961,5,7,10,0.9,2026-01-01,R. Alvarez
B025,PT01696,3D-0644,2,3,4,0.9,2026-01-01,S. Brooks
B025,PT01791,400-9896,4,5,7,0.95,2026-01-01,D. Carter-Lee
B025,PT02207,404-8352,9,13,16,0.95,2026-01-01,R. Alvarez
B025,PT00047,407-3385,3,4,6,0.94,2026-01-01,K. Nguyen
B025,PT02192,424-1351,12,17,22,0.95,2026-01-01,K. Nguyen
B025,PT00453,439-7099,8,11,14,0.95,2026-01-01,M. Patel
B025,PT01900,446-6951,2,3,5,0.9,2026-01-01,S. Brooks
B025,PT01748,448-3086,3,4,6,0.95,2026-01-01,S. Brooks
B025,PT01795,455-5423,3,4,5,0.95,2026-01-01,D. Carter-Lee
B025,PT01486,480-3657,2,3,4,0.93,2026-01-01,M. Patel
B025,PT01751,492-1705,3,4,5,0.95,2026-01-01,J. Thompson
B025,PT02235,493-9136,7,9,11,0.95,2026-01-01,J. Thompson
B025,PT01797,4E-2096,3,4,5,0.95,2026-01-01,R. Alvarez
B025,PT00540,4G-6122,8,11,13,0.95,2026-01-01,M. Patel
B025,PT00971,4H-8802,1,2,3,0.97,2026-01-01,R. Alvarez
B025,PT02476,4N-9844,2,3,4,0.97,2026-01-01,J. Thompson
B025,PT00469,519-6194,4,5,6,0.95,2026-01-01,S. Brooks
B025,PT00377,527-1509,5,6,8,0.95,2026-01-01,D. Carter-Lee
B025,PT01743,5E-2917,3,4,5,0.95,2026-01-01,S. Brooks
B025,PT01846,5N-5211,2,3,4,0.97,2026-01-01,R. Alvarez
B025,PT02441,5P-9922,5,6,7,0.95,2026-01-01,D. Carter-Lee
B025,PT01775,6J-3805,2,3,4,0.95,2026-01-01,J. Thompson
B025,PT00486,6R-9118,8,11,14,0.95,2026-01-01,K. Nguyen
B025,PT01794,7K-3204,3,4,5,0.95,2026-01-01,J. Thompson
B025,PT02410,7U-2721,5,7,8,0.95,2026-01-01,S. Brooks
B025,PT02290,8R-5950,5,6,8,0.95,2026-01-01,D. Carter-Lee
B025,PT04416,9I-8063,16,17,21,0.95,2026-01-01,R. Alvarez
B026,PT01672,112-9912,2,3,4,0.9,2026-01-01,R. Alvarez
B026,PT02307,125-3557,4,5,6,0.95,2026-01-01,M. Patel
B026,PT01798,138-4784,5,6,9,0.95,2026-01-01,M. Patel
B026,PT02194,151-9706,5,6,7,0.95,2026-01-01,M. Patel
B026,PT00285,160-5817,2,3,5,0.94,2026-01-01,R. Alvarez
B026,PT00476,175-2965,6,7,10,0.95,2026-01-01,D. Carter-Lee
B026,PT02216,175-7695,3,4,5,0.95,2026-01-01,D. Carter-Lee
B026,PT01801,176-0602,3,4,6,0.95,2026-01-01,J. Thompson
B026,PT02461,176-8028,7,8,12,0.95,2026-01-01,S. Brooks
B026,PT00012,1U-3302,7,10,12,0.95,2026-01-01,D. Carter-Lee
B026,PT01770,221-8133,4,5,7,0.95,2026-01-01,D. Carter-Lee
B026,PT01571,235-7441,2,3,4,0.93,2026-01-01,K. Nguyen
B026,PT02409,253-5900,6,8,10,0.95,2026-01-01,J. Thompson
B026,PT02198,254-2360,5,6,7,0.95,2026-01-01,D. Carter-Lee
B026,PT00275,266-6447,5,7,11,0.94,2026-01-01,K. Nguyen
B026,PT02304,2A-9546,5,7,9,0.95,2026-01-01,S. Brooks
B026,PT01655,310-3495,2,3,4,0.9,2026-01-01,D. Carter-Lee
B026,PT01782,313-9046,3,4,6,0.95,2026-01-01,J. Thompson
B026,PT02462,317-5745,3,4,5,0.95,2026-01-01,D. Carter-Lee
B026,PT01521,322-6208,1,2,3,0.93,2026-01-01,S. Brooks
B026,PT00006,326-1644,5,6,9,0.97,2026-01-01,S. Brooks
B026,PT01732,327-4983,4,5,7,0.95,2026-01-01,S. Brooks
B026,PT02187,341-0871,8,11,13,0.95,2026-01-01,D. Carter-Lee
B026,PT00204,348-9434,2,3,4,0.94,2026-01-01,S. Brooks
B026,PT01752,381-9338,4,5,7,0.95,2026-01-01,D. Carter-Lee
B026,PT01673,387-8186,2,3,4,0.9,2026-01-01,S. Brooks
B026,PT01160,3S-2699,2,3,4,0.93,2026-01-01,M. Patel
B026,PT02298,3X-3768,5,6,8,0.95,2026-01-01,R. Alvarez
B026,PT02437,416-2560,7,9,11,0.95,2026-01-01,S. Brooks
B026,PT02297,429-1039,7,9,11,0.95,2026-01-01,D. Carter-Lee
B026,PT00559,439-1215,5,6,7,0.95,2026-01-01,S. Brooks
B026,PT02200,442-2577,4,5,6,0.95,2026-01-01,R. Alvarez
B026,PT02199,456-8837,6,7,9,0.95,2026-01-01,J. Thompson
B026,PT01756,463-8547,4,5,7,0.95,2026-01-01,S. Brooks
B026,PT01769,464-9313,4,5,6,0.95,2026-01-01,J. Thompson
B026,PT04117,479-6420,11,16,25,0.9,2026-01-01,R. Alvarez
B026,PT00232,498-2403,2,3,4,0.94,2026-01-01,S. Brooks
B026,PT01768,4U-7658,3,4,5,0.95,2026-01-01,K. Nguyen
B026,PT02430,516-9099,5,6,8,0.95,2026-01-01,R. Alvarez
B026,PT00359,534-8508,5,6,8,0.95,2026-01-01,M. Patel
B026,PT01664,560-8743,3,4,5,0.9,2026-01-01,S. Brooks
B026,PT01069,565-4682,2,3,4,0.97,2026-01-01,S. Brooks
B026,PT00532,574-2897,6,8,9,0.95,2026-01-01,D. Carter-Lee
B026,PT04415,576-2232,26,28,37,0.95,2026-01-01,M. Patel
B026,PT03815,581-6000,1,2,3,0.88,2026-01-01,R. Alvarez
B026,PT04075,590-9845,9,11,18,0.9,2026-01-01,D. Carter-Lee
B026,PT01713,5G-7485,5,6,9,0.9,2026-01-01,D. Carter-Lee
B026,PT00553,5L-3208,3,4,5,0.95,2026-01-01,J. Thompson
B026,PT00566,5W-8398,6,7,10,0.95,2026-01-01,R. Alvarez
B026,PT01702,5X-1136,3,4,6,0.9,2026-01-01,J. Thompson
B026,PT02496,5Y-7750,2,3,4,0.97,2026-01-01,S. Brooks
B026,PT00965,7C-1156,1,2,3,0.97,2026-01-01,R. Alvarez
B026,PT00470,7F-4270,4,5,7,0.95,2026-01-01,M. Patel
B026,PT03384,7F-5055,2,3,4,0.97,2026-01-01,R. Alvarez
B026,PT01389,7F-9441,1,2,3,0.93,2026-01-01,M. Patel
B026,PT01794,7K-3204,2,3,4,0.95,2026-01-01,D. Carter-Lee
B026,PT00576,7K-9340,4,5,7,0.95,2026-01-01,R. Alvarez
B026,PT02130,7X-8059,2,3,4,0.94,2026-01-01,K. Nguyen
B026,PT01688,8A-3578,4,5,8,0.9,2026-01-01,S. Brooks
B026,PT01773,8M-9527,3,4,6,0.95,2026-01-01,K. Nguyen
B026,PT01703,8V-7043,3,4,6,0.9,2026-01-01,R. Alvarez
B026,PT02453,8X-8177,6,7,10,0.95,2026-01-01,R. Alvarez
B026,PT04416,9I-8063,6,7,9,0.95,2026-01-01,M. Patel
B026,PT01497,9L-6881,2,3,4,0.93,2026-01-01,M. Patel
B026,PT02456,9N-1029,4,5,7,0.95,2026-01-01,K. Nguyen
B026,PT02406,9N-8801,7,10,12,0.95,2026-01-01,R. Alvarez
B026,PT01695,9P-3656,2,3,4,0.9,2026-01-01,S. Brooks
B026,PT01767,9W-1718,4,5,8,0.95,2026-01-01,D. Carter-Lee
B027,PT00694,117-2314,2,3,4,0.97,2026-01-01,J. Thompson
B027,PT00558,144-5261,6,7,9,0.95,2026-01-01,K. Nguyen
B027,PT02432,166-3145,3,4,5,0.95,2026-01-01,R. Alvarez
B027,PT01700,168-0107,3,4,6,0.9,2026-01-01,R. Alvarez
B027,PT02106,196-6747,3,4,7,0.94,2026-01-01,R. Alvarez
B027,PT03390,1M-5540,1,2,3,0.97,2026-01-01,S. Brooks
B027,PT02211,1M-7499,3,4,5,0.95,2026-01-01,J. Thompson
B027,PT01675,1W-6367,3,4,5,0.9,2026-01-01,R. Alvarez
B027,PT04413,1X-9099,7,8,11,0.95,2026-01-01,S. Brooks
B027,PT01770,221-8133,2,3,4,0.95,2026-01-01,S. Brooks
B027,PT00426,244-9475,5,6,8,0.95,2026-01-01,R. Alvarez
B027,PT00468,250-4496,4,5,7,0.95,2026-01-01,J. Thompson
B027,PT02409,253-5900,14,21,28,0.95,2026-01-01,M. Patel
B027,PT02306,276-2675,3,4,5,0.95,2026-01-01,M. Patel
B027,PT01671,2J-3646,3,4,6,0.9,2026-01-01,S. Brooks
B027,PT00417,2M-4045,5,6,8,0.95,2026-01-01,K. Nguyen
B027,PT01782,313-9046,2,3,4,0.95,2026-01-01,M. Patel
B027,PT00127,316-3094,3,4,6,0.94,2026-01-01,R. Alvarez
B027,PT01521,322-6208,1,2,3,0.93,2026-01-01,K. Nguyen
B027,PT00006,326-1644,4,5,7,0.97,2026-01-01,K. Nguyen
B027,PT01788,360-8758,3,4,6,0.95,2026-01-01,K. Nguyen
B027,PT01662,3H-9460,6,8,16,0.9,2026-01-01,D. Carter-Lee
B027,PT01686,3I-7396,3,4,6,0.9,2026-01-01,J. Thompson
B027,PT01791,400-9896,4,5,7,0.95,2026-01-01,R. Alvarez
B027,PT01711,434-8666,3,4,6,0.9,2026-01-01,R. Alvarez
B027,PT00657,469-0130,1,2,3,0.97,2026-01-01,J. Thompson
B027,PT00516,4E-4104,4,5,7,0.95,2026-01-01,R. Alvarez
B027,PT00306,4G-0469,3,4,6,0.94,2026-01-01,J. Thompson
B027,PT01764,4G-8533,3,4,5,0.95,2026-01-01,M. Patel
B027,PT00194,4G-8671,3,4,7,0.94,2026-01-01,S. Brooks
B027,PT01666,4P-9554,5,6,10,0.9,2026-01-01,D. Carter-Lee
B027,PT04414,4S-5275,15,16,19,0.95,2026-01-01,S. Brooks
B027,PT01761,4U-9900,2,3,4,0.95,2026-01-01,J. Thompson
B027,PT00571,4Y-1198,2,3,4,0.95,2026-01-01,M. Patel
B027,PT04074,509-8769,9,11,19,0.9,2026-01-01,J. Thompson
B027,PT01553,534-1672,2,3,4,0.93,2026-01-01,M. Patel
B027,PT01762,552-9738,4,5,6,0.95,2026-01-01,S. Brooks
B027,PT01763,564-5379,3,4,5,0.95,2026-01-01,D. Carter-Lee
B027,PT00252,579-9873,3,4,6,0.94,2026-01-01,M. Patel
B027,PT01724,584-6764,4,5,7,0.95,2026-01-01,R. Alvarez
B027,PT01171,5C-1054,1,2,3,0.93,2026-01-01,J. Thompson
B027,PT01735,6B-1745,4,5,7,0.95,2026-01-01,D. Carter-Lee
B027,PT00366,6F-8470,4,5,6,0.95,2026-01-01,D. Carter-Lee
B027,PT01792,6X-0708,3,4,5,0.95,2026-01-01,R. Alvarez
B027,PT01690,7D-1694,3,4,5,0.9,2026-01-01,S. Brooks
B027,PT00386,7E-9446,4,5,7,0.95,2026-01-01,S. Brooks
B027,PT00576,7K-9340,5,6,8,0.95,2026-01-01,J. Thompson
B027,PT02575,7L-3233,2,3,4,0.97,2026-01-01,K. Nguyen
B027,PT01680,7M-0368,2,3,4,0.9,2026-01-01,K. Nguyen
B027,PT03666,8A-3426,1,2,3,0.93,2026-01-01,K. Nguyen
B027,PT01750,8N-2339,2,3,4,0.95,2026-01-01,M. Patel
B027,PT02309,9A-4147,7,10,12,0.95,2026-01-01,J. Thompson
B027,PT04416,9I-8063,6,7,9,0.95,2026-01-01,K. Nguyen
B027,PT01493,9X-5974,1,2,3,0.93,2026-01-01,M. Patel
B028,PT00298,101-5516,3,4,6,0.94,2026-01-01,K. Nguyen
B028,PT01469,110-7887,2,3,4,0.97,2026-01-01,J. Thompson
B028,PT03132,145-8912,1,2,3,0.97,2026-01-01,D. Carter-Lee
B028,PT00360,169-4552,6,8,10,0.95,2026-01-01,D. Carter-Lee
B028,PT02461,176-8028,6,7,10,0.95,2026-01-01,S. Brooks
B028,PT01737,192-7585,3,4,5,0.95,2026-01-01,R. Alvarez
B028,PT02271,1F-9603,4,5,7,0.95,2026-01-01,M. Patel
B028,PT03056,1J-3702,1,2,3,0.97,2026-01-01,S. Brooks
B028,PT00002,1R-0751,4,5,6,0.97,2026-01-01,S. Brooks
B028,PT01675,1W-6367,2,3,4,0.9,2026-01-01,J. Thompson
B028,PT04413,1X-9099,16,17,21,0.95,2026-01-01,M. Patel
B028,PT02385,216-3981,9,15,20,0.9,2026-01-01,R. Alvarez
B028,PT00452,271-3568,4,5,7,0.95,2026-01-01,D. Carter-Lee
B028,PT01800,276-7397,3,4,5,0.95,2026-01-01,S. Brooks
B028,PT02986,284-4149,2,3,4,0.97,2026-01-01,J. Thompson
B028,PT01928,2L-6710,3,4,6,0.9,2026-01-01,J. Thompson
B028,PT00283,2N-3570,2,3,5,0.94,2026-01-01,R. Alvarez
B028,PT01634,305-3418,2,3,4,0.93,2026-01-01,M. Patel
B028,PT01782,313-9046,2,3,4,0.95,2026-01-01,D. Carter-Lee
B028,PT01661,336-7119,3,4,6,0.9,2026-01-01,D. Carter-Lee
B028,PT01788,360-8758,3,4,5,0.95,2026-01-01,K. Nguyen
B028,PT00594,394-1806,2,3,4,0.97,2026-01-01,R. Alvarez
B028,PT00418,399-0555,11,14,17,0.95,2026-01-01,J. Thompson
B028,PT02301,3B-7031,4,5,7,0.95,2026-01-01,J. Thompson
B028,PT02417,3D-0476,7,9,11,0.95,2026-01-01,D. Carter-Lee
B028,PT01696,3D-0644,3,4,6,0.9,2026-01-01,R. Alvarez
B028,PT01173,3N-7270,2,3,4,0.93,2026-01-01,M. Patel
B028,PT02298,3X-3768,4,5,6,0.95,2026-01-01,S. Brooks
B028,PT01791,400-9896,3,4,5,0.95,2026-01-01,M. Patel
B028,PT00546,407-5064,8,11,14,0.95,2026-01-01,R. Alvarez
B028,PT00511,425-0335,9,11,16,0.95,2026-01-01,K. Nguyen
B028,PT00453,439-7099,10,14,18,0.95,2026-01-01,J. Thompson
B028,PT01769,464-9313,8,12,18,0.95,2026-01-01,J. Thompson
B028,PT01723,473-1556,3,4,6,0.9,2026-01-01,S. Brooks
B028,PT00514,496-8173,6,7,10,0.95,2026-01-01,J. Thompson
B028,PT02312,4I-6960,6,8,10,0.95,2026-01-01,J. Thompson
B028,PT00438,548-2215,6,7,10,0.95,2026-01-01,R. Alvarez
B028,PT02415,549-9214,5,6,9,0.95,2026-01-01,M. Patel
B028,PT00529,563-9831,3,4,5,0.95,2026-01-01,D. Carter-Lee
B028,PT00328,574-8971,2,3,5,0.94,2026-01-01,K. Nguyen
B028,PT02420,586-8667,5,6,9,0.95,2026-01-01,D. Carter-Lee
B028,PT01691,5F-3363,3,4,7,0.9,2026-01-01,R. Alvarez
B028,PT02463,5K-8490,6,7,10,0.95,2026-01-01,R. Alvarez
B028,PT00448,5V-1821,6,7,10,0.95,2026-01-01,M. Patel
B028,PT01667,6F-3055,3,5,7,0.9,2026-01-01,S. Brooks
B028,PT02435,6J-8612,4,5,6,0.95,2026-01-01,D. Carter-Lee
B028,PT03000,6P-8307,1,2,3,0.97,2026-01-01,D. Carter-Lee
B028,PT00486,6R-9118,10,13,16,0.95,2026-01-01,D. Carter-Lee
B028,PT01745,6V-2966,5,6,8,0.95,2026-01-01,S. Brooks
B028,PT02257,7B-3852,3,4,5,0.95,2026-01-01,S. Brooks
B028,PT00380,7F-6057,4,5,7,0.95,2026-01-01,R. Alvarez
B028,PT00576,7K-9340,6,7,10,0.95,2026-01-01,M. Patel
B028,PT01665,7P-1666,3,4,5,0.9,2026-01-01,D. Carter-Lee
B028,PT01716,7Y-6494,4,5,7,0.9,2026-01-01,K. Nguyen
B028,PT01688,8A-3578,5,7,14,0.9,2026-01-01,R. Alvarez
B028,PT00545,8C-8423,8,9,14,0.95,2026-01-01,S. Brooks
B028,PT00112,8I-9167,3,4,7,0.94,2026-01-01,D. Carter-Lee
B028,PT01703,8V-7043,3,4,5,0.9,2026-01-01,M. Patel
B028,PT01577,9D-1816,1,2,3,0.93,2026-01-01,S. Brooks
B028,PT04416,9I-8063,7,8,12,0.95,2026-01-01,R. Alvarez
B028,PT02406,9N-8801,5,6,7,0.95,2026-01-01,S. Brooks
