product_id,product_name,product_category_id,product_family_id,criticality,lifecycle_status
P001,CAT 301.7,PC001,PF001,Medium,Current
P002,CAT 303 CR,PC001,PF001,Medium,Current
P003,CAT 305 CR,PC001,PF001,Medium,Current
P004,CAT 308 CR,PC001,PF001,Medium,Legacy
P005,CAT 313,PC002,PF001,High,Current
P006,CAT 315,PC002,PF001,High,Current
P007,CAT 320,PC002,PF001,High,Current
P008,CAT 323,PC002,PF001,High,Legacy
P009,CAT 326,PC002,PF001,High,Current
P010,CAT 330,PC002,PF001,High,Legacy
P011,CAT 336,PC002,PF001,High,Legacy
P012,CAT 352,PC002,PF001,High,Current
P013,CAT 395,PC002,PF001,High,Current
P014,CAT M318,PC003,PF001,Medium,Legacy
P015,CAT M320,PC003,PF001,Medium,Current
P016,CAT 416,PC004,PF001,Medium,Current
P017,CAT 420,PC004,PF001,Medium,Current
P018,CAT 430,PC004,PF001,Medium,Current
P019,CAT 440,PC004,PF001,Medium,Legacy
P020,CAT D3,PC005,PF002,High,Current
P021,CAT D4,PC005,PF002,High,Current
P022,CAT D5,PC005,PF002,High,Current
P023,CAT D6,PC005,PF002,High,Current
P024,CAT D6 XE,PC005,PF002,High,Current
P025,CAT D8,PC005,PF002,High,Current
P026,CAT D9,PC005,PF002,High,Current
P027,CAT D10,PC005,PF002,High,Current
P028,CAT D11,PC005,PF002,High,Current
P029,CAT 906,PC006,PF002,High,Legacy
P030,CAT 908,PC006,PF002,High,Current
P031,CAT 926,PC006,PF002,High,Current
P032,CAT 938,PC006,PF002,High,Legacy
P033,CAT 950,PC006,PF002,High,Legacy
P034,CAT 966,PC006,PF002,High,Current
P035,CAT 972,PC006,PF002,High,Current
P036,CAT 980,PC006,PF002,High,Current
P037,CAT 988,PC006,PF002,High,Current
P038,CAT 120,PC007,PF002,High,Current
P039,CAT 140,PC007,PF002,High,Current
P040,CAT 150,PC007,PF002,High,Current
P041,CAT 160,PC007,PF002,High,Current
P042,CAT 18,PC007,PF002,High,Current
P043,CAT 725,PC008,PF002,High,Legacy
P044,CAT 730,PC008,PF002,High,Current
P045,CAT 745,PC008,PF002,High,Current
P046,CAT 770,PC009,PF002,High,Legacy
P047,CAT 772,PC009,PF002,High,Legacy
P048,CAT 775,PC009,PF002,High,Legacy
P049,CAT 777,PC009,PF002,High,Current
P050,CAT 953,PC010,PF002,Medium,Current
P051,CAT 963,PC010,PF002,Medium,Current
P052,CAT 973,PC010,PF002,Medium,Current
P053,CAT 226,PC011,PF003,Low,Current
P054,CAT 236,PC011,PF003,Low,Current
P055,CAT 246,PC011,PF003,Low,Legacy
P056,CAT 262,PC011,PF003,Low,Legacy
P057,CAT 272,PC011,PF003,Low,Current
P058,CAT 239,PC012,PF003,Medium,Current
P059,CAT 259,PC012,PF003,Medium,Current
P060,CAT 279,PC012,PF003,Medium,Legacy
P061,CAT 289,PC012,PF003,Medium,Current
P062,CAT 299,PC012,PF003,Medium,Current
P063,CAT TH255C,PC013,PF003,Low,Current
P064,CAT TH357D,PC013,PF003,Low,Current
P065,CAT TL943,PC013,PF003,Low,Legacy
P066,CAT TL1055,PC013,PF003,Low,Legacy
P067,CAT TL1255,PC013,PF003,Low,Legacy
P068,CAT C9.3B,PC014,PF004,High,Current
P069,CAT C15,PC014,PF004,High,Current
P070,CAT C18,PC014,PF004,High,Current
P071,CAT C32,PC014,PF004,High,Current
P072,CAT 3516,PC014,PF004,High,Legacy
P073,CAT C4.4,PC015,PF004,Medium,Legacy
P074,CAT C7.1,PC015,PF004,Medium,Current
P075,CAT C13,PC015,PF004,Medium,Current
P076,CAT C18 ACERT,PC015,PF004,Medium,Current
P077,CAT AP400,PC016,PF005,Medium,Current
P078,CAT AP555,PC016,PF005,Medium,Current
P079,CAT AP1055,PC016,PF005,Medium,Legacy
P080,CAT PM310,PC017,PF005,Medium,Legacy
P081,CAT PM620,PC017,PF005,Medium,Current
P082,CAT PM822,PC017,PF005,Medium,Current
P083,CAT CB2.7,PC018,PF005,Low,Current
P084,CAT CB10,PC018,PF005,Low,Legacy
P085,CAT CS56B,PC018,PF005,Low,Current
P086,CAT CS66B,PC018,PF005,Low,Current
P087,CAT CW34,PC018,PF005,Low,Current
P088,CAT RM400,PC019,PF005,Medium,Legacy
P089,CAT RM600,PC019,PF005,Medium,Legacy
P090,CAT PL61,PC020,PF002,Medium,Legacy
P091,CAT PL72,PC020,PF002,Medium,Current
P092,CAT PL87,PC020,PF002,Medium,Current
P093,CAT MH3024,PC021,PF003,Medium,Current
P094,CAT MH3026,PC021,PF003,Medium,Current
P095,CAT MH3040,PC021,PF003,Medium,Current
P096,CAT G3516,PC022,PF004,High,Legacy
P097,CAT G3520,PC022,PF004,High,Current
P098,CAT 793,PC023,PF006,High,Current
P099,CAT 794 AC,PC023,PF006,High,Current
P100,CAT 795,PC023,PF006,High,Current
P101,CAT 797F,PC023,PF006,High,Current
P102,CAT 6015B,PC024,PF006,High,Current
P103,CAT 6020B,PC024,PF006,High,Current
P104,CAT 6030,PC024,PF006,High,Current
P105,CAT 6040,PC024,PF006,High,Current
P106,CAT 6060,PC024,PF006,High,Current
P107,CAT 7495,PC025,PF006,High,Current
P108,CAT MD6250,PC026,PF006,High,Current
P109,CAT MD6310,PC026,PF006,High,Current
P110,CAT R1300G,PC027,PF007,High,Current
P111,CAT R1700,PC027,PF007,High,Current
P112,CAT R2900,PC027,PF007,High,Current
P113,CAT AD22,PC028,PF007,High,Current
P114,CAT AD45,PC028,PF007,High,Legacy
P115,CAT AD60,PC028,PF007,High,Current
P116,CAT 525D,PC029,PF008,Medium,Current
P117,CAT 535D,PC029,PF008,Medium,Current
P118,CAT 545D,PC029,PF008,Medium,Current
P119,CAT 521B,PC030,PF008,Medium,Current
P120,CAT 522B,PC030,PF008,Medium,Current
P121,CAT 558,PC031,PF008,Medium,Current
P122,CAT 568,PC031,PF008,Medium,Current
P123,CAT H95,PC032,PF009,Low,Legacy
P124,CAT H110,PC032,PF009,Low,Current
P125,CAT H120,PC032,PF009,Low,Current
P126,CAT H140,PC032,PF009,Low,Current
P127,CAT A14B Auger,PC033,PF009,Low,Current
P128,CAT G115B Grapple,PC033,PF009,Low,Current
P129,CAT G120B Grapple,PC033,PF009,Low,Legacy
P130,CAT C18 Marine,PC034,PF010,High,Current
P131,CAT C32 Marine,PC034,PF010,High,Current
P132,CAT 3512E Marine,PC034,PF010,High,Current
P133,CAT 3512E Well Service,PC035,PF010,High,Current
P134,CAT 3516E Well Service,PC035,PF010,High,Current
